timestamp,type,symbol,quantity,entry_price,exit_price,position_value,margin_used,pnl,position_duration,balance_before,balance_after
2025-12-22T05:04:00.079212,BUY,0GUSDT,65.9,,,49.99174000000001,0.9998348000000001,-0.9998348000000001,,1000.0,999.0001652
2025-12-22T05:04:01.344631,BUY,1000000BABYDOGEUSDT,85300.0,,,49.95168,1.9980672000000002,-1.9980672000000002,,999.0001652,997.0020979999999
2025-12-22T05:04:02.647174,BUY,1000BONKUSDT,6200.0,,,50.17659999999999,1.0035319999999999,-1.0035319999999999,,997.0020979999999,995.998566
2025-12-22T05:04:03.838594,BUY,1000BTTUSDT,126000.0,,,49.8078,3.984624,-3.984624,,995.998566,992.0139419999999
2025-12-22T05:04:05.041092,BUY,1000CATUSDT,19270.0,,,49.60098,1.9840392,-1.9840392,,992.0139419999999,990.0299028
2025-12-22T05:04:06.284008,BUY,1000NEIROCTOUSDT,468.0,,,49.51908,0.9903816000000001,-0.9903816000000001,,990.0299028,989.0395212
2025-12-22T05:04:07.565582,BUY,1000PEPEUSDT,12400.0,,,49.3892,0.987784,-0.987784,,989.0395212,988.0517371999999
2025-12-22T05:04:08.957297,BUY,1000RATSUSDT,1220.0,,,49.5076,2.47538,-2.47538,,988.0517371999999,985.5763572
2025-12-22T05:04:10.314674,BUY,1000TAGUSDT,106.0,,,49.343,9.8686,-9.8686,,985.5763572,975.7077572
2025-12-22T05:04:11.701232,BUY,1000TOSHIUSDT,150.0,,,48.9,0.978,-0.978,,975.7077572,974.7297572
2025-12-22T05:04:12.910995,BUY,1000TURBOUSDT,29.0,,,48.7171,1.948684,-1.948684,,974.7297572,972.7810732
2025-12-22T05:04:14.091029,BUY,1000XECUSDT,4740.0,,,48.6561,3.892488,-3.892488,,972.7810732,968.8885852000001
2025-12-22T05:04:15.332001,BUY,2ZUSDT,449.0,,,48.47404,0.9694808,-0.9694808,,968.8885852000001,967.9191044
2025-12-22T05:04:16.599517,BUY,ACHUSDT,6290.0,,,48.433,1.93732,-1.93732,,967.9191044,965.9817844
2025-12-22T05:04:17.813139,BUY,ACTUSDT,1474.0,,,48.288239999999995,2.4144119999999996,-2.4144119999999996,,965.9817844,963.5673724000001
2025-12-22T05:04:19.407521,BUY,ADAUSDT,132.0,,,48.0612,0.6408159999999999,-0.6408159999999999,,963.5673724000001,962.9265564000001
2025-12-22T05:04:20.616280,BUY,AEROUSDT,97.0,,,48.1896,1.927584,-1.927584,,962.9265564000001,960.9989724000001
2025-12-22T05:04:21.807918,BUY,AEVOUSDT,1348.6,,,48.050618,1.92202472,-1.92202472,,960.9989724000001,959.0769476800001
2025-12-22T05:04:23.042182,BUY,AIOUSDT,430.0,,,47.493500000000004,3.7994800000000004,-3.7994800000000004,,959.0769476800001,955.2774676800001
2025-12-22T05:04:24.249375,BUY,AIXBTUSDT,1650.0,,,47.784,1.91136,-1.91136,,955.2774676800001,953.3661076800001
2025-12-22T05:04:25.441508,BUY,AKEUSDT,123900.0,,,47.676719999999996,1.9070687999999998,-1.9070687999999998,,953.3661076800001,951.4590388800001
2025-12-22T05:04:26.664104,BUY,AKTUSDT,129.4,,,47.56744,1.9026976,-1.9026976,,951.4590388800001,949.5563412800001
2025-12-22T05:04:27.874370,BUY,ALCHUSDT,263.0,,,47.56092,2.3780460000000003,-2.3780460000000003,,949.5563412800001,947.17829528
2025-12-22T05:04:29.089984,BUY,ALGOUSDT,425.0,,,47.353500000000004,0.9470700000000001,-0.9470700000000001,,947.17829528,946.23122528
2025-12-22T05:04:30.343692,BUY,ALTUSDT,4139.0,,,47.308769999999996,1.8923507999999998,-1.8923507999999998,,946.23122528,944.33887448
2025-12-22T05:04:31.583151,BUY,ANKRUSDT,7349.0,,,47.217325,1.8886930000000002,-1.8886930000000002,,944.33887448,942.45018148
2025-12-22T05:04:32.786732,BUY,APEUSDT,236.2,,,47.121900000000004,0.9424380000000001,-0.9424380000000001,,942.45018148,941.5077434799999
2025-12-22T05:04:34.100097,BUY,API3USDT,113.7,,,47.08317,1.8833268,-1.8833268,,941.5077434799999,939.62441668
2025-12-22T05:04:35.512276,BUY,APTUSDT,29.85,,,46.983900000000006,0.9396780000000001,-0.9396780000000001,,939.62441668,938.68473868
2025-12-22T05:04:36.877007,BUY,ARCUSDT,1082.0,,,46.91552,3.7532416,-3.7532416,,938.68473868,934.93149708
2025-12-22T05:04:38.216373,BUY,ARKMUSDT,247.0,,,46.831199999999995,0.9366239999999999,-0.9366239999999999,,934.93149708,933.9948730799999
2025-12-22T05:04:39.529591,BUY,ARKUSDT,183.0,,,46.5735,1.86294,-1.86294,,933.9948730799999,932.13193308
2025-12-22T05:04:40.993764,BUY,ASTRUSDT,4644.0,,,46.607184,1.8642873599999998,-1.8642873599999998,,932.13193308,930.2676457199999
2025-12-22T05:04:42.320904,BUY,ATHUSDT,4920.0,,,46.503840000000004,1.8601536,-1.8601536,,930.2676457199999,928.4074921199999
2025-12-22T05:04:43.747214,BUY,ATOMUSDT,24.0,,,46.367999999999995,0.6182399999999999,-0.6182399999999999,,928.4074921199999,927.7892521199999
2025-12-22T05:04:45.072456,BUY,ATUSDT,467.0,,,46.43381,2.3216905,-2.3216905,,927.7892521199999,925.4675616199999
2025-12-22T05:04:46.392599,BUY,AUCTIONUSDT,9.5,,,46.132,1.8452799999999998,-1.8452799999999998,,925.4675616199999,923.6222816199999
2025-12-22T05:04:48.153409,BUY,AVAAIUSDT,4675.0,,,46.184325,2.30921625,-2.30921625,,923.6222816199999,921.3130653699999
2025-12-22T05:04:49.480646,BUY,AVAXUSDT,3.8,,,45.9002,0.9180039999999999,-0.9180039999999999,,921.3130653699999,920.3950613699999
2025-12-22T05:04:50.811845,BUY,AVLUSDT,588.0,,,45.99923999999999,2.299962,-2.299962,,920.3950613699999,918.0950993699998
2025-12-22T05:04:52.215995,BUY,AXSUSDT,54.4,,,45.88096,0.9176192000000001,-0.9176192000000001,,918.0950993699998,917.1774801699999
2025-12-22T05:04:53.654892,BUY,BANANAUSDT,7.37,,,45.87825,1.8351300000000001,-1.8351300000000001,,917.1774801699999,915.3423501699998
2025-12-22T05:04:55.462625,BUY,BATUSDT,221.0,,,45.7691,1.830764,-1.830764,,915.3423501699998,913.5115861699998
2025-12-22T05:04:56.786606,BUY,BCHUSDT,0.08,,,46.496,0.9299200000000001,-0.9299200000000001,,913.5115861699998,912.5816661699997
2025-12-22T05:04:58.354312,BUY,BEATUSDT,11.0,,,44.045100000000005,1.7618040000000001,-1.7618040000000001,,912.5816661699997,910.8198621699997
2025-12-22T05:04:59.806551,BUY,BIOUSDT,1093.0,,,45.52345,0.910469,-0.910469,,910.8198621699997,909.9093931699997
2025-12-22T05:05:01.139409,BUY,BLASTUSDT,61460.0,,,45.498838000000006,2.2749419000000004,-2.2749419000000004,,909.9093931699997,907.6344512699997
2025-12-22T05:05:02.460729,BUY,BLESSUSDT,4200.0,,,45.36,3.6288,-3.6288,,907.6344512699997,904.0056512699997
2025-12-22T05:05:03.772439,BUY,BLUAIUSDT,10380.0,,,45.18414,1.8073656,-1.8073656,,904.0056512699997,902.1982856699997
2025-12-22T05:05:05.161256,BUY,BNBUSDT,0.05,,,42.725,0.8545,-0.8545,,902.1982856699997,901.3437856699996
2025-12-22T05:05:06.499297,BUY,BOBBOBUSDT,3600.0,,,45.0936,2.25468,-2.25468,,901.3437856699996,899.0891056699996
2025-12-22T05:05:07.780621,BUY,BOMEUSDT,77500.0,,,44.95,0.899,-0.899,,899.0891056699996,898.1901056699996
2025-12-22T05:05:09.099763,BUY,BRETTUSDT,3230.0,,,44.929300000000005,0.8985860000000001,-0.8985860000000001,,898.1901056699996,897.2915196699996
2025-12-22T05:05:10.493467,BUY,BSUUSDT,320.0,,,44.8672,8.97344,-8.97344,,897.2915196699996,888.3180796699996
2025-12-22T05:05:11.821947,BUY,BTCUSDT,0.001,,,88.3438,0.8834380000000001,-0.8834380000000001,,888.3180796699996,887.4346416699997
2025-12-22T05:05:13.171537,BUY,BUSDT,209.0,,,44.27456,3.5419648,-3.5419648,,887.4346416699997,883.8926768699997
2025-12-22T05:05:14.508115,BUY,C98USDT,2016.2,,,44.195104,1.76780416,-1.76780416,,883.8926768699997,882.1248727099997
2025-12-22T05:05:15.880231,BUY,CAMPUSDT,6132.0,,,44.107476,1.76429904,-1.76429904,,882.1248727099997,880.3605736699998
2025-12-22T05:05:17.213786,BUY,CATIUSDT,727.0,,,44.027120000000004,2.201356,-2.201356,,880.3605736699998,878.1592176699997
2025-12-22T05:05:18.521386,BUY,CCUSDT,468.0,,,43.90776,1.7563104,-1.7563104,,878.1592176699997,876.4029072699998
2025-12-22T05:05:19.812561,BUY,CELOUSDT,367.9,,,43.816889999999994,1.7526755999999997,-1.7526755999999997,,876.4029072699998,874.6502316699998
2025-12-22T05:05:21.182094,BUY,CFXUSDT,618.0,,,43.72968,1.7491872000000002,-1.7491872000000002,,874.6502316699998,872.9010444699998
2025-12-22T05:05:22.475294,BUY,CGPTUSDT,1535.0,,,43.64005,1.745602,-1.745602,,872.9010444699998,871.1554424699998
2025-12-22T05:05:23.807340,BUY,CHRUSDT,1056.7,,,43.557174,2.1778587000000003,-2.1778587000000003,,871.1554424699998,868.9775837699998
2025-12-22T05:05:25.183843,BUY,CKBUSDT,18360.0,,,43.45812,1.7383248,-1.7383248,,868.9775837699998,867.2392589699998
2025-12-22T05:05:26.485424,BUY,CLANKERUSDT,1.45,,,43.4565,2.172825,-2.172825,,867.2392589699998,865.0664339699998
2025-12-22T05:05:27.936188,BUY,COMPUSDT,1.82,,,43.225,1.729,-1.729,,865.0664339699998,863.3374339699998
2025-12-22T05:05:29.245626,BUY,COOKIEUSDT,1116.0,,,43.17804,1.7271216,-1.7271216,,863.3374339699998,861.6103123699997
2025-12-22T05:05:30.572257,BUY,COREUSDT,350.0,,,43.0745,2.153725,-2.153725,,861.6103123699997,859.4565873699997
2025-12-22T05:05:31.880559,BUY,COTIUSDT,2083.0,,,42.97229,1.7188916,-1.7188916,,859.4565873699997,857.7376957699997
2025-12-22T05:05:33.606800,BUY,CROSSUSDT,360.0,,,42.9228,2.14614,-2.14614,,857.7376957699997,855.5915557699998
2025-12-22T05:05:35.361136,BUY,CTCUSDT,172.0,,,42.8624,1.714496,-1.714496,,855.5915557699998,853.8770597699997
2025-12-22T05:05:36.720769,BUY,CTSIUSDT,1321.0,,,42.70793,8.541585999999999,-8.541585999999999,,853.8770597699997,845.3354737699997
2025-12-22T05:05:38.030790,BUY,CUDISUSDT,1480.0,,,42.3428,2.11714,-2.11714,,845.3354737699997,843.2183337699997
2025-12-22T05:05:39.408035,BUY,CVXUSDT,24.46,,,42.16904,2.108452,-2.108452,,843.2183337699997,841.1098817699997
2025-12-22T05:05:40.741833,BUY,CYBERUSDT,61.3,,,42.06406,1.6825624,-1.6825624,,841.1098817699997,839.4273193699996
2025-12-22T05:05:42.095551,BUY,CYSUSDT,114.0,,,42.066,3.3652800000000003,-3.3652800000000003,,839.4273193699996,836.0620393699996
2025-12-22T05:05:43.733949,BUY,DOODUSDT,6240.0,,,41.795519999999996,3.3436415999999998,-3.3436415999999998,,836.0620393699996,832.7183977699997
2025-12-22T05:05:45.042148,BUY,DOTUSDT,23.1,,,41.58231000000001,0.8316462000000001,-0.8316462000000001,,832.7183977699997,831.8867515699997
2025-12-22T05:05:46.402970,BUY,DUSKUSDT,1056.0,,,41.6064,3.328512,-3.328512,,831.8867515699997,828.5582395699996
2025-12-22T05:05:47.745397,BUY,DYDXUSDT,255.1,,,41.428239999999995,0.8285647999999999,-0.8285647999999999,,828.5582395699996,827.7296747699996
2025-12-22T05:05:49.134339,BUY,EDUUSDT,269.4,,,41.379839999999994,2.0689919999999997,-2.0689919999999997,,827.7296747699996,825.6606827699997
2025-12-22T05:05:50.448259,BUY,EIGENUSDT,105.0,,,41.1705,0.82341,-0.82341,,825.6606827699997,824.8372727699997
2025-12-22T05:05:51.770129,BUY,ENAUSDT,196.0,,,41.2776,0.825552,-0.825552,,824.8372727699997,824.0117207699997
2025-12-22T05:05:53.126976,BUY,ENSUSDT,4.3,,,40.9833,0.819666,-0.819666,,824.0117207699997,823.1920547699997
2025-12-22T05:05:54.437955,BUY,EPICUSDT,64.0,,,41.1584,1.646336,-1.646336,,823.1920547699997,821.5457187699997
2025-12-22T05:05:55.741121,BUY,EPTUSDT,27870.0,,,41.08038,2.054019,-2.054019,,821.5457187699997,819.4916997699996
2025-12-22T05:05:57.113758,BUY,ETCUSDT,3.4,,,41.43579999999999,0.8287159999999999,-0.8287159999999999,,819.4916997699996,818.6629837699996
2025-12-22T05:05:58.603538,BUY,ETHBTCUSDT,1200.0,,,40.808400000000006,1.6323360000000002,-1.6323360000000002,,818.6629837699996,817.0306477699996
2025-12-22T05:05:59.916567,BUY,ETHFIUSDT,57.1,,,40.87218,1.6348872,-1.6348872,,817.0306477699996,815.3957605699997
2025-12-22T05:06:01.415145,BUY,FILUSDT,32.0,,,40.768,1.63072,-1.63072,,815.3957605699997,813.7650405699997
2025-12-22T05:06:02.743606,BUY,FLOCKUSDT,464.0,,,40.706720000000004,1.6282688,-1.6282688,,813.7650405699997,812.1367717699997
2025-12-22T05:06:04.055729,BUY,FLOWUSDT,236.2,,,40.602779999999996,1.6241111999999998,-1.6241111999999998,,812.1367717699997,810.5126605699996
2025-12-22T05:06:05.398783,BUY,FLUIDUSDT,15.7,,,40.506,1.62024,-1.62024,,810.5126605699996,808.8924205699997
2025-12-22T05:06:06.729187,BUY,FOLKSUSDT,8.16,,,40.4328,2.02164,-2.02164,,808.8924205699997,806.8707805699996
2025-12-22T05:06:08.124203,BUY,GALAUSDT,6589.0,,,40.344447,0.53792596,-0.53792596,,806.8707805699996,806.3328546099996
2025-12-22T05:06:09.453224,BUY,GASUSDT,22.4,,,40.38719999999999,1.6154879999999998,-1.6154879999999998,,806.3328546099996,804.7173666099995
2025-12-22T05:06:10.795472,BUY,GIGGLEUSDT,0.581,,,40.211009999999995,1.6084403999999999,-1.6084403999999999,,804.7173666099995,803.1089262099996
2025-12-22T05:06:12.122344,BUY,GLMUSDT,195.0,,,40.08615,1.6034460000000001,-1.6034460000000001,,803.1089262099996,801.5054802099996
2025-12-22T05:06:13.507432,BUY,GNOUSDT,0.33,,,40.0488,8.00976,-8.00976,,801.5054802099996,793.4957202099996
2025-12-22T05:06:14.908928,BUY,GRASSUSDT,134.0,,,39.6908,1.5876320000000002,-1.5876320000000002,,793.4957202099996,791.9080882099996
2025-12-22T05:06:16.320978,BUY,HANAUSDT,3950.0,,,39.5948,1.97974,-1.97974,,791.9080882099996,789.9283482099996
2025-12-22T05:06:17.652117,BUY,HBARUSDT,355.0,,,39.451150000000005,0.5260153333333334,-0.5260153333333334,,789.9283482099996,789.4023328766663
2025-12-22T05:06:18.958781,BUY,HEIUSDT,335.2,,,39.4698,1.97349,-1.97349,,789.4023328766663,787.4288428766663
2025-12-22T05:06:20.278267,BUY,HFTUSDT,1466.0,,,39.3621,2.3612537492501495,-2.3612537492501495,,787.4288428766663,785.0675891274161
2025-12-22T05:06:21.637736,BUY,HIPPOUSDT,43200.0,,,39.25584,1.9627919999999999,-1.9627919999999999,,785.0675891274161,783.1047971274161
2025-12-22T05:06:23.007765,BUY,HMSTRUSDT,187440.0,,,39.156216,1.56624864,-1.56624864,,783.1047971274161,781.538548487416
2025-12-22T05:06:24.460972,BUY,HPOS10IUSDT,1098.0,,,39.06684,3.1253471999999998,-3.1253471999999998,,781.538548487416,778.4132012874161
2025-12-22T05:06:25.802861,BUY,HUMAUSDT,1231.0,,,38.91191,1.5564764,-1.5564764,,778.4132012874161,776.8567248874161
2025-12-22T05:06:27.081567,BUY,HUSDT,270.0,,,39.025800000000004,1.9512900000000002,-1.9512900000000002,,776.8567248874161,774.9054348874162
2025-12-22T05:06:28.482999,BUY,ICNTUSDT,103.0,,,38.8207,1.941035,-1.941035,,774.9054348874162,772.9643998874161
2025-12-22T05:06:29.794965,BUY,ICPUSDT,12.7,,,38.6969,0.773938,-0.773938,,772.9643998874161,772.1904618874161
2025-12-22T05:06:31.256525,BUY,INJUSDT,8.5,,,38.7515,0.77503,-0.77503,,772.1904618874161,771.415431887416
2025-12-22T05:06:32.637502,BUY,IOUSDT,255.6,,,38.57004,1.5428016,-1.5428016,,771.415431887416,769.8726302874161
2025-12-22T05:06:33.943412,BUY,IPUSDT,24.8,,,38.55656,0.7711311999999999,-0.7711311999999999,,769.8726302874161,769.1014990874161
2025-12-22T05:06:35.276066,BUY,IRYSUSDT,1160.0,,,38.331039999999994,1.9165519999999998,-1.9165519999999998,,769.1014990874161,767.184947087416
2025-12-22T05:06:36.627347,BUY,JCTUSDT,18700.0,,,38.4098,1.536392,-1.536392,,767.184947087416,765.6485550874161
2025-12-22T05:06:37.943675,BUY,JELLYJELLYUSDT,568.0,,,38.299104,1.9149552,-1.9149552,,765.6485550874161,763.7335998874161
2025-12-22T05:06:39.276447,BUY,JSTUSDT,940.0,,,38.0888,1.523552,-1.523552,,763.7335998874161,762.2100478874161
2025-12-22T05:06:40.578885,BUY,JTOUSDT,108.2,,,38.09722,0.7619444,-0.7619444,,762.2100478874161,761.4481034874161
2025-12-22T05:06:42.417251,BUY,KITEUSDT,429.0,,,38.11665,0.762333,-0.762333,,761.4481034874161,760.6857704874161
2025-12-22T05:06:43.706438,BUY,KMNOUSDT,750.0,,,38.2425,1.5297,-1.5297,,760.6857704874161,759.1560704874161
2025-12-22T05:06:45.081482,BUY,LAUSDT,117.6,,,37.97304,1.5189215999999999,-1.5189215999999999,,759.1560704874161,757.6371488874161
2025-12-22T05:06:46.454913,BUY,LINEAUSDT,5740.0,,,37.90122,0.5053496000000001,-0.5053496000000001,,757.6371488874161,757.131799287416
2025-12-22T05:06:47.960116,BUY,LUMIAUSDT,392.9,,,37.855915,1.89279575,-1.89279575,,757.131799287416,755.239003537416
2025-12-22T05:06:49.369670,BUY,MANTAUSDT,523.7,,,37.764007,1.51056028,-1.51056028,,755.239003537416,753.728443257416
2025-12-22T05:06:50.681500,BUY,MAVIAUSDT,775.3,,,37.687332999999995,1.8843666499999998,-1.8843666499999998,,753.728443257416,751.844076607416
2025-12-22T05:06:52.011503,BUY,MAVUSDT,1447.0,,,37.59306,1.5037224,-1.5037224,,751.844076607416,750.340354207416
2025-12-22T05:06:53.329055,BUY,MBOXUSDT,1271.0,,,37.50721,1.8753605,-1.8753605,,750.340354207416,748.4649937074159
2025-12-22T05:06:54.647380,BUY,MELANIAUSDT,350.4,,,37.426224,1.4970489599999999,-1.4970489599999999,,748.4649937074159,746.9679447474159
2025-12-22T05:06:56.004265,BUY,MERLUSDT,89.9,,,37.36244000000001,1.4944976000000003,-1.4944976000000003,,746.9679447474159,745.4734471474159
2025-12-22T05:06:57.348458,BUY,METUSDT,153.4,,,37.2762,0.7455240000000001,-0.7455240000000001,,745.4734471474159,744.7279231474158
2025-12-22T05:06:59.227789,BUY,MEUSDT,171.0,,,37.2951,1.491804,-1.491804,,744.7279231474158,743.2361191474158
2025-12-22T05:07:00.542684,BUY,MEWUSDT,43900.0,,,37.139399999999995,0.7427879999999999,-0.7427879999999999,,743.2361191474158,742.4933311474158
2025-12-22T05:07:01.886951,BUY,MIRAUSDT,293.2,,,37.119119999999995,0.7423823999999999,-0.7423823999999999,,742.4933311474158,741.7509487474158
2025-12-22T05:07:03.192390,BUY,MLNUSDT,8.0,,,37.32,1.866,-1.866,,741.7509487474158,739.8849487474158
2025-12-22T05:07:04.991103,BUY,MONUSDT,1862.0,,,36.992354,0.73984708,-0.73984708,,739.8849487474158,739.1451016674158
2025-12-22T05:07:06.318529,BUY,MOODENGUSDT,517.0,,,36.95516,0.7391032,-0.7391032,,739.1451016674158,738.4059984674158
2025-12-22T05:07:07.659489,BUY,MORPHOUSDT,30.0,,,36.912,1.47648,-1.47648,,738.4059984674158,736.9295184674157
2025-12-22T05:07:08.938416,BUY,MOVEUSDT,1139.0,,,36.85804,1.4743216000000001,-1.4743216000000001,,736.9295184674157,735.4551968674157
2025-12-22T05:07:10.286422,BUY,MTLUSDT,106.9,,,36.784290000000006,1.8392145000000002,-1.8392145000000002,,735.4551968674157,733.6159823674157
2025-12-22T05:07:11.598141,BUY,MUBARAKUSDT,2420.0,,,36.6872,1.8343599999999998,-1.8343599999999998,,733.6159823674157,731.7816223674157
2025-12-22T05:07:12.907994,BUY,MUSDT,25.0,,,35.89,1.4356,-1.4356,,731.7816223674157,730.3460223674157
2025-12-22T05:07:14.269890,BUY,NEOUSDT,10.38,,,36.52722000000001,1.4610888000000002,-1.4610888000000002,,730.3460223674157,728.8849335674157
2025-12-22T05:07:15.585944,BUY,NFPUSDT,1637.2,,,36.444072,1.8222036,-1.8222036,,728.8849335674157,727.0627299674157
2025-12-22T05:07:16.958840,BUY,NMRUSDT,3.9,,,36.008700000000005,1.4403480000000002,-1.4403480000000002,,727.0627299674157,725.6223819674158
2025-12-22T05:07:18.435962,BUY,OGUSDT,2.9,,,35.8701,2.869608,-2.869608,,725.6223819674158,722.7527739674158
2025-12-22T05:07:19.730242,BUY,OKBUSDT,0.34,,,36.1896,1.447584,-1.447584,,722.7527739674158,721.3051899674158
2025-12-22T05:07:21.016517,BUY,OLUSDT,2318.0,,,36.068079999999995,1.8034039999999998,-1.8034039999999998,,721.3051899674158,719.5017859674158
2025-12-22T05:07:22.389543,BUY,OMUSDT,526.0,,,35.99418,0.7198836,-0.7198836,,719.5017859674158,718.7819023674158
2025-12-22T05:07:23.711458,BUY,ONDOUSDT,92.0,,,35.861599999999996,0.7172319999999999,-0.7172319999999999,,718.7819023674158,718.0646703674158
2025-12-22T05:07:25.135657,BUY,OPUSDT,132.1,,,35.904779999999995,0.7180956,-0.7180956,,718.0646703674158,717.3465747674159
2025-12-22T05:07:26.441301,BUY,ORCAUSDT,33.1,,,35.91019,1.4364076,-1.4364076,,717.3465747674159,715.9101671674158
2025-12-22T05:07:28.191143,BUY,OXTUSDT,1410.0,,,35.8986,2.871888,-2.871888,,715.9101671674158,713.0382791674158
2025-12-22T05:07:29.499629,BUY,PARTIUSDT,333.0,,,35.60769,1.7803844999999998,-1.7803844999999998,,713.0382791674158,711.2578946674158
2025-12-22T05:07:30.812213,BUY,PAXGUSDT,0.008,,,35.192800000000005,0.7038560000000001,-0.7038560000000001,,711.2578946674158,710.5540386674159
2025-12-22T05:07:32.197163,BUY,PEOPLEUSDT,3789.0,,,35.529453,1.4211781199999998,-1.4211781199999998,,710.5540386674159,709.1328605474158
2025-12-22T05:07:33.573953,BUY,PIXELUSDT,4578.0,,,35.45661,1.4182644,-1.4182644,,709.1328605474158,707.7145961474158
2025-12-22T05:07:34.874162,BUY,PLUMEUSDT,2100.0,,,35.385,0.7077,-0.7077,,707.7145961474158,707.0068961474158
2025-12-22T05:07:36.207000,BUY,POLUSDT,331.0,,,35.30115,0.470682,-0.470682,,707.0068961474158,706.5362141474158
2025-12-22T05:07:37.576222,BUY,POPCATUSDT,437.0,,,35.313970000000005,0.7062794000000001,-0.7062794000000001,,706.5362141474158,705.8299347474158
2025-12-22T05:07:38.844827,BUY,PORTALUSDT,1707.4,,,35.291958,1.7645979,-1.7645979,,705.8299347474158,704.0653368474158
2025-12-22T05:07:40.229354,BUY,PROMUSDT,4.8,,,35.068799999999996,1.7534399999999999,-1.7534399999999999,,704.0653368474158,702.3118968474158
2025-12-22T05:07:41.555835,BUY,PUFFERUSDT,590.0,,,35.1227,1.756135,-1.756135,,702.3118968474158,700.5557618474159
2025-12-22T05:07:42.889381,BUY,PUMPFUNUSDT,17700.0,,,34.9575,0.4661,-0.4661,,700.5557618474159,700.0896618474159
2025-12-22T05:07:44.229222,BUY,PYTHUSDT,589.0,,,35.01016,0.7002032,-0.7002032,,700.0896618474159,699.3894586474158
2025-12-22T05:07:45.537407,BUY,QNTUSDT,0.45,,,34.7625,2.0853329334133175,-2.0853329334133175,,699.3894586474158,697.3041257140026
2025-12-22T05:07:46.890883,BUY,QUSDT,2430.0,,,34.93611,1.7468055,-1.7468055,,697.3041257140026,695.5573202140025
2025-12-22T05:07:48.244206,BUY,RAVEUSDT,55.0,,,34.72865,1.389146,-1.389146,,695.5573202140025,694.1681742140025
2025-12-22T05:07:49.944481,BUY,RAYDIUMUSDT,38.3,,,34.69214,1.3876856000000002,-1.3876856000000002,,694.1681742140025,692.7804886140025
2025-12-22T05:07:51.395269,BUY,RESOLVUSDT,451.0,,,34.618759999999995,1.3847503999999997,-1.3847503999999997,,692.7804886140025,691.3957382140024
2025-12-22T05:07:52.737914,BUY,RIVERUSDT,6.8,,,34.6528,1.386112,-1.386112,,691.3957382140024,690.0096262140024
2025-12-22T05:07:54.100193,BUY,RLSUSDT,2110.0,,,34.52382,1.726191,-1.726191,,690.0096262140024,688.2834352140025
2025-12-22T05:07:55.547872,BUY,RSRUSDT,13530.0,,,34.42032,1.3768128,-1.3768128,,688.2834352140025,686.9066224140024
2025-12-22T05:07:56.892086,BUY,RUNEUSDT,59.6,,,34.31768,1.3727072,-1.3727072,,686.9066224140024,685.5339152140024
2025-12-22T05:07:58.226226,BUY,RVNUSDT,4973.0,,,34.278889,1.37115556,-1.37115556,,685.5339152140024,684.1627596540023
2025-12-22T05:07:59.888987,BUY,SANDUSDT,293.0,,,34.2517,0.685034,-0.685034,,684.1627596540023,683.4777256540024
2025-12-22T05:08:01.756126,BUY,SAPIENUSDT,277.0,,,34.13471,1.7067355,-1.7067355,,683.4777256540024,681.7709901540023
2025-12-22T05:08:03.106328,BUY,SCRTUSDT,331.2,,,34.087104,1.7043551999999997,-1.7043551999999997,,681.7709901540023,680.0666349540023
2025-12-22T05:08:04.490498,BUY,SEIUSDT,306.0,,,33.98742,0.6797484,-0.6797484,,680.0666349540023,679.3868865540023
2025-12-22T05:08:05.820730,BUY,SHIB1000USDT,4670.0,,,33.95557,0.6791114,-0.6791114,,679.3868865540023,678.7077751540023
2025-12-22T05:08:07.143042,BUY,SIGNUSDT,950.0,,,33.7915,1.3516599999999999,-1.3516599999999999,,678.7077751540023,677.3561151540023
2025-12-22T05:08:08.512042,BUY,SKLUSDT,3354.0,,,33.868691999999996,1.3547476799999998,-1.3547476799999998,,677.3561151540023,676.0013674740023
2025-12-22T05:08:09.888900,BUY,SKYUSDT,500.0,,,34.01499999999999,1.7007499999999998,-1.7007499999999998,,676.0013674740023,674.3006174740024
2025-12-22T05:08:11.312880,BUY,SOLAYERUSDT,204.0,,,33.7008,1.3480320000000001,-1.3480320000000001,,674.3006174740024,672.9525854740024
2025-12-22T05:08:13.159682,BUY,SOSOUSDT,61.0,,,33.916000000000004,1.6958000000000002,-1.6958000000000002,,672.9525854740024,671.2567854740024
2025-12-22T05:08:14.490146,BUY,SPKUSDT,1670.0,,,33.4835,1.33934,-1.33934,,671.2567854740024,669.9174454740024
2025-12-22T05:08:15.875601,BUY,STABLEUSDT,2920.0,,,33.5216,0.670432,-0.670432,,669.9174454740024,669.2470134740024
2025-12-22T05:08:17.333293,BUY,STRKUSDT,419.6,,,33.458904000000004,0.6691780800000001,-0.6691780800000001,,669.2470134740024,668.5778353940024
2025-12-22T05:08:18.681577,BUY,STXUSDT,134.1,,,33.41772,0.6683544,-0.6683544,,668.5778353940024,667.9094809940024
2025-12-22T05:08:20.016932,BUY,SUIUSDT,20.0,,,28.964,0.57928,-0.57928,,667.9094809940024,667.3302009940023
2025-12-22T05:08:21.326835,BUY,SUNUSDT,1630.0,,,33.36936,1.3347744,-1.3347744,,667.3302009940023,665.9954265940023
2025-12-22T05:08:22.660695,BUY,SUPERUSDT,147.0,,,33.2367,1.3294679999999999,-1.3294679999999999,,665.9954265940023,664.6659585940023
2025-12-22T05:08:23.962150,BUY,SUSDT,441.0,,,33.26463,0.6652925999999999,-0.6652925999999999,,664.6659585940023,664.0006659940022
2025-12-22T05:08:25.318136,BUY,SWARMSUSDT,1945.0,,,33.20115,1.6600575,-1.6600575,,664.0006659940022,662.3406084940023
2025-12-22T05:08:26.619990,BUY,SXPUSDT,521.9,,,33.114555,1.65572775,-1.65572775,,662.3406084940023,660.6848807440023
2025-12-22T05:08:27.993357,BUY,SYSUSDT,1958.0,,,33.03146,1.6515730000000002,-1.6515730000000002,,660.6848807440023,659.0333077440023
2025-12-22T05:08:29.358222,BUY,TAIUSDT,1669.0,,,32.94606,6.589212000000001,-6.589212000000001,,659.0333077440023,652.4440957440023
2025-12-22T05:08:30.704228,BUY,TAOUSDT,0.146,,,32.56238,0.6512475999999999,-0.6512475999999999,,652.4440957440023,651.7928481440023
2025-12-22T05:08:32.028479,BUY,THETAUSDT,118.1,,,32.58378999999999,1.3033515999999998,-1.3033515999999998,,651.7928481440023,650.4894965440022
2025-12-22T05:08:33.343485,BUY,TIAUSDT,70.8,,,32.54676,0.6509351999999999,-0.6509351999999999,,650.4894965440022,649.8385613440022
2025-12-22T05:08:34.783807,BUY,TRBUSDT,1.71,,,32.5584,6.51168,-6.51168,,649.8385613440022,643.3268813440022
2025-12-22T05:08:36.169363,BUY,TRUSTUSDT,305.0,,,32.1897,1.2875880000000002,-1.2875880000000002,,643.3268813440022,642.0392933440022
2025-12-22T05:08:37.510205,BUY,TRUTHUSDT,1440.0,,,32.024159999999995,1.2809663999999998,-1.2809663999999998,,642.0392933440022,640.7583269440022
2025-12-22T05:08:38.810471,BUY,TRUUSDT,3782.0,,,32.037321999999996,2.5629857599999997,-2.5629857599999997,,640.7583269440022,638.1953411840022
2025-12-22T05:08:40.172331,BUY,TSTBSCUSDT,1949.0,,,31.90513,1.2762052,-1.2762052,,638.1953411840022,636.9191359840022
2025-12-22T05:08:41.584445,BUY,TWTUSDT,38.4,,,31.825919999999996,1.2730367999999999,-1.2730367999999999,,636.9191359840022,635.6460991840022
2025-12-22T05:08:42.880187,BUY,UAIUSDT,181.0,,,31.8198,1.272792,-1.272792,,635.6460991840022,634.3733071840022
2025-12-22T05:08:44.320222,BUY,USUSDT,2730.0,,,31.7226,1.268904,-1.268904,,634.3733071840022,633.1044031840022
2025-12-22T05:08:45.641008,BUY,VANRYUSDT,4363.0,,,31.653565,1.58267825,-1.58267825,,633.1044031840022,631.5217249340022
2025-12-22T05:08:46.966130,BUY,VELODROMEUSDT,1607.0,,,31.577550000000002,1.5788775000000002,-1.5788775000000002,,631.5217249340022,629.9428474340023
2025-12-22T05:08:48.248419,BUY,VELOUSDT,4810.0,,,31.51031,1.2604124,-1.2604124,,629.9428474340023,628.6824350340023
2025-12-22T05:08:49.574709,BUY,VETUSDT,3009.0,,,31.429004999999997,1.2571602,-1.2571602,,628.6824350340023,627.4252748340023
2025-12-22T05:08:50.909964,BUY,VINEUSDT,1131.0,,,31.37394,1.2549576,-1.2549576,,627.4252748340023,626.1703172340023
2025-12-22T05:08:52.201736,BUY,VIRTUALUSDT,44.0,,,31.517200000000003,0.630344,-0.630344,,626.1703172340023,625.5399732340022
2025-12-22T05:08:53.539407,BUY,VVVUSDT,22.25,,,31.279049999999998,1.2511619999999999,-1.2511619999999999,,625.5399732340022,624.2888112340022
2025-12-22T05:08:54.876767,BUY,WAXPUSDT,4160.0,,,31.241600000000002,1.874121175764847,-1.874121175764847,,624.2888112340022,622.4146900582374
2025-12-22T05:08:56.210256,BUY,WETUSDT,135.0,,,31.04595,0.620919,-0.620919,,622.4146900582374,621.7937710582374
2025-12-22T05:08:57.504377,BUY,WLDUSDT,60.7,,,31.09054,0.6218108,-0.6218108,,621.7937710582374,621.1719602582374
2025-12-22T05:08:58.843750,BUY,WOOUSDT,1139.8,,,31.059549999999998,1.5529775,-1.5529775,,621.1719602582374,619.6189827582374
2025-12-22T05:09:00.171463,BUY,WUSDT,897.5,,,30.981700000000004,0.619634,-0.619634,,619.6189827582374,618.9993487582374
2025-12-22T05:09:02.407712,BUY,XAIUSDT,2039.0,,,30.95202,1.2380808,-1.2380808,,618.9993487582374,617.7612679582373
2025-12-22T05:09:03.762427,BUY,XCHUSDT,6.42,,,30.8802,6.1760399999999995,-6.1760399999999995,,617.7612679582373,611.5852279582374
2025-12-22T05:09:05.090044,BUY,XCNUSDT,6590.0,,,30.58419,6.1168379999999996,-6.1168379999999996,,611.5852279582374,605.4683899582374
2025-12-22T05:09:06.451162,BUY,XIONUSDT,152.3,,,30.269625000000005,6.053925000000001,-6.053925000000001,,605.4683899582374,599.4144649582373
2025-12-22T05:09:07.824133,BUY,XNYUSDT,7300.0,,,29.9592,5.99184,-5.99184,,599.4144649582373,593.4226249582373
2025-12-22T05:09:09.116197,BUY,XPINUSDT,8800.0,,,29.60936,1.480468,-1.480468,,593.4226249582373,591.9421569582373
2025-12-22T05:09:10.469857,BUY,XRPUSDT,15.4,,,29.51564,0.3935418666666667,-0.3935418666666667,,591.9421569582373,591.5486150915707
2025-12-22T05:09:11.870058,BUY,YALAUSDT,1495.0,,,29.586049999999997,1.4793024999999997,-1.4793024999999997,,591.5486150915707,590.0693125915707
2025-12-22T05:09:13.718124,BUY,ZBTUSDT,405.7,,,29.502504000000002,0.59005008,-0.59005008,,590.0693125915707,589.4792625115707
2025-12-22T05:09:15.404651,BUY,ZECUSDT,0.07,,,31.411100000000005,1.2564440000000001,-1.2564440000000001,,589.4792625115707,588.2228185115707
2025-12-22T05:09:16.782224,BUY,ZENUSDT,3.7,,,29.3336,1.173344,-1.173344,,588.2228185115707,587.0494745115707
2025-12-22T05:09:18.076565,BUY,ZEREBROUSDT,1031.0,,,29.34226,2.3473808,-2.3473808,,587.0494745115707,584.7020937115707
2025-12-22T05:09:19.456620,BUY,ZKCUSDT,293.6,,,29.239624000000003,1.1695849600000001,-1.1695849600000001,,584.7020937115707,583.5325087515707
2025-12-22T05:09:20.844785,BUY,ZROUSDT,22.7,,,29.20355,1.168142,-1.168142,,583.5325087515707,582.3643667515707
2025-12-22T05:10:23.778575,BUY,0GUSDT,37.8,,,29.128679999999996,0.5825735999999999,-0.5825735999999999,,582.3643667515707,581.7817931515707
2025-12-22T05:10:25.290242,BUY,1000000BABYDOGEUSDT,49400.0,,,29.10648,1.1642592,-1.1642592,,581.7817931515707,580.6175339515707
2025-12-22T05:10:27.595919,BUY,1000BONKUSDT,3600.0,,,29.43,0.5886,-0.5886,,580.6175339515707,580.0289339515707
2025-12-22T05:10:28.920971,BUY,1000BTTUSDT,73300.0,,,28.99015,2.319212,-2.319212,,580.0289339515707,577.7097219515707
2025-12-22T05:10:30.251234,BUY,1000CATUSDT,11161.0,,,28.884668,1.15538672,-1.15538672,,577.7097219515707,576.5543352315707
2025-12-22T05:10:31.683804,BUY,1000NEIROCTOUSDT,270.0,,,28.836000000000002,0.57672,-0.57672,,576.5543352315707,575.9776152315707
2025-12-22T05:10:33.086365,BUY,1000PEPEUSDT,7200.0,,,28.864800000000002,0.577296,-0.577296,,575.9776152315707,575.4003192315706
2025-12-22T05:10:34.384891,BUY,1000RATSUSDT,700.0,,,28.567,1.42835,-1.42835,,575.4003192315706,573.9719692315706
2025-12-22T05:10:35.702831,BUY,1000TAGUSDT,60.0,,,28.848,5.7696,-5.7696,,573.9719692315706,568.2023692315706
2025-12-22T05:10:37.005131,BUY,1000TOSHIUSDT,87.0,,,28.562099999999997,0.5712419999999999,-0.5712419999999999,,568.2023692315706,567.6311272315706
2025-12-22T05:10:38.323578,BUY,1000TURBOUSDT,17.0,,,28.8303,1.1532120000000001,-1.1532120000000001,,567.6311272315706,566.4779152315706
2025-12-22T05:10:39.621042,BUY,1000XECUSDT,2740.0,,,28.28228,2.2625824,-2.2625824,,566.4779152315706,564.2153328315705
2025-12-22T05:10:40.995553,BUY,2ZUSDT,260.0,,,28.2568,0.565136,-0.565136,,564.2153328315705,563.6501968315705
2025-12-22T05:10:42.421232,BUY,ACHUSDT,3640.0,,,28.20636,1.1282544,-1.1282544,,563.6501968315705,562.5219424315706
2025-12-22T05:10:43.737566,BUY,ACTUSDT,857.0,,,28.11817,1.4059085,-1.4059085,,562.5219424315706,561.1160339315705
2025-12-22T05:10:45.081574,BUY,ADAUSDT,77.0,,,28.220499999999998,0.3762733333333333,-0.3762733333333333,,561.1160339315705,560.7397605982372
2025-12-22T05:10:46.380743,BUY,AEROUSDT,56.0,,,28.016799999999996,1.120672,-1.120672,,560.7397605982372,559.6190885982372
2025-12-22T05:10:47.675696,BUY,AEVOUSDT,779.4,,,27.98046,1.1192184,-1.1192184,,559.6190885982372,558.4998701982372
2025-12-22T05:10:49.041362,BUY,AIOUSDT,250.0,,,27.740000000000002,2.2192000000000003,-2.2192000000000003,,558.4998701982372,556.2806701982372
2025-12-22T05:10:50.389928,BUY,AIXBTUSDT,950.0,,,27.7495,1.10998,-1.10998,,556.2806701982372,555.1706901982373
2025-12-22T05:10:51.675899,BUY,AKEUSDT,71300.0,,,27.771349999999998,1.110854,-1.110854,,555.1706901982373,554.0598361982372
2025-12-22T05:10:52.986557,BUY,AKTUSDT,75.0,,,27.6975,1.1079,-1.1079,,554.0598361982372,552.9519361982373
2025-12-22T05:10:54.304370,BUY,ALCHUSDT,153.0,,,27.72054,1.386027,-1.386027,,552.9519361982373,551.5659091982373
2025-12-22T05:10:55.634545,BUY,ALGOUSDT,246.1,,,27.577966,0.55155932,-0.55155932,,551.5659091982373,551.0143498782372
2025-12-22T05:10:57.025755,BUY,ALTUSDT,2390.0,,,27.54714,1.1018856,-1.1018856,,551.0143498782372,549.9124642782373
2025-12-22T05:10:58.370804,BUY,ANKRUSDT,4250.0,,,27.49325,1.09973,-1.09973,,549.9124642782373,548.8127342782373
2025-12-22T05:10:59.668205,BUY,APEUSDT,136.4,,,27.44368,0.5488736,-0.5488736,,548.8127342782373,548.2638606782373
2025-12-22T05:11:01.005592,BUY,API3USDT,66.3,,,27.415049999999997,1.0966019999999999,-1.0966019999999999,,548.2638606782373,547.1672586782373
2025-12-22T05:11:02.743946,BUY,APTUSDT,17.25,,,27.358500000000003,0.54717,-0.54717,,547.1672586782373,546.6200886782373
2025-12-22T05:11:04.041331,BUY,ARCUSDT,627.0,,,27.33093,2.1864744,-2.1864744,,546.6200886782373,544.4336142782373
2025-12-22T05:11:05.376643,BUY,ARKMUSDT,142.0,,,27.1646,0.543292,-0.543292,,544.4336142782373,543.8903222782374
2025-12-22T05:11:06.702723,BUY,ARKUSDT,106.0,,,27.0936,1.083744,-1.083744,,543.8903222782374,542.8065782782373
2025-12-22T05:11:08.117573,BUY,ASTRUSDT,2690.0,,,27.1421,1.0856839999999999,-1.0856839999999999,,542.8065782782373,541.7208942782373
2025-12-22T05:11:09.427013,BUY,ATHUSDT,2850.0,,,27.103499999999997,1.0841399999999999,-1.0841399999999999,,541.7208942782373,540.6367542782373
2025-12-22T05:11:10.706077,BUY,ATOMUSDT,13.9,,,27.0077,0.3601026666666667,-0.3601026666666667,,540.6367542782373,540.2766516115706
2025-12-22T05:11:11.999867,BUY,ATUSDT,270.0,,,26.9811,1.3490550000000001,-1.3490550000000001,,540.2766516115706,538.9275966115706
2025-12-22T05:11:13.308074,BUY,AUCTIONUSDT,5.5,,,26.8015,1.07206,-1.07206,,538.9275966115706,537.8555366115706
2025-12-22T05:11:14.679672,BUY,AVAAIUSDT,2701.0,,,26.896558,1.3448278999999999,-1.3448278999999999,,537.8555366115706,536.5107087115706
2025-12-22T05:11:15.958623,BUY,AVAXUSDT,2.2,,,26.661800000000003,0.533236,-0.533236,,536.5107087115706,535.9774727115706
2025-12-22T05:11:17.279617,BUY,AVLUSDT,342.0,,,26.82648,1.341324,-1.341324,,535.9774727115706,534.6361487115706
2025-12-22T05:11:18.688016,BUY,AXSUSDT,31.5,,,26.708849999999998,0.534177,-0.534177,,534.6361487115706,534.1019717115706
2025-12-22T05:11:20.073823,BUY,BANANAUSDT,4.27,,,26.725929999999998,1.0690372,-1.0690372,,534.1019717115706,533.0329345115706
2025-12-22T05:11:21.471348,BUY,BATUSDT,128.3,,,26.647910000000003,1.0659164,-1.0659164,,533.0329345115706,531.9670181115706
2025-12-22T05:11:23.019934,BUY,BCHUSDT,0.05,,,29.160000000000004,0.5832,-0.5832,,531.9670181115706,531.3838181115706
2025-12-22T05:11:24.362397,BUY,BEATUSDT,6.0,,,24.6252,0.985008,-0.985008,,531.3838181115706,530.3988101115706
2025-12-22T05:11:25.757066,BUY,BIOUSDT,633.0,,,26.53536,0.5307072,-0.5307072,,530.3988101115706,529.8681029115705
2025-12-22T05:11:27.068688,BUY,BLASTUSDT,35720.0,,,26.489952000000002,1.3244976000000002,-1.3244976000000002,,529.8681029115705,528.5436053115706
2025-12-22T05:11:28.384187,BUY,BLESSUSDT,2430.0,,,26.414099999999998,2.1131279999999997,-2.1131279999999997,,528.5436053115706,526.4304773115706
2025-12-22T05:11:29.696335,BUY,BLUAIUSDT,6000.0,,,26.34,1.0536,-1.0536,,526.4304773115706,525.3768773115706
2025-12-22T05:11:31.020811,BUY,BNBUSDT,0.03,,,25.659,0.51318,-0.51318,,525.3768773115706,524.8636973115706
2025-12-22T05:11:32.379873,BUY,BOBBOBUSDT,2080.0,,,26.19344,1.309672,-1.309672,,524.8636973115706,523.5540253115706
2025-12-22T05:11:33.662121,BUY,BOMEUSDT,44800.0,,,26.1632,0.523264,-0.523264,,523.5540253115706,523.0307613115706
2025-12-22T05:11:34.991777,BUY,BRETTUSDT,1870.0,,,26.217399999999998,0.5243479999999999,-0.5243479999999999,,523.0307613115706,522.5064133115706
2025-12-22T05:11:36.317231,BUY,BSUUSDT,186.0,,,26.101380000000002,5.220276,-5.220276,,522.5064133115706,517.2861373115705
2025-12-22T05:11:37.663064,BUY,BTCUSDT,0.001,,,88.53510000000001,0.8853510000000001,-0.8853510000000001,,517.2861373115705,516.4007863115705
2025-12-22T05:11:39.399420,BUY,BUSDT,121.0,,,25.71734,2.0573872,-2.0573872,,516.4007863115705,514.3433991115705
2025-12-22T05:11:40.675932,BUY,C98USDT,1165.8,,,25.717547999999997,1.0287019199999998,-1.0287019199999998,,514.3433991115705,513.3146971915705
2025-12-22T05:11:42.007390,BUY,CAMPUSDT,3554.0,,,25.666988,1.02667952,-1.02667952,,513.3146971915705,512.2880176715705
2025-12-22T05:11:43.344587,BUY,CATIUSDT,423.0,,,25.63803,1.2819015,-1.2819015,,512.2880176715705,511.0061161715705
2025-12-22T05:11:44.645557,BUY,CCUSDT,270.0,,,25.5123,1.020492,-1.020492,,511.0061161715705,509.9856241715705
2025-12-22T05:11:45.935572,BUY,CELOUSDT,213.2,,,25.49872,1.0199487999999999,-1.0199487999999999,,509.9856241715705,508.9656753715705
2025-12-22T05:11:47.293364,BUY,CFXUSDT,358.0,,,25.43232,1.0172928,-1.0172928,,508.9656753715705,507.9483825715705
2025-12-22T05:11:48.598108,BUY,CGPTUSDT,890.0,,,25.409499999999998,1.0163799999999998,-1.0163799999999998,,507.9483825715705,506.9320025715705
2025-12-22T05:11:49.943423,BUY,CHRUSDT,611.4,,,25.348643999999997,1.2674321999999998,-1.2674321999999998,,506.9320025715705,505.6645703715705
2025-12-22T05:11:51.293639,BUY,CKBUSDT,10610.0,,,25.29424,1.0117696,-1.0117696,,505.6645703715705,504.6528007715705
2025-12-22T05:11:52.644232,BUY,CLANKERUSDT,0.85,,,25.347,1.26735,-1.26735,,504.6528007715705,503.3854507715705
2025-12-22T05:11:54.043363,BUY,COMPUSDT,1.06,,,25.2598,1.010392,-1.010392,,503.3854507715705,502.3750587715705
2025-12-22T05:11:55.362016,BUY,COOKIEUSDT,645.0,,,25.12275,1.00491,-1.00491,,502.3750587715705,501.3701487715705
2025-12-22T05:11:56.727025,BUY,COREUSDT,203.4,,,25.064982,1.2532491000000001,-1.2532491000000001,,501.3701487715705,500.1168996715705
2025-12-22T05:11:58.022682,BUY,COTIUSDT,1207.0,,,24.996969999999997,0.9998787999999998,-0.9998787999999998,,500.1168996715705,499.1170208715705
2025-12-22T05:11:59.370755,BUY,CROSSUSDT,209.0,,,24.98595,1.2492975,-1.2492975,,499.1170208715705,497.8677233715705
2025-12-22T05:12:00.715980,BUY,CTCUSDT,100.0,,,24.9,0.996,-0.996,,497.8677233715705,496.8717233715705
2025-12-22T05:12:02.420461,BUY,CTSIUSDT,767.0,,,24.827790000000004,4.965558000000001,-4.965558000000001,,496.8717233715705,491.9061653715705
2025-12-22T05:12:03.701120,BUY,CUDISUSDT,860.0,,,24.6046,1.2302300000000002,-1.2302300000000002,,491.9061653715705,490.6759353715705
2025-12-22T05:12:05.058653,BUY,CVXUSDT,14.18,,,24.531399999999998,1.22657,-1.22657,,490.6759353715705,489.44936537157054
2025-12-22T05:12:06.368713,BUY,CYBERUSDT,35.4,,,24.47202,0.9788808,-0.9788808,,489.44936537157054,488.4704845715705
2025-12-22T05:12:07.694597,BUY,CYSUSDT,66.0,,,24.5916,1.967328,-1.967328,,488.4704845715705,486.5031565715705
2025-12-22T05:12:09.330729,BUY,DOODUSDT,3630.0,,,24.331889999999998,1.9465511999999998,-1.9465511999999998,,486.5031565715705,484.5566053715705
2025-12-22T05:12:10.628673,BUY,DOTUSDT,13.4,,,24.2272,0.484544,-0.484544,,484.5566053715705,484.0720613715705
2025-12-22T05:12:11.964042,BUY,DUSKUSDT,611.0,,,24.20782,1.9366256000000002,-1.9366256000000002,,484.0720613715705,482.1354357715705
2025-12-22T05:12:13.285800,BUY,DYDXUSDT,148.0,,,24.109199999999998,0.48218399999999995,-0.48218399999999995,,482.1354357715705,481.65325177157047
2025-12-22T05:12:14.641222,BUY,EDUUSDT,157.3,,,24.082630000000005,1.2041315000000004,-1.2041315000000004,,481.65325177157047,480.44912027157045
2025-12-22T05:12:15.965116,BUY,EIGENUSDT,61.0,,,24.0279,0.480558,-0.480558,,480.44912027157045,479.9685622715705
2025-12-22T05:12:17.292909,BUY,ENAUSDT,114.0,,,24.0654,0.481308,-0.481308,,479.9685622715705,479.48725427157046
2025-12-22T05:12:18.668170,BUY,ENSUSDT,2.5,,,23.907500000000002,0.4781500000000001,-0.4781500000000001,,479.48725427157046,479.00910427157044
2025-12-22T05:12:20.013571,BUY,EPICUSDT,37.0,,,23.9834,0.959336,-0.959336,,479.00910427157044,478.04976827157043
2025-12-22T05:12:21.329573,BUY,EPTUSDT,16170.0,,,23.899259999999998,1.194963,-1.194963,,478.04976827157043,476.85480527157046
2025-12-22T05:12:22.742855,BUY,ETCUSDT,1.9,,,23.235099999999996,0.4647019999999999,-0.4647019999999999,,476.85480527157046,476.39010327157047
2025-12-22T05:12:24.261914,BUY,ETHBTCUSDT,700.0,,,23.8245,0.95298,-0.95298,,476.39010327157047,475.43712327157044
2025-12-22T05:12:25.600379,BUY,ETHFIUSDT,33.0,,,23.7468,0.949872,-0.949872,,475.43712327157044,474.4872512715704
2025-12-22T05:12:27.064761,BUY,FILUSDT,18.5,,,23.754,0.95016,-0.95016,,474.4872512715704,473.53709127157043
2025-12-22T05:12:28.377361,BUY,FLOCKUSDT,269.0,,,23.66931,0.9467724,-0.9467724,,473.53709127157043,472.59031887157045
2025-12-22T05:12:29.707222,BUY,FLOWUSDT,136.8,,,23.62536,0.9450144,-0.9450144,,472.59031887157045,471.64530447157046
2025-12-22T05:12:30.924388,BUY,FLUIDUSDT,9.1,,,23.5872,0.943488,-0.943488,,471.64530447157046,470.70181647157045
2025-12-22T05:12:32.173881,BUY,FOLKSUSDT,4.75,,,23.555249999999997,1.1777624999999998,-1.1777624999999998,,470.70181647157045,469.5240539715705
2025-12-22T05:12:33.656859,BUY,GALAUSDT,3813.0,,,23.476641,0.31302188000000003,-0.31302188000000003,,469.5240539715705,469.2110320915705
2025-12-22T05:12:34.921710,BUY,GASUSDT,13.0,,,23.504,0.9401600000000001,-0.9401600000000001,,469.2110320915705,468.2708720915705
2025-12-22T05:12:36.143824,BUY,GIGGLEUSDT,0.338,,,23.420020000000005,0.9368008000000002,-0.9368008000000002,,468.2708720915705,467.33407129157047
2025-12-22T05:12:37.355296,BUY,GLMUSDT,114.0,,,23.4498,0.9379919999999999,-0.9379919999999999,,467.33407129157047,466.39607929157046
2025-12-22T05:12:38.599810,BUY,GNOUSDT,0.191,,,23.2638,4.65276,-4.65276,,466.39607929157046,461.74331929157046
2025-12-22T05:12:39.829613,BUY,GRASSUSDT,78.0,,,23.1972,0.9278879999999999,-0.9278879999999999,,461.74331929157046,460.81543129157046
2025-12-22T05:12:41.495552,BUY,HANAUSDT,2290.0,,,23.014499999999998,1.150725,-1.150725,,460.81543129157046,459.66470629157044
2025-12-22T05:12:42.738486,BUY,HBARUSDT,206.0,,,22.973119999999998,0.30630826666666666,-0.30630826666666666,,459.66470629157044,459.35839802490375
2025-12-22T05:12:43.939929,BUY,HEIUSDT,193.8,,,22.9653,1.1482649999999999,-1.1482649999999999,,459.35839802490375,458.21013302490377
2025-12-22T05:12:45.157944,BUY,HFTUSDT,848.0,,,22.912959999999998,1.3745026994601077,-1.3745026994601077,,458.21013302490377,456.8356303254437
2025-12-22T05:12:46.762357,BUY,HIPPOUSDT,24960.0,,,22.840896,1.1420448,-1.1420448,,456.8356303254437,455.69358552544367
2025-12-22T05:12:48.008878,BUY,HMSTRUSDT,108290.0,,,22.784216,0.9113686400000001,-0.9113686400000001,,455.69358552544367,454.7822168854437
2025-12-22T05:12:49.272590,BUY,HPOS10IUSDT,635.0,,,22.733,1.81864,-1.81864,,454.7822168854437,452.9635768854437
2025-12-22T05:12:50.468406,BUY,HUMAUSDT,716.0,,,22.661399999999997,0.9064559999999999,-0.9064559999999999,,452.9635768854437,452.0571208854437
2025-12-22T05:12:51.672469,BUY,HUSDT,150.0,,,21.878999999999998,1.09395,-1.09395,,452.0571208854437,450.9631708854437
2025-12-22T05:12:52.899968,BUY,ICNTUSDT,59.0,,,22.5085,1.1254250000000001,-1.1254250000000001,,450.9631708854437,449.83774588544367
2025-12-22T05:12:54.399822,BUY,ICPUSDT,7.4,,,22.6218,0.452436,-0.452436,,449.83774588544367,449.3853098854437
2025-12-22T05:12:55.908843,BUY,INJUSDT,4.9,,,22.495900000000002,0.44991800000000004,-0.44991800000000004,,449.3853098854437,448.93539188544366
2025-12-22T05:12:57.534937,BUY,IOUSDT,147.8,,,22.450820000000004,0.8980328000000002,-0.8980328000000002,,448.93539188544366,448.03735908544365
2025-12-22T05:12:58.817521,BUY,IPUSDT,14.4,,,22.3632,0.447264,-0.447264,,448.03735908544365,447.59009508544364
2025-12-22T05:13:00.020316,BUY,IRYSUSDT,680.0,,,22.536559999999998,1.126828,-1.126828,,447.59009508544364,446.46326708544365
2025-12-22T05:13:01.228996,BUY,JCTUSDT,10800.0,,,22.258799999999997,0.8903519999999999,-0.8903519999999999,,446.46326708544365,445.57291508544364
2025-12-22T05:13:02.807623,BUY,JELLYJELLYUSDT,307.0,,,22.289735,1.11448675,-1.11448675,,445.57291508544364,444.4584283354436
2025-12-22T05:13:04.001736,BUY,JSTUSDT,550.0,,,22.308,0.89232,-0.89232,,444.4584283354436,443.56610833544363
2025-12-22T05:13:05.232931,BUY,JTOUSDT,62.6,,,22.166660000000004,0.4433332000000001,-0.4433332000000001,,443.56610833544363,443.12277513544365
2025-12-22T05:13:06.530548,BUY,KITEUSDT,247.0,,,22.12132,0.4424264,-0.4424264,,443.12277513544365,442.68034873544366
2025-12-22T05:13:07.760003,BUY,KMNOUSDT,430.0,,,22.0117,0.880468,-0.880468,,442.68034873544366,441.79988073544365
2025-12-22T05:13:09.017392,BUY,LAUSDT,68.2,,,22.0968,0.8838720000000001,-0.8838720000000001,,441.79988073544365,440.91600873544365
2025-12-22T05:13:10.227752,BUY,LINEAUSDT,3320.0,,,22.02156,0.2936208,-0.2936208,,440.91600873544365,440.62238793544367
2025-12-22T05:13:11.519709,BUY,LUMIAUSDT,227.4,,,22.03506,1.101753,-1.101753,,440.62238793544367,439.5206349354437
2025-12-22T05:13:12.830747,BUY,MANTAUSDT,302.9,,,21.975395,0.8790157999999999,-0.8790157999999999,,439.5206349354437,438.6416191354437
2025-12-22T05:13:14.051427,BUY,MAVIAUSDT,449.7,,,21.931869,1.0965934499999999,-1.0965934499999999,,438.6416191354437,437.5450256854437
2025-12-22T05:13:15.270773,BUY,MAVUSDT,839.0,,,21.889509999999998,0.8755803999999999,-0.8755803999999999,,437.5450256854437,436.6694452854437
2025-12-22T05:13:16.455023,BUY,MBOXUSDT,737.0,,,21.82994,1.091497,-1.091497,,436.6694452854437,435.5779482854437
2025-12-22T05:13:17.645564,BUY,MELANIAUSDT,202.8,,,21.778692,0.87114768,-0.87114768,,435.5779482854437,434.70680060544373
2025-12-22T05:13:18.894489,BUY,MERLUSDT,52.3,,,21.752616,0.87010464,-0.87010464,,434.70680060544373,433.8366959654437
2025-12-22T05:13:20.123959,BUY,METUSDT,89.1,,,21.68694,0.4337388,-0.4337388,,433.8366959654437,433.4029571654437
2025-12-22T05:13:21.352328,BUY,MEUSDT,99.0,,,21.7206,0.868824,-0.868824,,433.4029571654437,432.5341331654437
2025-12-22T05:13:22.547724,BUY,MEWUSDT,25400.0,,,21.59254,0.4318508,-0.4318508,,432.5341331654437,432.10228236544367
2025-12-22T05:13:23.989159,BUY,MIRAUSDT,169.9,,,21.61128,0.4322256,-0.4322256,,432.10228236544367,431.6700567654437
2025-12-22T05:13:25.362506,BUY,MLNUSDT,4.6,,,21.592399999999998,1.0796199999999998,-1.0796199999999998,,431.6700567654437,430.5904367654437
2025-12-22T05:13:26.618806,BUY,MONUSDT,1069.0,,,21.528591000000002,0.43057182000000005,-0.43057182000000005,,430.5904367654437,430.1598649454437
2025-12-22T05:13:27.838025,BUY,MOODENGUSDT,299.0,,,21.50109,0.4300218,-0.4300218,,430.1598649454437,429.7298431454437
2025-12-22T05:13:29.040306,BUY,MORPHOUSDT,17.0,,,20.9729,0.838916,-0.838916,,429.7298431454437,428.8909271454437
2025-12-22T05:13:30.248419,BUY,MOVEUSDT,659.0,,,21.43727,0.8574908000000001,-0.8574908000000001,,428.8909271454437,428.0334363454437
2025-12-22T05:13:31.475589,BUY,MTLUSDT,62.0,,,21.4024,1.07012,-1.07012,,428.0334363454437,426.96331634544373
2025-12-22T05:13:32.675977,BUY,MUBARAKUSDT,1400.0,,,21.349999999999998,1.0675,-1.0675,,426.96331634544373,425.89581634544373
2025-12-22T05:13:33.852434,BUY,MUSDT,15.0,,,21.6465,0.86586,-0.86586,,425.89581634544373,425.02995634544374
2025-12-22T05:13:35.093430,BUY,NEOUSDT,6.02,,,21.2506,0.8500239999999999,-0.8500239999999999,,425.02995634544374,424.1799323454437
2025-12-22T05:13:36.321774,BUY,NFPUSDT,947.7,,,21.209526,1.0604763,-1.0604763,,424.1799323454437,423.1194560454437
2025-12-22T05:13:37.577629,BUY,NMRUSDT,2.3,,,21.3233,0.852932,-0.852932,,423.1194560454437,422.2665240454437
2025-12-22T05:13:38.881311,BUY,OGUSDT,1.7,,,21.0256,1.682048,-1.682048,,422.2665240454437,420.5844760454437
2025-12-22T05:13:40.069876,BUY,OKBUSDT,0.2,,,21.366,0.85464,-0.85464,,420.5844760454437,419.7298360454437
2025-12-22T05:13:41.264603,BUY,OLUSDT,1338.0,,,20.97984,1.048992,-1.048992,,419.7298360454437,418.6808440454437
2025-12-22T05:13:42.462792,BUY,OMUSDT,305.0,,,20.91385,0.418277,-0.418277,,418.6808440454437,418.2625670454437
2025-12-22T05:13:43.676525,BUY,ONDOUSDT,53.0,,,20.7283,0.414566,-0.414566,,418.2625670454437,417.8480010454437
2025-12-22T05:13:44.971159,BUY,OPUSDT,76.5,,,20.884500000000003,0.41769000000000006,-0.41769000000000006,,417.8480010454437,417.4303110454437
2025-12-22T05:13:46.172733,BUY,ORCAUSDT,19.2,,,20.90496,0.8361984,-0.8361984,,417.4303110454437,416.5941126454437
2025-12-22T05:13:47.411516,BUY,OXTUSDT,820.0,,,20.9264,1.674112,-1.674112,,416.5941126454437,414.92000064544374
2025-12-22T05:13:48.622100,BUY,PARTIUSDT,193.0,,,20.703110000000002,1.0351555000000001,-1.0351555000000001,,414.92000064544374,413.88484514544376
2025-12-22T05:13:49.846878,BUY,PAXGUSDT,0.005,,,21.995500000000003,0.4399100000000001,-0.4399100000000001,,413.88484514544376,413.44493514544376
2025-12-22T05:13:51.127274,BUY,PEOPLEUSDT,2202.0,,,20.67678,0.8270712,-0.8270712,,413.44493514544376,412.6178639454438
2025-12-22T05:13:52.401318,BUY,PIXELUSDT,2652.0,,,20.629908,0.82519632,-0.82519632,,412.6178639454438,411.7926676254438
2025-12-22T05:13:53.610622,BUY,PLUMEUSDT,1222.0,,,20.590700000000002,0.411814,-0.411814,,411.7926676254438,411.3808536254438
2025-12-22T05:13:54.819780,BUY,POLUSDT,193.0,,,20.58152,0.2744202666666667,-0.2744202666666667,,411.3808536254438,411.10643335877717
2025-12-22T05:13:56.054815,BUY,POPCATUSDT,254.0,,,20.579079999999998,0.41158159999999994,-0.41158159999999994,,411.10643335877717,410.6948517587772
2025-12-22T05:13:57.250131,BUY,PORTALUSDT,986.8,,,20.535307999999997,1.0267654,-1.0267654,,410.6948517587772,409.6680863587772
2025-12-22T05:13:58.489732,BUY,PROMUSDT,2.8,,,20.4624,1.02312,-1.02312,,409.6680863587772,408.6449663587772
2025-12-22T05:13:59.733881,BUY,PUFFERUSDT,342.0,,,20.40372,1.020186,-1.020186,,408.6449663587772,407.6247803587772
2025-12-22T05:14:00.965465,BUY,PUMPFUNUSDT,10300.0,,,20.435200000000002,0.27246933333333334,-0.27246933333333334,,407.6247803587772,407.35231102544384
2025-12-22T05:14:02.194176,BUY,PYTHUSDT,342.0,,,20.37294,0.4074588,-0.4074588,,407.35231102544384,406.94485222544387
2025-12-22T05:14:03.417165,BUY,QNTUSDT,0.26,,,20.085,1.204859028194361,-1.204859028194361,,406.94485222544387,405.73999319724953
2025-12-22T05:14:04.602279,BUY,QUSDT,1410.0,,,20.30823,1.0154115,-1.0154115,,405.73999319724953,404.7245816972495
2025-12-22T05:14:05.810594,BUY,RAVEUSDT,32.0,,,20.19104,0.8076416000000001,-0.8076416000000001,,404.7245816972495,403.9169400972495
2025-12-22T05:14:07.008883,BUY,RAYDIUMUSDT,22.2,,,20.1798,0.807192,-0.807192,,403.9169400972495,403.1097480972495
2025-12-22T05:14:08.271968,BUY,RESOLVUSDT,262.0,,,20.1609,0.806436,-0.806436,,403.1097480972495,402.3033120972495
2025-12-22T05:14:09.489233,BUY,RIVERUSDT,3.9,,,20.006999999999998,0.8002799999999999,-0.8002799999999999,,402.3033120972495,401.5030320972495
2025-12-22T05:14:11.082617,BUY,RLSUSDT,1230.0,,,20.100659999999998,1.0050329999999998,-1.0050329999999998,,401.5030320972495,400.4979990972495
2025-12-22T05:14:12.357727,BUY,RSRUSDT,7830.0,,,20.01348,0.8005392,-0.8005392,,400.4979990972495,399.6974598972495
2025-12-22T05:14:13.570085,BUY,RUNEUSDT,34.7,,,19.97679,0.7990716,-0.7990716,,399.6974598972495,398.8983882972495
2025-12-22T05:14:14.791788,BUY,RVNUSDT,2889.0,,,19.942767,0.79771068,-0.79771068,,398.8983882972495,398.10067761724946
2025-12-22T05:14:16.065260,BUY,SANDUSDT,170.0,,,19.930799999999998,0.39861599999999997,-0.39861599999999997,,398.10067761724946,397.70206161724946
2025-12-22T05:14:17.268719,BUY,SAPIENUSDT,162.0,,,19.927619999999997,0.9963809999999999,-0.9963809999999999,,397.70206161724946,396.70568061724947
2025-12-22T05:14:18.501591,BUY,SCRTUSDT,192.1,,,19.838167,0.9919083499999999,-0.9919083499999999,,396.70568061724947,395.71377226724945
2025-12-22T05:14:19.760275,BUY,SEIUSDT,178.0,,,19.76868,0.3953736,-0.3953736,,395.71377226724945,395.3183986672494
2025-12-22T05:14:20.987046,BUY,SHIB1000USDT,2720.0,,,19.8016,0.396032,-0.396032,,395.3183986672494,394.92236666724943
2025-12-22T05:14:22.184328,BUY,SIGNUSDT,550.0,,,19.662499999999998,0.7864999999999999,-0.7864999999999999,,394.92236666724943,394.13586666724945
2025-12-22T05:14:23.395505,BUY,SKLUSDT,1944.0,,,19.704383999999997,0.7881753599999999,-0.7881753599999999,,394.13586666724945,393.3476913072494
2025-12-22T05:14:24.630627,BUY,SKYUSDT,290.0,,,19.560499999999998,0.9780249999999999,-0.9780249999999999,,393.3476913072494,392.3696663072494
2025-12-22T05:14:26.071043,BUY,SOLAYERUSDT,119.0,,,19.6945,0.78778,-0.78778,,392.3696663072494,391.5818863072494
2025-12-22T05:14:27.370798,BUY,SOSOUSDT,35.0,,,19.4705,0.9735250000000001,-0.9735250000000001,,391.5818863072494,390.6083613072494
2025-12-22T05:14:28.581704,BUY,SPKUSDT,970.0,,,19.5067,0.780268,-0.780268,,390.6083613072494,389.82809330724945
2025-12-22T05:14:29.861062,BUY,STABLEUSDT,1700.0,,,19.448,0.38896000000000003,-0.38896000000000003,,389.82809330724945,389.43913330724945
2025-12-22T05:14:31.108825,BUY,STRKUSDT,243.8,,,19.469868,0.38939736,-0.38939736,,389.43913330724945,389.0497359472495
2025-12-22T05:14:32.307891,BUY,STXUSDT,78.0,,,19.461,0.38921999999999995,-0.38921999999999995,,389.0497359472495,388.66051594724945
2025-12-22T05:14:33.511549,BUY,SUIUSDT,10.0,,,14.511000000000001,0.29022000000000003,-0.29022000000000003,,388.66051594724945,388.3702959472495
2025-12-22T05:14:34.707900,BUY,SUNUSDT,950.0,,,19.43985,0.777594,-0.777594,,388.3702959472495,387.59270194724945
2025-12-22T05:14:35.912497,BUY,SUPERUSDT,86.0,,,19.4618,0.778472,-0.778472,,387.59270194724945,386.81422994724943
2025-12-22T05:14:37.145183,BUY,SUSDT,256.0,,,19.33312,0.3866624,-0.3866624,,386.81422994724943,386.42756754724945
2025-12-22T05:14:38.348026,BUY,SWARMSUSDT,1127.0,,,19.314526,0.9657263,-0.9657263,,386.42756754724945,385.4618412472495
2025-12-22T05:14:39.530877,BUY,SXPUSDT,304.4,,,19.274608,0.9637304,-0.9637304,,385.4618412472495,384.4981108472495
2025-12-22T05:14:40.762311,BUY,SYSUSDT,1136.0,,,19.232480000000002,0.9616240000000001,-0.9616240000000001,,384.4981108472495,383.53648684724953
2025-12-22T05:14:41.993016,BUY,TAIUSDT,969.0,,,19.186200000000003,3.8372400000000004,-3.8372400000000004,,383.53648684724953,379.6992468472495
2025-12-22T05:14:43.182158,BUY,TAOUSDT,0.085,,,18.969450000000002,0.37938900000000003,-0.37938900000000003,,379.6992468472495,379.3198578472495
2025-12-22T05:14:44.400024,BUY,THETAUSDT,68.5,,,18.9608,0.758432,-0.758432,,379.3198578472495,378.5614258472495
2025-12-22T05:14:45.657976,BUY,TIAUSDT,41.0,,,18.9092,0.37818399999999996,-0.37818399999999996,,378.5614258472495,378.1832418472495
2025-12-22T05:14:46.902995,BUY,TRBUSDT,0.99,,,18.8595,3.7719,-3.7719,,378.1832418472495,374.4113418472495
2025-12-22T05:14:48.142286,BUY,TRUSTUSDT,177.0,,,18.74253,0.7497012,-0.7497012,,374.4113418472495,373.6616406472495
2025-12-22T05:14:49.359205,BUY,TRUTHUSDT,840.0,,,18.6858,0.747432,-0.747432,,373.6616406472495,372.9142086472495
2025-12-22T05:14:50.541344,BUY,TRUUSDT,2193.0,,,18.642693,1.4914154400000001,-1.4914154400000001,,372.9142086472495,371.42279320724947
2025-12-22T05:14:51.748995,BUY,TSTBSCUSDT,1135.0,,,18.5686,0.742744,-0.742744,,371.42279320724947,370.68004920724945
2025-12-22T05:14:52.990129,BUY,TWTUSDT,22.4,,,18.57408,0.7429631999999999,-0.7429631999999999,,370.68004920724945,369.93708600724943
2025-12-22T05:14:54.198465,BUY,UAIUSDT,105.0,,,18.50205,0.740082,-0.740082,,369.93708600724943,369.19700400724946
2025-12-22T05:14:55.499106,BUY,USUSDT,1580.0,,,18.407,0.73628,-0.73628,,369.19700400724946,368.46072400724944
2025-12-22T05:14:56.751998,BUY,VANRYUSDT,2527.0,,,18.42183,0.9210915,-0.9210915,,368.46072400724944,367.53963250724945
2025-12-22T05:14:57.997053,BUY,VELODROMEUSDT,929.0,,,18.375619999999998,0.9187809999999998,-0.9187809999999998,,367.53963250724945,366.6208515072494
2025-12-22T05:14:59.443329,BUY,VELOUSDT,2800.0,,,18.345599999999997,0.7338239999999999,-0.7338239999999999,,366.6208515072494,365.8870275072494
2025-12-22T05:15:00.713311,BUY,VETUSDT,1750.0,,,18.2945,0.73178,-0.73178,,365.8870275072494,365.1552475072494
2025-12-22T05:15:01.950201,BUY,VINEUSDT,657.0,,,18.27117,0.7308468,-0.7308468,,365.1552475072494,364.4244007072494
2025-12-22T05:15:03.150471,BUY,VIRTUALUSDT,25.0,,,17.9225,0.35845,-0.35845,,364.4244007072494,364.0659507072494
2025-12-22T05:15:04.353850,BUY,VVVUSDT,12.86,,,18.198186,0.72792744,-0.72792744,,364.0659507072494,363.3380232672494
2025-12-22T05:15:05.595600,BUY,WAXPUSDT,2410.0,,,18.17622,1.090355128974205,-1.090355128974205,,363.3380232672494,362.24766813827523
2025-12-22T05:15:06.810768,BUY,WETUSDT,79.0,,,18.12576,0.3625152,-0.3625152,,362.24766813827523,361.8851529382752
2025-12-22T05:15:08.405368,BUY,WLDUSDT,35.3,,,18.10184,0.3620368,-0.3620368,,361.8851529382752,361.5231161382752
2025-12-22T05:15:09.626537,BUY,WOOUSDT,661.4,,,18.076062,0.9038031,-0.9038031,,361.5231161382752,360.6193130382752
2025-12-22T05:15:10.842964,BUY,WUSDT,522.2,,,18.031566,0.36063132000000003,-0.36063132000000003,,360.6193130382752,360.2586817182752
2025-12-22T05:15:12.045733,BUY,XAIUSDT,1184.0,,,18.00864,0.7203456,-0.7203456,,360.2586817182752,359.53833611827525
2025-12-22T05:15:13.299601,BUY,XCHUSDT,3.74,,,17.985660000000003,3.5971320000000007,-3.5971320000000007,,359.53833611827525,355.94120411827527
2025-12-22T05:15:14.541079,BUY,XCNUSDT,3840.0,,,17.7984,3.55968,-3.55968,,355.94120411827527,352.38152411827525
2025-12-22T05:15:15.783917,BUY,XIONUSDT,88.6,,,17.622539999999997,3.5245079999999995,-3.5245079999999995,,352.38152411827525,348.8570161182752
2025-12-22T05:15:17.038265,BUY,XNYUSDT,4240.0,,,17.447599999999998,3.4895199999999997,-3.4895199999999997,,348.8570161182752,345.3674961182752
2025-12-22T05:15:18.263285,BUY,XPINUSDT,5300.0,,,17.331,0.8665499999999999,-0.8665499999999999,,345.3674961182752,344.5009461182752
2025-12-22T05:15:19.525763,BUY,XRPUSDT,9.0,,,17.2638,0.230184,-0.230184,,344.5009461182752,344.2707621182752
2025-12-22T05:15:21.183504,BUY,YALAUSDT,872.0,,,17.20456,0.860228,-0.860228,,344.2707621182752,343.41053411827517
2025-12-22T05:15:22.449618,BUY,ZBTUSDT,235.9,,,17.168802,0.34337604,-0.34337604,,343.41053411827517,343.06715807827516
2025-12-22T05:15:23.642290,BUY,ZECUSDT,0.04,,,17.9508,0.718032,-0.718032,,343.06715807827516,342.34912607827516
2025-12-22T05:15:24.894952,BUY,ZENUSDT,2.2,,,17.432800000000004,0.6973120000000002,-0.6973120000000002,,342.34912607827516,341.65181407827515
2025-12-22T05:15:26.752298,BUY,ZEREBROUSDT,601.0,,,17.07441,1.3659528,-1.3659528,,341.65181407827515,340.28586127827515
2025-12-22T05:15:27.999084,BUY,ZKCUSDT,170.7,,,17.011961999999997,0.6804784799999999,-0.6804784799999999,,340.28586127827515,339.6053827982752
2025-12-22T05:15:29.214757,BUY,ZROUSDT,13.2,,,16.9752,0.6790080000000001,-0.6790080000000001,,339.6053827982752,338.92637479827516
2025-12-22T05:16:32.204267,BUY,0GUSDT,22.1,,,16.944070000000004,0.33888140000000005,-0.33888140000000005,,338.92637479827516,338.58749339827517
2025-12-22T05:16:33.476307,BUY,1000000BABYDOGEUSDT,28800.0,,,16.92288,0.6769151999999999,-0.6769151999999999,,338.58749339827517,337.9105781982752
2025-12-22T05:16:34.794919,BUY,1000BONKUSDT,2100.0,,,17.1129,0.342258,-0.342258,,337.9105781982752,337.56832019827516
2025-12-22T05:16:35.977454,BUY,1000BTTUSDT,42700.0,,,16.88785,1.3510280000000001,-1.3510280000000001,,337.56832019827516,336.2172921982752
2025-12-22T05:16:37.198134,BUY,1000CATUSDT,6503.0,,,16.810255,0.6724102000000001,-0.6724102000000001,,336.2172921982752,335.5448819982752
2025-12-22T05:16:38.488340,BUY,1000NEIROCTOUSDT,157.0,,,16.739340000000002,0.33478680000000005,-0.33478680000000005,,335.5448819982752,335.21009519827516
2025-12-22T05:16:39.730862,BUY,1000PEPEUSDT,4200.0,,,16.8042,0.33608400000000005,-0.33608400000000005,,335.21009519827516,334.8740111982751
2025-12-22T05:16:40.941444,BUY,1000RATSUSDT,410.0,,,16.6706,0.83353,-0.83353,,334.8740111982751,334.04048119827513
2025-12-22T05:16:42.160935,BUY,1000TAGUSDT,34.0,,,16.5308,3.3061599999999998,-3.3061599999999998,,334.04048119827513,330.73432119827515
2025-12-22T05:16:43.419018,BUY,1000TOSHIUSDT,50.0,,,16.384999999999998,0.32769999999999994,-0.32769999999999994,,330.73432119827515,330.40662119827516
2025-12-22T05:16:45.074834,BUY,1000TURBOUSDT,10.0,,,16.917,0.6766800000000001,-0.6766800000000001,,330.40662119827516,329.7299411982752
2025-12-22T05:16:46.319524,BUY,1000XECUSDT,1600.0,,,16.4912,1.319296,-1.319296,,329.7299411982752,328.4106451982752
2025-12-22T05:16:47.547981,BUY,2ZUSDT,151.0,,,16.385009999999998,0.32770019999999994,-0.32770019999999994,,328.4106451982752,328.0829449982752
2025-12-22T05:16:48.862516,BUY,ACHUSDT,2130.0,,,16.43721,0.6574884,-0.6574884,,328.0829449982752,327.4254565982752
2025-12-22T05:16:50.068880,BUY,ACTUSDT,504.0,,,16.374959999999998,0.8187479999999999,-0.8187479999999999,,327.4254565982752,326.6067085982752
2025-12-22T05:16:51.314430,BUY,ADAUSDT,45.0,,,16.479000000000003,0.21972000000000003,-0.21972000000000003,,326.6067085982752,326.3869885982752
2025-12-22T05:16:52.531075,BUY,AEROUSDT,33.0,,,16.4934,0.6597360000000001,-0.6597360000000001,,326.3869885982752,325.7272525982752
2025-12-22T05:16:53.724920,BUY,AEVOUSDT,453.9,,,16.285932,0.65143728,-0.65143728,,325.7272525982752,325.0758153182752
2025-12-22T05:16:54.987875,BUY,AIOUSDT,150.0,,,16.746000000000002,1.3396800000000002,-1.3396800000000002,,325.0758153182752,323.7361353182752
2025-12-22T05:16:56.243982,BUY,AIXBTUSDT,560.0,,,16.3128,0.652512,-0.652512,,323.7361353182752,323.0836233182752
2025-12-22T05:16:57.457702,BUY,AKEUSDT,41300.0,,,16.164820000000002,0.6465928000000001,-0.6465928000000001,,323.0836233182752,322.4370305182752
2025-12-22T05:16:58.737153,BUY,AKTUSDT,43.6,,,16.1102,0.644408,-0.644408,,322.4370305182752,321.7926225182752
2025-12-22T05:16:59.972977,BUY,ALCHUSDT,89.0,,,16.14994,0.807497,-0.807497,,321.7926225182752,320.9851255182752
2025-12-22T05:17:01.245394,BUY,ALGOUSDT,143.2,,,16.04556,0.32091119999999995,-0.32091119999999995,,320.9851255182752,320.6642143182752
2025-12-22T05:17:02.522977,BUY,ALTUSDT,1393.0,,,16.03343,0.6413371999999999,-0.6413371999999999,,320.6642143182752,320.0228771182752
2025-12-22T05:17:03.789868,BUY,ANKRUSDT,2479.0,,,15.999466,0.63997864,-0.63997864,,320.0228771182752,319.3828984782752
2025-12-22T05:17:05.048111,BUY,APEUSDT,79.5,,,15.963600000000001,0.319272,-0.319272,,319.3828984782752,319.0636264782752
2025-12-22T05:17:06.703356,BUY,API3USDT,38.4,,,15.95136,0.6380544,-0.6380544,,319.0636264782752,318.4255720782752
2025-12-22T05:17:08.404794,BUY,APTUSDT,10.06,,,15.92498,0.3184996,-0.3184996,,318.4255720782752,318.1070724782752
2025-12-22T05:17:09.625876,BUY,ARCUSDT,365.0,,,15.89575,1.27166,-1.27166,,318.1070724782752,316.8354124782752
2025-12-22T05:17:10.864137,BUY,ARKMUSDT,83.0,,,15.8696,0.317392,-0.317392,,316.8354124782752,316.5180204782752
2025-12-22T05:17:12.118126,BUY,ARKUSDT,62.0,,,15.834800000000001,0.6333920000000001,-0.6333920000000001,,316.5180204782752,315.8846284782752
2025-12-22T05:17:13.446031,BUY,ASTRUSDT,1566.0,,,15.789978,0.63159912,-0.63159912,,315.8846284782752,315.2530293582752
2025-12-22T05:17:14.676105,BUY,ATHUSDT,1660.0,,,15.786599999999998,0.6314639999999999,-0.6314639999999999,,315.2530293582752,314.62156535827523
2025-12-22T05:17:15.894874,BUY,ATOMUSDT,8.1,,,15.7383,0.209844,-0.209844,,314.62156535827523,314.41172135827526
2025-12-22T05:17:17.117578,BUY,ATUSDT,158.0,,,15.73522,0.786761,-0.786761,,314.41172135827526,313.62496035827525
2025-12-22T05:17:18.362450,BUY,AUCTIONUSDT,3.2,,,15.593600000000002,0.6237440000000001,-0.6237440000000001,,313.62496035827525,313.00121635827526
2025-12-22T05:17:19.658512,BUY,AVAAIUSDT,1572.0,,,15.64926,0.782463,-0.782463,,313.00121635827526,312.21875335827525
2025-12-22T05:17:20.892987,BUY,AVAXUSDT,1.3,,,15.745600000000001,0.314912,-0.314912,,312.21875335827525,311.90384135827526
2025-12-22T05:17:22.110532,BUY,AVLUSDT,198.0,,,15.562800000000001,0.77814,-0.77814,,311.90384135827526,311.12570135827525
2025-12-22T05:17:23.367790,BUY,AXSUSDT,18.4,,,15.597679999999999,0.3119536,-0.3119536,,311.12570135827525,310.81374775827527
2025-12-22T05:17:24.678215,BUY,BANANAUSDT,2.48,,,15.53968,0.6215872,-0.6215872,,310.81374775827527,310.19216055827525
2025-12-22T05:17:26.006566,BUY,BATUSDT,74.6,,,15.50188,0.6200752,-0.6200752,,310.19216055827525,309.5720853582753
2025-12-22T05:17:27.254197,BUY,BCHUSDT,0.03,,,17.456999999999997,0.34913999999999995,-0.34913999999999995,,309.5720853582753,309.2229453582753
2025-12-22T05:17:28.477428,BUY,BEATUSDT,4.0,,,16.3824,0.655296,-0.655296,,309.2229453582753,308.5676493582753
2025-12-22T05:17:29.801625,BUY,BIOUSDT,368.0,,,15.42656,0.3085312,-0.3085312,,308.5676493582753,308.25911815827527
2025-12-22T05:17:31.254269,BUY,BLASTUSDT,20760.0,,,15.416376000000001,0.7708188,-0.7708188,,308.25911815827527,307.4882993582753
2025-12-22T05:17:32.465292,BUY,BLESSUSDT,1410.0,,,15.4113,1.232904,-1.232904,,307.4882993582753,306.2553953582753
2025-12-22T05:17:33.703039,BUY,BLUAIUSDT,3500.0,,,15.312500000000002,0.6125,-0.6125,,306.2553953582753,305.64289535827527
2025-12-22T05:17:34.957136,BUY,BNBUSDT,0.02,,,17.118,0.34236,-0.34236,,305.64289535827527,305.3005353582753
2025-12-22T05:17:36.239893,BUY,BOBBOBUSDT,1210.0,,,15.288350000000001,0.7644175000000001,-0.7644175000000001,,305.3005353582753,304.5361178582753
2025-12-22T05:17:37.452436,BUY,BOMEUSDT,26100.0,,,15.23718,0.3047436,-0.3047436,,304.5361178582753,304.2313742582753
2025-12-22T05:17:38.683854,BUY,BRETTUSDT,1080.0,,,15.195599999999999,0.30391199999999996,-0.30391199999999996,,304.2313742582753,303.9274622582753
2025-12-22T05:17:39.980398,BUY,BSUUSDT,108.0,,,15.17832,3.0356639999999997,-3.0356639999999997,,303.9274622582753,300.8917982582753
2025-12-22T05:17:41.251256,BUY,BTCUSDT,0.001,,,88.604,0.8860399999999999,-0.8860399999999999,,300.8917982582753,300.0057582582753
2025-12-22T05:17:42.490576,BUY,BUSDT,71.0,,,15.0733,1.205864,-1.205864,,300.0057582582753,298.7998942582753
2025-12-22T05:17:43.776582,BUY,C98USDT,676.9,,,14.939183,0.59756732,-0.59756732,,298.7998942582753,298.2023269382753
2025-12-22T05:17:45.471899,BUY,CAMPUSDT,2069.0,,,14.909213999999999,0.5963685599999999,-0.5963685599999999,,298.2023269382753,297.6059583782753
2025-12-22T05:17:46.921924,BUY,CATIUSDT,246.0,,,14.90022,0.745011,-0.745011,,297.6059583782753,296.86094737827534
2025-12-22T05:17:48.165713,BUY,CCUSDT,157.0,,,14.81766,0.5927064,-0.5927064,,296.86094737827534,296.26824097827534
2025-12-22T05:17:49.414720,BUY,CELOUSDT,123.7,,,14.819260000000002,0.5927704,-0.5927704,,296.26824097827534,295.67547057827534
2025-12-22T05:17:50.683714,BUY,CFXUSDT,208.0,,,14.7992,0.591968,-0.591968,,295.67547057827534,295.08350257827533
2025-12-22T05:17:51.906726,BUY,CGPTUSDT,517.0,,,14.765519999999999,0.5906208,-0.5906208,,295.08350257827533,294.4928817782753
2025-12-22T05:17:53.149928,BUY,CHRUSDT,354.3,,,14.724708,0.7362354,-0.7362354,,294.4928817782753,293.7566463782753
2025-12-22T05:17:54.419582,BUY,CKBUSDT,6170.0,,,14.69694,0.5878776,-0.5878776,,293.7566463782753,293.1687687782753
2025-12-22T05:17:55.647503,BUY,CLANKERUSDT,0.49,,,14.655899999999999,0.732795,-0.732795,,293.1687687782753,292.4359737782753
2025-12-22T05:17:57.355826,BUY,COMPUSDT,0.61,,,14.554599999999999,0.5821839999999999,-0.5821839999999999,,292.4359737782753,291.8537897782753
2025-12-22T05:17:58.630585,BUY,COOKIEUSDT,375.0,,,14.59125,0.58365,-0.58365,,291.8537897782753,291.27013977827534
2025-12-22T05:17:59.876774,BUY,COREUSDT,118.0,,,14.557659999999998,0.727883,-0.727883,,291.27013977827534,290.5422567782753
2025-12-22T05:18:01.164340,BUY,COTIUSDT,701.0,,,14.51771,0.5807084,-0.5807084,,290.5422567782753,289.9615483782753
2025-12-22T05:18:02.438840,BUY,CROSSUSDT,121.0,,,14.4716,0.72358,-0.72358,,289.9615483782753,289.2379683782753
2025-12-22T05:18:03.729757,BUY,CTCUSDT,58.0,,,14.447799999999999,0.577912,-0.577912,,289.2379683782753,288.66005637827527
2025-12-22T05:18:05.012031,BUY,CTSIUSDT,445.0,,,14.418,2.8836,-2.8836,,288.66005637827527,285.77645637827527
2025-12-22T05:18:06.263652,BUY,CUDISUSDT,500.0,,,14.305,0.7152499999999999,-0.7152499999999999,,285.77645637827527,285.06120637827524
2025-12-22T05:18:07.931330,BUY,CVXUSDT,8.24,,,14.2552,0.7127600000000001,-0.7127600000000001,,285.06120637827524,284.34844637827524
2025-12-22T05:18:09.167059,BUY,CYBERUSDT,20.6,,,14.238720000000002,0.5695488000000001,-0.5695488000000001,,284.34844637827524,283.77889757827523
2025-12-22T05:18:10.390422,BUY,CYSUSDT,38.0,,,14.1626,1.133008,-1.133008,,283.77889757827523,282.6458895782752
2025-12-22T05:18:11.885407,BUY,DOODUSDT,2110.0,,,14.16232,1.1329856,-1.1329856,,282.6458895782752,281.51290397827523
2025-12-22T05:18:13.186208,BUY,DOTUSDT,7.8,,,14.1024,0.28204799999999997,-0.28204799999999997,,281.51290397827523,281.23085597827526
2025-12-22T05:18:14.421836,BUY,DUSKUSDT,355.0,,,14.07575,1.1260599999999998,-1.1260599999999998,,281.23085597827526,280.10479597827526
2025-12-22T05:18:15.638716,BUY,DYDXUSDT,86.0,,,14.0094,0.280188,-0.280188,,280.10479597827526,279.82460797827525
2025-12-22T05:18:16.898210,BUY,EDUUSDT,91.5,,,13.990350000000001,0.6995175,-0.6995175,,279.82460797827525,279.12509047827524
2025-12-22T05:18:18.190759,BUY,EIGENUSDT,35.0,,,13.7935,0.27587,-0.27587,,279.12509047827524,278.84922047827524
2025-12-22T05:18:19.439154,BUY,ENAUSDT,66.0,,,13.959,0.27918,-0.27918,,278.84922047827524,278.57004047827525
2025-12-22T05:18:20.723772,BUY,ENSUSDT,1.5,,,14.355,0.2871,-0.2871,,278.57004047827525,278.28294047827524
2025-12-22T05:18:21.974892,BUY,EPICUSDT,21.0,,,13.7781,0.5511240000000001,-0.5511240000000001,,278.28294047827524,277.7318164782752
2025-12-22T05:18:23.210434,BUY,EPTUSDT,9370.0,,,13.88634,0.6943170000000001,-0.6943170000000001,,277.7318164782752,277.0374994782752
2025-12-22T05:18:24.504090,BUY,ETCUSDT,1.1,,,13.473900000000002,0.26947800000000005,-0.26947800000000005,,277.0374994782752,276.7680214782752
2025-12-22T05:18:25.740215,BUY,ETHBTCUSDT,410.0,,,13.954350000000002,0.5581740000000001,-0.5581740000000001,,276.7680214782752,276.2098474782752
2025-12-22T05:18:27.390305,BUY,ETHFIUSDT,19.2,,,13.83936,0.5535744,-0.5535744,,276.2098474782752,275.6562730782752
2025-12-22T05:18:28.742858,BUY,FILUSDT,10.7,,,13.7816,0.551264,-0.551264,,275.6562730782752,275.1050090782752
2025-12-22T05:18:30.416717,BUY,FLOCKUSDT,156.0,,,13.75452,0.5501808,-0.5501808,,275.1050090782752,274.5548282782752
2025-12-22T05:18:31.903501,BUY,FLOWUSDT,79.5,,,13.72965,0.549186,-0.549186,,274.5548282782752,274.00564227827516
2025-12-22T05:18:33.162440,BUY,FLUIDUSDT,5.3,,,13.7588,0.5503520000000001,-0.5503520000000001,,274.00564227827516,273.4552902782752
2025-12-22T05:18:34.398699,BUY,FOLKSUSDT,2.78,,,13.69428,0.6847139999999999,-0.6847139999999999,,273.4552902782752,272.7705762782752
2025-12-22T05:18:35.721604,BUY,GALAUSDT,2212.0,,,13.641404,0.18188538666666665,-0.18188538666666665,,272.7705762782752,272.5886908916085
2025-12-22T05:18:36.949157,BUY,GASUSDT,7.5,,,13.567499999999999,0.5427,-0.5427,,272.5886908916085,272.0459908916085
2025-12-22T05:18:38.216067,BUY,GIGGLEUSDT,0.197,,,13.60285,0.544114,-0.544114,,272.0459908916085,271.5018768916085
2025-12-22T05:18:39.484596,BUY,GLMUSDT,66.0,,,13.54254,0.5417016,-0.5417016,,271.5018768916085,270.9601752916085
2025-12-22T05:18:40.747041,BUY,GNOUSDT,0.111,,,13.53312,2.706624,-2.706624,,270.9601752916085,268.2535512916085
2025-12-22T05:18:42.046599,BUY,GRASSUSDT,45.0,,,13.383,0.53532,-0.53532,,268.2535512916085,267.7182312916085
2025-12-22T05:18:43.753525,BUY,HANAUSDT,1330.0,,,13.418370000000001,0.6709185000000001,-0.6709185000000001,,267.7182312916085,267.0473127916085
2025-12-22T05:18:45.007501,BUY,HBARUSDT,119.0,,,13.31015,0.17746866666666666,-0.17746866666666666,,267.0473127916085,266.86984412494184
2025-12-22T05:18:46.274053,BUY,HEIUSDT,112.5,,,13.341375,0.66706875,-0.66706875,,266.86984412494184,266.20277537494184
2025-12-22T05:18:47.548801,BUY,HFTUSDT,493.0,,,13.30607,0.7982045590881823,-0.7982045590881823,,266.20277537494184,265.4045708158537
2025-12-22T05:18:48.793897,BUY,HIPPOUSDT,14570.0,,,13.271813,0.66359065,-0.66359065,,265.4045708158537,264.74098016585367
2025-12-22T05:18:50.017887,BUY,HMSTRUSDT,62850.0,,,13.23621,0.5294484,-0.5294484,,264.74098016585367,264.2115317658537
2025-12-22T05:18:51.310924,BUY,HPOS10IUSDT,368.0,,,13.22224,1.0577792,-1.0577792,,264.2115317658537,263.15375256585367
2025-12-22T05:18:52.536224,BUY,HUMAUSDT,416.0,,,13.15808,0.5263232,-0.5263232,,263.15375256585367,262.6274293658537
2025-12-22T05:18:53.744756,BUY,HUSDT,90.0,,,13.1283,0.656415,-0.656415,,262.6274293658537,261.9710143658537
2025-12-22T05:18:54.982745,BUY,ICNTUSDT,34.0,,,13.0764,0.65382,-0.65382,,261.9710143658537,261.3171943658537
2025-12-22T05:18:56.219837,BUY,ICPUSDT,4.3,,,13.1408,0.262816,-0.262816,,261.3171943658537,261.0543783658537
2025-12-22T07:55:11.317009,BUY,IOUSDT,84.7,,,13.05227,0.5220908,-0.5220908,,261.0543783658537,260.5322875658537
2025-12-22T07:55:12.678195,BUY,IPUSDT,8.3,,,12.991990000000001,0.2598398,-0.2598398,,260.5322875658537,260.2724477658537
2025-12-22T07:55:14.149545,BUY,IRYSUSDT,390.0,,,13.07826,0.653913,-0.653913,,260.2724477658537,259.6185347658537
2025-12-22T07:55:15.459066,BUY,JCTUSDT,6500.0,,,12.980500000000001,0.51922,-0.51922,,259.6185347658537,259.0993147658537
2025-12-22T07:55:16.670810,BUY,JELLYJELLYUSDT,188.0,,,12.942296,0.6471148,-0.6471148,,259.0993147658537,258.4521999658537
2025-12-22T07:55:17.857078,BUY,JSTUSDT,320.0,,,12.9664,0.518656,-0.518656,,258.4521999658537,257.9335439658537
2025-12-22T07:55:19.040788,BUY,JTOUSDT,36.1,,,12.88048,0.2576096,-0.2576096,,257.9335439658537,257.67593436585366
2025-12-22T07:55:20.359603,BUY,KITEUSDT,145.0,,,12.873099999999999,0.25746199999999997,-0.25746199999999997,,257.67593436585366,257.4184723658537
2025-12-22T07:55:21.577935,BUY,KMNOUSDT,250.0,,,13.010000000000002,0.5204000000000001,-0.5204000000000001,,257.4184723658537,256.8980723658537
2025-12-22T07:55:22.973233,BUY,LAUSDT,39.0,,,12.838799999999999,0.513552,-0.513552,,256.8980723658537,256.3845203658537
2025-12-22T07:55:24.363635,BUY,LINEAUSDT,1920.0,,,12.817919999999999,0.1709056,-0.1709056,,256.3845203658537,256.21361476585366
2025-12-22T07:55:25.830696,BUY,LUMIAUSDT,131.2,,,12.809055999999998,0.6404527999999999,-0.6404527999999999,,256.21361476585366,255.57316196585367
2025-12-22T07:55:27.262052,BUY,MANTAUSDT,174.5,,,12.778635000000001,0.5111454000000001,-0.5111454000000001,,255.57316196585367,255.06201656585367
2025-12-22T07:55:28.635880,BUY,MAVIAUSDT,258.0,,,12.755519999999999,0.6377759999999999,-0.6377759999999999,,255.06201656585367,254.42424056585367
2025-12-22T07:55:29.973087,BUY,MAVUSDT,487.0,,,12.73018,0.5092072000000001,-0.5092072000000001,,254.42424056585367,253.91503336585367
2025-12-22T07:55:31.330416,BUY,MBOXUSDT,426.0,,,12.70758,0.635379,-0.635379,,253.91503336585367,253.27965436585367
2025-12-22T07:55:32.694042,BUY,MELANIAUSDT,116.5,,,12.66122,0.5064488,-0.5064488,,253.27965436585367,252.7732055658537
2025-12-22T07:55:34.076886,BUY,MERLUSDT,30.4,,,12.64184,0.5056736000000001,-0.5056736000000001,,252.7732055658537,252.2675319658537
2025-12-22T07:55:35.461385,BUY,METUSDT,51.3,,,12.61467,0.2522934,-0.2522934,,252.2675319658537,252.01523856585368
2025-12-22T07:55:37.257024,BUY,MEUSDT,57.0,,,12.6141,0.504564,-0.504564,,252.01523856585368,251.5106745658537
2025-12-22T07:55:38.607846,BUY,MEWUSDT,14700.0,,,12.59202,0.2518404,-0.2518404,,251.5106745658537,251.2588341658537
2025-12-22T07:55:40.007660,BUY,MIRAUSDT,99.2,,,12.55872,0.25117439999999996,-0.25117439999999996,,251.2588341658537,251.0076597658537
2025-12-22T07:55:41.373342,BUY,MLNUSDT,2.6,,,12.433200000000001,0.6216600000000001,-0.6216600000000001,,251.0076597658537,250.3859997658537
2025-12-22T07:55:42.776437,BUY,MONUSDT,635.0,,,12.512039999999999,0.2502408,-0.2502408,,250.3859997658537,250.1357589658537
2025-12-22T07:55:44.143514,BUY,MOODENGUSDT,176.0,,,12.536480000000001,0.2507296,-0.2507296,,250.1357589658537,249.8850293658537
2025-12-22T07:55:45.479076,BUY,MORPHOUSDT,10.0,,,12.401,0.49604,-0.49604,,249.8850293658537,249.38898936585372
2025-12-22T07:55:46.823270,BUY,MOVEUSDT,380.0,,,12.464,0.49856,-0.49856,,249.38898936585372,248.89042936585372
2025-12-22T07:55:48.209315,BUY,MTLUSDT,35.9,,,12.435759999999998,0.6217879999999999,-0.6217879999999999,,248.89042936585372,248.2686413658537
2025-12-22T07:55:49.578989,BUY,MUBARAKUSDT,816.0,,,12.419519999999999,0.620976,-0.620976,,248.2686413658537,247.6476653658537
2025-12-22T07:55:50.951266,BUY,MUSDT,9.0,,,12.840300000000001,0.5136120000000001,-0.5136120000000001,,247.6476653658537,247.1340533658537
2025-12-22T07:55:52.388912,BUY,NEOUSDT,3.5,,,12.365499999999999,0.49461999999999995,-0.49461999999999995,,247.1340533658537,246.6394333658537
2025-12-22T07:55:53.696378,BUY,NFPUSDT,549.1,,,12.332786,0.6166393,-0.6166393,,246.6394333658537,246.0227940658537
2025-12-22T07:55:54.964533,BUY,NMRUSDT,1.3,,,12.049700000000001,0.4819880000000001,-0.4819880000000001,,246.0227940658537,245.5408060658537
2025-12-22T07:55:56.267558,BUY,OGUSDT,1.0,,,12.301,0.9840800000000001,-0.9840800000000001,,245.5408060658537,244.5567260658537
2025-12-22T07:55:57.467749,BUY,OKBUSDT,0.11,,,11.8096,0.47238399999999997,-0.47238399999999997,,244.5567260658537,244.0843420658537
2025-12-22T07:55:58.690668,BUY,OLUSDT,788.0,,,12.19824,0.609912,-0.609912,,244.0843420658537,243.47443006585368
2025-12-22T07:55:59.914493,BUY,OMUSDT,174.0,,,12.13998,0.2427996,-0.2427996,,243.47443006585368,243.23163046585367
2025-12-22T07:56:01.109786,BUY,ONDOUSDT,31.0,,,12.1861,0.243722,-0.243722,,243.23163046585367,242.98790846585368
2025-12-22T07:56:02.750419,BUY,OPUSDT,44.3,,,12.155919999999998,0.24311839999999996,-0.24311839999999996,,242.98790846585368,242.7447900658537
2025-12-22T07:56:03.971351,BUY,ORCAUSDT,11.2,,,12.14752,0.4859008,-0.4859008,,242.7447900658537,242.2588892658537
2025-12-22T07:56:05.194776,BUY,OXTUSDT,480.0,,,12.1488,0.971904,-0.971904,,242.2588892658537,241.2869852658537
2025-12-22T07:56:06.403050,BUY,PARTIUSDT,111.0,,,12.04017,0.6020085,-0.6020085,,241.2869852658537,240.6849767658537
2025-12-22T07:56:07.601857,BUY,PAXGUSDT,0.003,,,13.245300000000002,0.26490600000000003,-0.26490600000000003,,240.6849767658537,240.4200707658537
2025-12-22T07:56:09.231132,BUY,PEOPLEUSDT,1282.0,,,12.017468000000001,0.48069872,-0.48069872,,240.4200707658537,239.9393720458537
2025-12-22T07:56:11.096720,BUY,PIXELUSDT,1534.0,,,11.995880000000001,0.4798352000000001,-0.4798352000000001,,239.9393720458537,239.4595368458537
2025-12-22T07:56:12.325030,BUY,PLUMEUSDT,692.0,,,11.97852,0.2395704,-0.2395704,,239.4595368458537,239.21996644585371
2025-12-22T07:56:13.582823,BUY,POLUSDT,112.0,,,12.014240000000001,0.16018986666666668,-0.16018986666666668,,239.21996644585371,239.05977657918706
2025-12-22T07:56:14.827041,BUY,POPCATUSDT,148.0,,,11.964319999999999,0.23928639999999998,-0.23928639999999998,,239.05977657918706,238.82049017918706
2025-12-22T07:56:16.056055,BUY,PORTALUSDT,566.5,,,11.941820000000002,0.597091,-0.597091,,238.82049017918706,238.22339917918706
2025-12-22T07:56:17.315019,BUY,PROMUSDT,1.6,,,11.840000000000002,0.5920000000000001,-0.5920000000000001,,238.22339917918706,237.63139917918704
2025-12-22T07:56:18.569195,BUY,PUFFERUSDT,193.0,,,11.86371,0.5931854999999999,-0.5931854999999999,,237.63139917918704,237.03821367918704
2025-12-22T07:56:19.785522,BUY,PUMPFUNUSDT,5900.0,,,11.8944,0.15859199999999998,-0.15859199999999998,,237.03821367918704,236.87962167918704
2025-12-22T07:56:20.998683,BUY,PYTHUSDT,198.0,,,11.85426,0.2370852,-0.2370852,,236.87962167918704,236.64253647918704
2025-12-22T07:56:22.200910,BUY,QNTUSDT,0.15,,,11.571,0.694121175764847,-0.694121175764847,,236.64253647918704,235.9484153034222
2025-12-22T07:56:23.389278,BUY,QUSDT,820.0,,,11.86786,0.5933930000000001,-0.5933930000000001,,235.9484153034222,235.3550223034222
2025-12-22T07:56:24.608920,BUY,RAVEUSDT,23.0,,,11.765649999999999,0.470626,-0.470626,,235.3550223034222,234.8843963034222
2025-12-22T07:56:26.220617,BUY,RAYDIUMUSDT,12.8,,,11.78752,0.47150080000000005,-0.47150080000000005,,234.8843963034222,234.4128955034222
2025-12-22T07:56:27.483559,BUY,RESOLVUSDT,155.0,,,11.721100000000002,0.46884400000000004,-0.46884400000000004,,234.4128955034222,233.9440515034222
2025-12-22T07:56:28.701758,BUY,RIVERUSDT,2.1,,,11.949000000000002,0.47796000000000005,-0.47796000000000005,,233.9440515034222,233.4660915034222
2025-12-22T07:56:29.893942,BUY,RLSUSDT,700.0,,,11.6893,0.584465,-0.584465,,233.4660915034222,232.8816265034222
2025-12-22T07:56:31.188665,BUY,RSRUSDT,4540.0,,,11.6451,0.465804,-0.465804,,232.8816265034222,232.41582250342222
2025-12-22T07:56:32.403282,BUY,RUNEUSDT,20.1,,,11.63589,0.4654356,-0.4654356,,232.41582250342222,231.9503869034222
2025-12-22T07:56:33.632533,BUY,RVNUSDT,1677.0,,,11.599809,0.46399236,-0.46399236,,231.9503869034222,231.48639454342222
2025-12-22T07:56:34.888599,BUY,SANDUSDT,99.0,,,11.57409,0.2314818,-0.2314818,,231.48639454342222,231.2549127434222
2025-12-22T07:56:36.105604,BUY,SAPIENUSDT,95.0,,,11.55105,0.5775525,-0.5775525,,231.2549127434222,230.6773602434222
2025-12-22T07:56:37.326434,BUY,SCRTUSDT,111.2,,,11.529216,0.5764608,-0.5764608,,230.6773602434222,230.1008994434222
2025-12-22T07:56:38.540419,BUY,SEIUSDT,103.0,,,11.47111,0.2294222,-0.2294222,,230.1008994434222,229.87147724342222
2025-12-22T07:56:39.780092,BUY,SHIB1000USDT,1580.0,,,11.48502,0.2297004,-0.2297004,,229.87147724342222,229.6417768434222
2025-12-22T07:56:40.986217,BUY,SIGNUSDT,320.0,,,11.456,0.45824,-0.45824,,229.6417768434222,229.18353684342222
2025-12-22T07:56:42.216732,BUY,SKLUSDT,1123.0,,,11.462461000000001,0.45849844000000006,-0.45849844000000006,,229.18353684342222,228.72503840342222
2025-12-22T07:56:43.464741,BUY,SKYUSDT,170.0,,,11.376399999999999,0.5688199999999999,-0.5688199999999999,,228.72503840342222,228.15621840342223
2025-12-22T07:56:44.711398,BUY,SOLAYERUSDT,69.0,,,11.4264,0.45705599999999996,-0.45705599999999996,,228.15621840342223,227.69916240342224
2025-12-22T07:56:46.020020,BUY,SOSOUSDT,20.0,,,11.174,0.5587,-0.5587,,227.69916240342224,227.14046240342225
2025-12-22T07:56:47.227672,BUY,SPKUSDT,560.0,,,11.373600000000001,0.45494400000000007,-0.45494400000000007,,227.14046240342225,226.68551840342224
2025-12-22T07:56:48.490418,BUY,STABLEUSDT,1000.0,,,11.36,0.22719999999999999,-0.22719999999999999,,226.68551840342224,226.45831840342223
2025-12-22T07:56:50.147309,BUY,STRKUSDT,141.2,,,11.320003999999999,0.22640007999999998,-0.22640007999999998,,226.45831840342223,226.23191832342224
2025-12-22T07:56:51.358027,BUY,STXUSDT,45.2,,,11.322600000000001,0.22645200000000001,-0.22645200000000001,,226.23191832342224,226.00546632342224
2025-12-22T07:56:52.555593,BUY,SUIUSDT,10.0,,,14.526,0.29052,-0.29052,,226.00546632342224,225.71494632342225
2025-12-22T07:56:53.746888,BUY,SUNUSDT,550.0,,,11.2145,0.44858,-0.44858,,225.71494632342225,225.26636632342226
2025-12-22T07:56:54.963746,BUY,SUPERUSDT,49.0,,,11.1671,0.44668399999999997,-0.44668399999999997,,225.26636632342226,224.81968232342226
2025-12-22T07:56:56.181116,BUY,SUSDT,148.0,,,11.2184,0.224368,-0.224368,,224.81968232342226,224.59531432342226
2025-12-22T07:56:57.386937,BUY,SWARMSUSDT,663.0,,,11.23122,0.561561,-0.561561,,224.59531432342226,224.03375332342225
2025-12-22T07:56:58.593883,BUY,SXPUSDT,176.0,,,11.202399999999999,0.56012,-0.56012,,224.03375332342225,223.47363332342223
2025-12-22T07:56:59.846806,BUY,SYSUSDT,657.0,,,11.18214,0.559107,-0.559107,,223.47363332342223,222.91452632342222
2025-12-22T07:57:01.091385,BUY,TAIUSDT,564.0,,,11.15028,2.2300560000000003,-2.2300560000000003,,222.91452632342222,220.68447032342223
2025-12-22T07:57:02.308417,BUY,TAOUSDT,0.049,,,11.03774,0.2207548,-0.2207548,,220.68447032342223,220.46371552342222
2025-12-22T07:57:03.538968,BUY,THETAUSDT,39.7,,,11.024690000000001,0.44098760000000004,-0.44098760000000004,,220.46371552342222,220.02272792342222
2025-12-22T07:57:04.761364,BUY,TIAUSDT,23.6,,,10.99524,0.2199048,-0.2199048,,220.02272792342222,219.80282312342223
2025-12-22T07:57:06.018358,BUY,TRBUSDT,0.58,,,11.072199999999999,2.2144399999999997,-2.2144399999999997,,219.80282312342223,217.58838312342223
2025-12-22T07:57:07.286351,BUY,TRUSTUSDT,102.0,,,10.86402,0.4345608,-0.4345608,,217.58838312342223,217.15382232342222
2025-12-22T07:57:08.478422,BUY,TRUTHUSDT,490.0,,,10.88682,0.4354728,-0.4354728,,217.15382232342222,216.7183495234222
2025-12-22T07:57:09.688433,BUY,TRUUSDT,1267.0,,,10.839185,0.8671348000000001,-0.8671348000000001,,216.7183495234222,215.8512147234222
2025-12-22T07:57:11.136074,BUY,TSTBSCUSDT,659.0,,,10.794419999999999,0.43177679999999996,-0.43177679999999996,,215.8512147234222,215.4194379234222
2025-12-22T07:57:12.575862,BUY,TWTUSDT,13.0,,,10.7965,0.43186,-0.43186,,215.4194379234222,214.9875779234222
2025-12-22T07:57:13.789751,BUY,UAIUSDT,59.0,,,10.7321,0.42928400000000005,-0.42928400000000005,,214.9875779234222,214.5582939234222
2025-12-22T07:57:15.478085,BUY,USUSDT,920.0,,,10.6996,0.42798400000000003,-0.42798400000000003,,214.5582939234222,214.1303099234222
2025-12-22T07:57:16.690345,BUY,VANRYUSDT,1463.0,,,10.707697,0.53538485,-0.53538485,,214.1303099234222,213.5949250734222
2025-12-22T07:57:17.867501,BUY,VELODROMEUSDT,538.0,,,10.67392,0.5336960000000001,-0.5336960000000001,,213.5949250734222,213.0612290734222
2025-12-22T07:57:19.069278,BUY,VELOUSDT,1600.0,,,10.668800000000001,0.426752,-0.426752,,213.0612290734222,212.6344770734222
2025-12-22T07:57:20.281486,BUY,VETUSDT,1005.0,,,10.631895,0.4252758,-0.4252758,,212.6344770734222,212.2092012734222
2025-12-22T07:57:21.531654,BUY,VINEUSDT,382.0,,,10.623420000000001,0.42493680000000006,-0.42493680000000006,,212.2092012734222,211.78426447342218
2025-12-22T07:57:22.724849,BUY,VIRTUALUSDT,15.0,,,10.9335,0.21867,-0.21867,,211.78426447342218,211.56559447342218
2025-12-22T07:57:23.917116,BUY,VVVUSDT,7.76,,,10.578432,0.42313727999999995,-0.42313727999999995,,211.56559447342218,211.1424571934222
2025-12-22T07:57:25.158258,BUY,WAXPUSDT,1400.0,,,10.57,0.6340731853629273,-0.6340731853629273,,211.1424571934222,210.50838400805927
2025-12-22T07:57:26.421526,BUY,WETUSDT,46.0,,,10.44936,0.2089872,-0.2089872,,210.50838400805927,210.29939680805927
2025-12-22T07:57:27.651458,BUY,WLDUSDT,20.4,,,10.491719999999999,0.20983439999999998,-0.20983439999999998,,210.29939680805927,210.08956240805927
2025-12-22T07:57:28.888523,BUY,WOOUSDT,387.8,,,10.505502,0.5252751,-0.5252751,,210.08956240805927,209.56428730805928
2025-12-22T07:57:30.080616,BUY,WUSDT,301.1,,,10.47828,0.2095656,-0.2095656,,209.56428730805928,209.3547217080593
2025-12-22T07:57:31.295534,BUY,XAIUSDT,685.0,,,10.47365,0.418946,-0.418946,,209.3547217080593,208.93577570805928
2025-12-22T07:57:32.550559,BUY,XCHUSDT,2.14,,,10.42608,2.085216,-2.085216,,208.93577570805928,206.85055970805928
2025-12-22T07:57:33.756212,BUY,XCNUSDT,2190.0,,,10.33899,2.0677980000000002,-2.0677980000000002,,206.85055970805928,204.78276170805927
2025-12-22T07:57:34.975482,BUY,XIONUSDT,51.8,,,10.244486,2.0488972,-2.0488972,,204.78276170805927,202.73386450805927
2025-12-22T07:57:36.595218,BUY,XNYUSDT,2540.0,,,10.134599999999999,2.0269199999999996,-2.0269199999999996,,202.73386450805927,200.70694450805928
2025-12-22T07:57:37.817388,BUY,XPINUSDT,3400.0,,,10.17348,0.508674,-0.508674,,200.70694450805928,200.19827050805927
2025-12-22T07:57:39.038288,BUY,XRPUSDT,5.2,,,9.98816,0.1331754666666667,-0.1331754666666667,,200.19827050805927,200.0650950413926
2025-12-22T07:57:40.281218,BUY,YALAUSDT,511.0,,,10.00538,0.5002690000000001,-0.5002690000000001,,200.0650950413926,199.5648260413926
2025-12-22T07:57:41.556561,BUY,ZBTUSDT,134.5,,,9.978555,0.1995711,-0.1995711,,199.5648260413926,199.3652549413926
2025-12-22T07:57:42.774327,BUY,ZECUSDT,0.02,,,8.9032,0.356128,-0.356128,,199.3652549413926,199.0091269413926
2025-12-22T07:57:44.005360,BUY,ZENUSDT,1.3,,,10.2544,0.41017600000000004,-0.41017600000000004,,199.0091269413926,198.5989509413926
2025-12-22T07:57:45.207912,BUY,ZEREBROUSDT,352.0,,,9.93344,0.7946751999999999,-0.7946751999999999,,198.5989509413926,197.8042757413926
2025-12-22T07:57:46.451017,BUY,ZKCUSDT,99.3,,,9.889287,0.39557148,-0.39557148,,197.8042757413926,197.4087042613926
2025-12-22T07:57:47.676251,BUY,ZROUSDT,7.5,,,9.82725,0.39309,-0.39309,,197.4087042613926,197.01561426139259
2025-12-22T07:58:50.132539,BUY,0GUSDT,12.4,,,9.862960000000001,0.19725920000000002,-0.19725920000000002,,197.01561426139259,196.8183550613926
2025-12-22T07:58:51.774393,BUY,1000000BABYDOGEUSDT,16800.0,,,9.86496,0.3945984,-0.3945984,,196.8183550613926,196.4237566613926
2025-12-22T07:58:53.067200,BUY,1000BONKUSDT,1200.0,,,9.7704,0.195408,-0.195408,,196.4237566613926,196.2283486613926
2025-12-22T07:58:54.251956,BUY,1000BTTUSDT,24800.0,,,9.80344,0.7842752000000001,-0.7842752000000001,,196.2283486613926,195.4440734613926
2025-12-22T07:58:55.501412,BUY,1000CATUSDT,3773.0,,,9.77207,0.3908828,-0.3908828,,195.4440734613926,195.0531906613926
2025-12-22T07:58:56.741355,BUY,1000NEIROCTOUSDT,92.0,,,9.76396,0.19527920000000001,-0.19527920000000001,,195.0531906613926,194.8579114613926
2025-12-22T07:58:57.938769,BUY,1000PEPEUSDT,2400.0,,,9.5976,0.191952,-0.191952,,194.8579114613926,194.66595946139262
2025-12-22T07:58:59.157651,BUY,1000RATSUSDT,240.0,,,9.722399999999999,0.48611999999999994,-0.48611999999999994,,194.66595946139262,194.17983946139262
2025-12-22T07:59:00.345771,BUY,1000TAGUSDT,20.0,,,9.772,1.9544000000000001,-1.9544000000000001,,194.17983946139262,192.22543946139263
2025-12-22T07:59:01.555938,BUY,1000TOSHIUSDT,30.0,,,9.696,0.19391999999999998,-0.19391999999999998,,192.22543946139263,192.03151946139263
2025-12-22T07:59:02.776577,BUY,1000TURBOUSDT,6.0,,,10.1538,0.406152,-0.406152,,192.03151946139263,191.62536746139264
2025-12-22T07:59:03.970597,BUY,1000XECUSDT,930.0,,,9.60318,0.7682544,-0.7682544,,191.62536746139264,190.85711306139265
2025-12-22T07:59:05.202998,BUY,2ZUSDT,88.0,,,9.54624,0.19092479999999998,-0.19092479999999998,,190.85711306139265,190.66618826139265
2025-12-22T07:59:06.459351,BUY,ACHUSDT,1230.0,,,9.51405,0.38056199999999996,-0.38056199999999996,,190.66618826139265,190.28562626139265
2025-12-22T07:59:07.668930,BUY,ACTUSDT,297.0,,,9.50103,0.4750515,-0.4750515,,190.28562626139265,189.81057476139264
2025-12-22T07:59:08.882814,BUY,ADAUSDT,26.0,,,9.503,0.12670666666666666,-0.12670666666666666,,189.81057476139264,189.68386809472597
2025-12-22T07:59:10.098132,BUY,AEROUSDT,19.0,,,9.5057,0.38022799999999995,-0.38022799999999995,,189.68386809472597,189.30364009472598
2025-12-22T07:59:11.283623,BUY,AEVOUSDT,262.8,,,9.463428,0.37853712,-0.37853712,,189.30364009472598,188.92510297472597
2025-12-22T07:59:12.960139,BUY,AIOUSDT,80.0,,,8.912799999999999,0.7130239999999999,-0.7130239999999999,,188.92510297472597,188.21207897472598
2025-12-22T07:59:14.179042,BUY,AIXBTUSDT,320.0,,,9.296,0.37183999999999995,-0.37183999999999995,,188.21207897472598,187.840238974726
2025-12-22T07:59:15.380502,BUY,AKEUSDT,23800.0,,,9.38434,0.3753736,-0.3753736,,187.840238974726,187.464865374726
2025-12-22T07:59:16.586219,BUY,AKTUSDT,25.1,,,9.357280000000001,0.37429120000000005,-0.37429120000000005,,187.464865374726,187.09057417472602
2025-12-22T07:59:17.796388,BUY,ALCHUSDT,52.0,,,9.37612,0.468806,-0.468806,,187.09057417472602,186.62176817472601
2025-12-22T07:59:19.033430,BUY,ALGOUSDT,83.9,,,9.32968,0.1865936,-0.1865936,,186.62176817472601,186.435174574726
2025-12-22T07:59:20.279330,BUY,ALTUSDT,813.0,,,9.325923,0.37303692,-0.37303692,,186.435174574726,186.062137654726
2025-12-22T07:59:21.505889,BUY,ANKRUSDT,1438.0,,,9.300984,0.37203936,-0.37203936,,186.062137654726,185.690098294726
2025-12-22T07:59:22.711392,BUY,APEUSDT,46.3,,,9.292409999999999,0.18584819999999996,-0.18584819999999996,,185.690098294726,185.504250094726
2025-12-22T07:59:23.923985,BUY,API3USDT,22.2,,,9.28848,0.3715392,-0.3715392,,185.504250094726,185.132710894726
2025-12-22T07:59:25.140706,BUY,APTUSDT,5.8,,,9.262599999999999,0.18525199999999997,-0.18525199999999997,,185.132710894726,184.947458894726
2025-12-22T07:59:26.369334,BUY,ARCUSDT,222.0,,,9.26628,0.7413024,-0.7413024,,184.947458894726,184.206156494726
2025-12-22T07:59:27.560260,BUY,ARKMUSDT,48.0,,,9.2064,0.18412800000000001,-0.18412800000000001,,184.206156494726,184.02202849472602
2025-12-22T07:59:28.751956,BUY,ARKUSDT,36.0,,,9.162,0.36648000000000003,-0.36648000000000003,,184.02202849472602,183.65554849472602
2025-12-22T07:59:39.335866,BUY,FILUSDT,7.1,,,9.137699999999999,0.36550799999999994,-0.36550799999999994,,183.65554849472602,183.29004049472601
2025-12-22T07:59:40.985631,BUY,FLOCKUSDT,105.0,,,9.16755,0.36670200000000003,-0.36670200000000003,,183.29004049472601,182.923338494726
2025-12-22T07:59:42.214625,BUY,FLOWUSDT,53.3,,,9.146279999999999,0.3658512,-0.3658512,,182.923338494726,182.557487294726
2025-12-22T07:59:43.430964,BUY,FLUIDUSDT,3.5,,,9.1175,0.36469999999999997,-0.36469999999999997,,182.557487294726,182.192787294726
2025-12-22T07:59:44.654652,BUY,FOLKSUSDT,1.9,,,9.100999999999999,0.45504999999999995,-0.45504999999999995,,182.192787294726,181.737737294726
2025-12-22T07:59:45.918507,BUY,GALAUSDT,1467.0,,,9.086598,0.12115464000000001,-0.12115464000000001,,181.737737294726,181.61658265472602
2025-12-22T07:59:47.134233,BUY,GASUSDT,5.0,,,9.084999999999999,0.36339999999999995,-0.36339999999999995,,181.61658265472602,181.253182654726
2025-12-22T07:59:49.546885,BUY,GIGGLEUSDT,0.134,,,9.06376,0.3625504,-0.3625504,,181.253182654726,180.890632254726
2025-12-22T07:59:51.512977,BUY,GLMUSDT,44.0,,,9.10844,0.3643376,-0.3643376,,180.890632254726,180.526294654726
2025-12-22T07:59:52.779184,BUY,GNOUSDT,0.074,,,9.08128,1.8162559999999999,-1.8162559999999999,,180.526294654726,178.710038654726
2025-12-22T07:59:54.028717,BUY,GRASSUSDT,30.0,,,8.967,0.35868,-0.35868,,178.710038654726,178.351358654726
2025-12-22T07:59:55.324809,BUY,HANAUSDT,880.0,,,8.88448,0.444224,-0.444224,,178.351358654726,177.907134654726
2025-12-22T07:59:56.565760,BUY,HBARUSDT,79.0,,,8.86933,0.11825773333333332,-0.11825773333333332,,177.907134654726,177.78887692139267
2025-12-22T07:59:57.842267,BUY,HEIUSDT,74.5,,,8.890085000000001,0.44450425000000005,-0.44450425000000005,,177.78887692139267,177.34437267139268
2025-12-22T07:59:59.126084,BUY,HFTUSDT,326.0,,,8.85416,0.5311433713257349,-0.5311433713257349,,177.34437267139268,176.81322930006695
2025-12-22T08:00:00.399989,BUY,HIPPOUSDT,9650.0,,,8.838435,0.44192175,-0.44192175,,176.81322930006695,176.37130755006694
2025-12-22T08:00:01.697162,BUY,HMSTRUSDT,41990.0,,,8.8179,0.352716,-0.352716,,176.37130755006694,176.01859155006696
2025-12-22T08:00:03.459157,BUY,HPOS10IUSDT,243.0,,,8.813609999999999,0.7050888,-0.7050888,,176.01859155006696,175.31350275006696
2025-12-22T08:00:04.706688,BUY,HUMAUSDT,277.0,,,8.753200000000001,0.35012800000000005,-0.35012800000000005,,175.31350275006696,174.96337475006695
2025-12-22T08:00:05.974481,BUY,HUSDT,60.0,,,8.664,0.4332,-0.4332,,174.96337475006695,174.53017475006695
2025-12-22T08:00:07.287535,BUY,ICNTUSDT,23.0,,,8.836599999999999,0.44182999999999995,-0.44182999999999995,,174.53017475006695,174.08834475006694
2025-12-22T08:00:08.588915,BUY,ICPUSDT,2.9,,,8.772499999999999,0.17545,-0.17545,,174.08834475006694,173.91289475006693
2025-12-22T08:00:09.973809,BUY,INJUSDT,1.9,,,8.7837,0.175674,-0.175674,,173.91289475006693,173.73722075006694
2025-12-22T08:00:11.334728,BUY,IOUSDT,56.5,,,8.6897,0.347588,-0.347588,,173.73722075006694,173.38963275006694
2025-12-22T08:00:12.609041,BUY,IPUSDT,5.6,,,8.64808,0.1729616,-0.1729616,,173.38963275006694,173.21667115006693
2025-12-22T08:00:13.868359,BUY,IRYSUSDT,260.0,,,8.692060000000001,0.4346030000000001,-0.4346030000000001,,173.21667115006693,172.78206815006692
2025-12-22T08:00:15.157021,BUY,JCTUSDT,4300.0,,,8.6043,0.34417200000000003,-0.34417200000000003,,172.78206815006692,172.43789615006693
2025-12-22T08:00:16.407041,BUY,JELLYJELLYUSDT,126.0,,,8.624699999999999,0.4312349999999999,-0.4312349999999999,,172.43789615006693,172.00666115006695
2025-12-22T08:00:17.669111,BUY,JSTUSDT,210.0,,,8.515500000000001,0.34062000000000003,-0.34062000000000003,,172.00666115006695,171.66604115006695
2025-12-22T08:00:18.915865,BUY,JTOUSDT,24.1,,,8.57719,0.1715438,-0.1715438,,171.66604115006695,171.49449735006695
2025-12-22T08:00:20.336552,BUY,KITEUSDT,97.0,,,8.56316,0.1712632,-0.1712632,,171.49449735006695,171.32323415006695
2025-12-22T08:00:21.614170,BUY,KMNOUSDT,170.0,,,8.785599999999999,0.35142399999999996,-0.35142399999999996,,171.32323415006695,170.97181015006694
2025-12-22T08:00:22.982419,BUY,LAUSDT,26.0,,,8.541,0.34164,-0.34164,,170.97181015006694,170.63017015006693
2025-12-22T08:00:24.288391,BUY,LINEAUSDT,1280.0,,,8.51712,0.1135616,-0.1135616,,170.63017015006693,170.51660855006693
2025-12-22T08:00:25.666494,BUY,LUMIAUSDT,87.4,,,8.528492,0.4264246,-0.4264246,,170.51660855006693,170.09018395006694
2025-12-22T08:00:27.011084,BUY,MANTAUSDT,116.5,,,8.507995,0.34031979999999995,-0.34031979999999995,,170.09018395006694,169.74986415006694
2025-12-22T08:00:28.258018,BUY,MAVIAUSDT,172.2,,,8.48946,0.424473,-0.424473,,169.74986415006694,169.32539115006693
2025-12-22T08:00:29.515465,BUY,MAVUSDT,325.0,,,8.4695,0.33878,-0.33878,,169.32539115006693,168.98661115006692
2025-12-22T08:00:30.775162,BUY,MBOXUSDT,284.0,,,8.4632,0.42316000000000004,-0.42316000000000004,,168.98661115006692,168.56345115006692
2025-12-22T08:00:32.045166,BUY,MELANIAUSDT,77.9,,,8.433454000000001,0.33733816000000005,-0.33733816000000005,,168.56345115006692,168.22611299006692
2025-12-22T08:00:33.323780,BUY,MERLUSDT,20.2,,,8.424208,0.33696832,-0.33696832,,168.22611299006692,167.8891446700669
2025-12-22T08:00:34.587624,BUY,METUSDT,34.1,,,8.40224,0.16804480000000002,-0.16804480000000002,,167.8891446700669,167.72109987006692
2025-12-22T08:00:35.841799,BUY,MEUSDT,38.0,,,8.3904,0.33561599999999997,-0.33561599999999997,,167.72109987006692,167.38548387006693
2025-12-22T08:00:37.081294,BUY,MEWUSDT,9800.0,,,8.37606,0.1675212,-0.1675212,,167.38548387006693,167.21796267006692
2025-12-22T08:00:38.349440,BUY,MIRAUSDT,66.3,,,8.36043,0.16720859999999999,-0.16720859999999999,,167.21796267006692,167.05075407006692
2025-12-22T08:00:39.585572,BUY,MLNUSDT,1.7,,,8.1175,0.405875,-0.405875,,167.05075407006692,166.6448790700669
2025-12-22T08:00:40.934313,BUY,MONUSDT,425.0,,,8.3385,0.16677,-0.16677,,166.6448790700669,166.4781090700669
2025-12-22T08:00:42.177441,BUY,MOODENGUSDT,117.0,,,8.30115,0.166023,-0.166023,,166.4781090700669,166.3120860700669
2025-12-22T08:00:43.459011,BUY,MORPHOUSDT,7.0,,,8.6674,0.346696,-0.346696,,166.3120860700669,165.9653900700669
2025-12-22T08:00:44.718121,BUY,MOVEUSDT,254.0,,,8.31088,0.3324352,-0.3324352,,165.9653900700669,165.6329548700669
2025-12-22T08:00:46.009961,BUY,MTLUSDT,23.9,,,8.264619999999999,0.41323099999999996,-0.41323099999999996,,165.6329548700669,165.2197238700669
2025-12-22T08:00:47.290495,BUY,MUBARAKUSDT,545.0,,,8.2622,0.41311,-0.41311,,165.2197238700669,164.8066138700669
2025-12-22T08:00:48.556752,BUY,MUSDT,6.0,,,8.5278,0.34111199999999997,-0.34111199999999997,,164.8066138700669,164.4655018700669
2025-12-22T08:00:49.991911,BUY,NEOUSDT,2.33,,,8.21791,0.3287164,-0.3287164,,164.4655018700669,164.1367854700669
2025-12-22T08:00:51.519700,BUY,NFPUSDT,366.4,,,8.20736,0.41036799999999996,-0.41036799999999996,,164.1367854700669,163.7264174700669
2025-12-22T08:00:52.920110,BUY,NMRUSDT,0.9,,,8.3088,0.332352,-0.332352,,163.7264174700669,163.39406547006692
2025-12-22T08:00:54.338791,BUY,OGUSDT,0.7,,,8.6345,0.6907599999999999,-0.6907599999999999,,163.39406547006692,162.7033054700669
2025-12-22T08:00:55.595187,BUY,OKBUSDT,0.08,,,8.58,0.3432,-0.3432,,162.7033054700669,162.3601054700669
2025-12-22T08:00:57.133723,BUY,OLUSDT,520.0,,,8.1224,0.40612000000000004,-0.40612000000000004,,162.3601054700669,161.95398547006693
2025-12-22T08:00:58.747661,BUY,OMUSDT,116.0,,,8.074760000000001,0.16149520000000003,-0.16149520000000003,,161.95398547006693,161.79249027006693
2025-12-22T08:01:00.030338,BUY,ONDOUSDT,21.0,,,8.2257,0.164514,-0.164514,,161.79249027006693,161.62797627006694
2025-12-22T08:01:02.192494,BUY,OPUSDT,29.6,,,8.08672,0.1617344,-0.1617344,,161.62797627006694,161.46624187006694
2025-12-22T08:01:03.497248,BUY,ORCAUSDT,7.5,,,8.1195,0.32478,-0.32478,,161.46624187006694,161.14146187006693
2025-12-22T08:01:04.789339,BUY,OXTUSDT,320.0,,,8.0576,0.6446080000000001,-0.6446080000000001,,161.14146187006693,160.49685387006693
2025-12-22T08:01:06.054579,BUY,PARTIUSDT,74.0,,,7.996440000000001,0.399822,-0.399822,,160.49685387006693,160.09703187006693
2025-12-22T08:01:07.312245,BUY,PAXGUSDT,0.002,,,8.8304,0.176608,-0.176608,,160.09703187006693,159.92042387006694
2025-12-22T08:01:08.631906,BUY,PEOPLEUSDT,855.0,,,7.9916849999999995,0.3196674,-0.3196674,,159.92042387006694,159.60075647006695
2025-12-22T08:01:09.973658,BUY,PIXELUSDT,1023.0,,,7.982469,0.31929876,-0.31929876,,159.60075647006695,159.28145771006695
2025-12-22T08:01:11.263397,BUY,PLUMEUSDT,461.0,,,7.96147,0.1592294,-0.1592294,,159.28145771006695,159.12222831006696
2025-12-22T08:01:12.538397,BUY,POLUSDT,74.0,,,7.9120800000000004,0.1054944,-0.1054944,,159.12222831006696,159.01673391006696
2025-12-22T08:01:13.826206,BUY,POPCATUSDT,99.0,,,7.98336,0.1596672,-0.1596672,,159.01673391006696,158.85706671006696
2025-12-22T08:01:15.065866,BUY,PORTALUSDT,374.1,,,7.942143,0.39710714999999996,-0.39710714999999996,,158.85706671006696,158.45995956006695
2025-12-22T08:01:16.381920,BUY,PROMUSDT,1.1,,,8.14,0.40700000000000003,-0.40700000000000003,,158.45995956006695,158.05295956006694
2025-12-22T08:17:21.527133,BUY,PUFFERUSDT,129.0,,,7.87545,0.39377249999999997,-0.39377249999999997,,158.05295956006694,157.65918706006693
2025-12-22T08:17:22.760290,BUY,PUMPFUNUSDT,3900.0,,,7.9014,0.105352,-0.105352,,157.65918706006693,157.55383506006692
2025-12-22T08:17:23.988301,BUY,PYTHUSDT,132.0,,,7.8738,0.157476,-0.157476,,157.55383506006692,157.3963590600669
2025-12-22T08:17:25.204430,BUY,QNTUSDT,0.1,,,7.695,0.4616076784643071,-0.4616076784643071,,157.3963590600669,156.9347513816026
2025-12-22T08:17:26.420380,BUY,QUSDT,530.0,,,7.78358,0.389179,-0.389179,,156.9347513816026,156.5455723816026
2025-12-22T08:17:28.019938,BUY,RAVEUSDT,13.0,,,7.9911,0.31964400000000004,-0.31964400000000004,,156.5455723816026,156.22592838160259
2025-12-22T08:17:29.253600,BUY,RAYDIUMUSDT,8.5,,,7.80215,0.31208600000000003,-0.31208600000000003,,156.22592838160259,155.9138423816026
2025-12-22T08:17:30.531071,BUY,RESOLVUSDT,104.0,,,7.826,0.31304,-0.31304,,155.9138423816026,155.6008023816026
2025-12-22T08:17:31.781038,BUY,RIVERUSDT,1.4,,,7.854,0.31416,-0.31416,,155.6008023816026,155.2866423816026
2025-12-22T08:17:32.995763,BUY,RLSUSDT,460.0,,,7.690740000000001,0.384537,-0.384537,,155.2866423816026,154.9021053816026
2025-12-22T08:17:34.271660,BUY,RSRUSDT,3030.0,,,7.744680000000001,0.30978720000000004,-0.30978720000000004,,154.9021053816026,154.59231818160262
2025-12-22T08:17:35.496290,BUY,RUNEUSDT,13.4,,,7.74386,0.3097544,-0.3097544,,154.59231818160262,154.28256378160262
2025-12-22T08:17:36.728882,BUY,RVNUSDT,1116.0,,,7.713792,0.30855168,-0.30855168,,154.28256378160262,153.97401210160263
2025-12-22T08:17:37.981467,BUY,SANDUSDT,66.0,,,7.69956,0.1539912,-0.1539912,,153.97401210160263,153.82002090160262
2025-12-22T08:17:39.153379,BUY,SAPIENUSDT,63.0,,,7.650720000000001,0.38253600000000004,-0.38253600000000004,,153.82002090160262,153.43748490160263
2025-12-22T08:17:40.376141,BUY,SCRTUSDT,74.3,,,7.6677599999999995,0.38338799999999995,-0.38338799999999995,,153.43748490160263,153.05409690160263
2025-12-22T08:17:41.627310,BUY,SEIUSDT,69.0,,,7.69833,0.1539666,-0.1539666,,153.05409690160263,152.90013030160264
2025-12-22T08:17:42.851481,BUY,SHIB1000USDT,1050.0,,,7.6188,0.152376,-0.152376,,152.90013030160264,152.74775430160264
2025-12-22T08:17:44.138013,BUY,SIGNUSDT,210.0,,,7.5243,0.300972,-0.300972,,152.74775430160264,152.44678230160264
2025-12-22T08:17:45.359474,BUY,SKLUSDT,744.0,,,7.619304,0.30477215999999996,-0.30477215999999996,,152.44678230160264,152.14201014160264
2025-12-22T08:17:46.585871,BUY,SKYUSDT,110.0,,,7.330400000000001,0.36652000000000007,-0.36652000000000007,,152.14201014160264,151.77549014160263
2025-12-22T08:17:47.813499,BUY,SOLAYERUSDT,46.0,,,7.6084,0.304336,-0.304336,,151.77549014160263,151.47115414160263
2025-12-22T08:17:49.075986,BUY,SOSOUSDT,14.0,,,7.812000000000001,0.39060000000000006,-0.39060000000000006,,151.47115414160263,151.08055414160262
2025-12-22T08:17:50.308278,BUY,SPKUSDT,370.0,,,7.5332,0.301328,-0.301328,,151.08055414160262,150.7792261416026
2025-12-22T08:17:51.528357,BUY,STABLEUSDT,670.0,,,7.544199999999999,0.150884,-0.150884,,150.7792261416026,150.62834214160262
2025-12-22T08:17:52.881993,BUY,STRKUSDT,93.9,,,7.529841,0.15059682,-0.15059682,,150.62834214160262,150.4777453216026
2025-12-22T08:17:54.080563,BUY,STXUSDT,30.1,,,7.52801,0.1505602,-0.1505602,,150.4777453216026,150.3271851216026
2025-12-22T08:17:55.288280,BUY,SUIUSDT,10.0,,,14.48,0.2896,-0.2896,,150.3271851216026,150.0375851216026
2025-12-22T08:17:56.485294,BUY,SUNUSDT,370.0,,,7.555770000000001,0.3022308,-0.3022308,,150.0375851216026,149.7353543216026
2025-12-22T08:17:57.681554,BUY,SUPERUSDT,33.0,,,7.5009,0.30003599999999997,-0.30003599999999997,,149.7353543216026,149.4353183216026
2025-12-22T08:17:58.874461,BUY,SUSDT,98.0,,,7.442119999999999,0.14884239999999999,-0.14884239999999999,,149.4353183216026,149.2864759216026
2025-12-22T08:18:00.102231,BUY,SWARMSUSDT,441.0,,,7.4573100000000005,0.3728655,-0.3728655,,149.2864759216026,148.9136104216026
2025-12-22T08:18:01.284839,BUY,SXPUSDT,117.1,,,7.444046999999999,0.37220234999999996,-0.37220234999999996,,148.9136104216026,148.5414080716026
2025-12-22T08:18:02.537889,BUY,SYSUSDT,437.0,,,7.4246300000000005,0.37123150000000005,-0.37123150000000005,,148.5414080716026,148.1701765716026
2025-12-22T08:18:03.773065,BUY,TAIUSDT,380.0,,,7.4062,1.4812400000000001,-1.4812400000000001,,148.1701765716026,146.6889365716026
2025-12-22T08:18:04.988165,BUY,TAOUSDT,0.033,,,7.41345,0.148269,-0.148269,,146.6889365716026,146.5406675716026
2025-12-22T08:18:06.193034,BUY,THETAUSDT,26.5,,,7.33255,0.293302,-0.293302,,146.5406675716026,146.2473655716026
2025-12-22T08:18:07.401121,BUY,TIAUSDT,15.7,,,7.32248,0.14644959999999999,-0.14644959999999999,,146.2473655716026,146.10091597160257
2025-12-22T08:18:08.659946,BUY,TRBUSDT,0.38,,,7.258000000000001,1.4516000000000002,-1.4516000000000002,,146.10091597160257,144.64931597160256
2025-12-22T08:18:09.900952,BUY,TRUSTUSDT,67.0,,,7.19714,0.2878856,-0.2878856,,144.64931597160256,144.36143037160255
2025-12-22T08:18:11.102426,BUY,TRUTHUSDT,330.0,,,7.3015799999999995,0.29206319999999997,-0.29206319999999997,,144.36143037160255,144.06936717160255
2025-12-22T08:18:12.316015,BUY,TRUUSDT,842.0,,,7.205836,0.57646688,-0.57646688,,144.06936717160255,143.49290029160255
2025-12-22T08:18:13.529550,BUY,TSTBSCUSDT,439.0,,,7.17326,0.2869304,-0.2869304,,143.49290029160255,143.20596989160256
2025-12-22T08:18:14.777038,BUY,TWTUSDT,8.6,,,7.136279999999999,0.28545119999999996,-0.28545119999999996,,143.20596989160256,142.92051869160255
2025-12-22T08:18:15.992107,BUY,UAIUSDT,39.0,,,7.11126,0.2844504,-0.2844504,,142.92051869160255,142.63606829160256
2025-12-22T08:18:17.294523,BUY,USUSDT,610.0,,,7.1126000000000005,0.28450400000000003,-0.28450400000000003,,142.63606829160256,142.35156429160256
2025-12-22T08:18:18.492393,BUY,VANRYUSDT,973.0,,,7.119441,0.35597205,-0.35597205,,142.35156429160256,141.99559224160257
2025-12-22T08:18:19.693652,BUY,VELODROMEUSDT,358.0,,,7.09198,0.354599,-0.354599,,141.99559224160257,141.64099324160256
2025-12-22T08:18:21.059207,BUY,VELOUSDT,1060.0,,,7.10306,0.2841224,-0.2841224,,141.64099324160256,141.35687084160256
2025-12-22T08:18:22.284673,BUY,VETUSDT,667.0,,,7.070867,0.28283468,-0.28283468,,141.35687084160256,141.07403616160255
2025-12-22T08:18:23.489634,BUY,VINEUSDT,256.0,,,7.05536,0.28221440000000003,-0.28221440000000003,,141.07403616160255,140.79182176160256
2025-12-22T08:18:24.690804,BUY,VIRTUALUSDT,10.0,,,7.208,0.14416,-0.14416,,140.79182176160256,140.64766176160256
2025-12-22T08:18:25.895096,BUY,VVVUSDT,5.2,,,7.03612,0.2814448,-0.2814448,,140.64766176160256,140.36621696160256
2025-12-22T08:18:27.117756,BUY,WAXPUSDT,930.0,,,7.0029,0.42008998200359926,-0.42008998200359926,,140.36621696160256,139.94612697959897
2025-12-22T08:18:28.365922,BUY,WETUSDT,31.0,,,7.08412,0.14168240000000001,-0.14168240000000001,,139.94612697959897,139.80444457959896
2025-12-22T08:18:29.604905,BUY,WLDUSDT,13.6,,,6.9904,0.13980800000000002,-0.13980800000000002,,139.80444457959896,139.66463657959898
2025-12-22T08:18:30.826079,BUY,WOOUSDT,257.8,,,6.983802,0.3491901,-0.3491901,,139.66463657959898,139.315446479599
2025-12-22T08:18:32.022687,BUY,WUSDT,199.8,,,6.967026,0.13934052,-0.13934052,,139.315446479599,139.176105959599
2025-12-22T08:18:33.229566,BUY,XAIUSDT,455.0,,,6.9524,0.278096,-0.278096,,139.176105959599,138.898009959599
2025-12-22T08:18:34.481769,BUY,XCHUSDT,1.42,,,6.9296,1.38592,-1.38592,,138.898009959599,137.512089959599
2025-12-22T08:18:35.681649,BUY,XCNUSDT,1460.0,,,6.882440000000001,1.3764880000000002,-1.3764880000000002,,137.512089959599,136.135601959599
2025-12-22T08:18:36.894364,BUY,XIONUSDT,34.3,,,6.809579,1.3619158,-1.3619158,,136.135601959599,134.773686159599
2025-12-22T08:18:38.208486,BUY,XNYUSDT,1690.0,,,6.72789,1.3455780000000002,-1.3455780000000002,,134.773686159599,133.42810815959902
2025-12-22T08:18:43.408702,BUY,XPINUSDT,2300.0,,,6.597779999999999,0.329889,-0.329889,,133.42810815959902,133.098219159599
2025-12-22T08:18:45.429215,BUY,XRPUSDT,3.5,,,6.7046,0.08939466666666666,-0.08939466666666666,,133.098219159599,133.00882449293235
2025-12-22T08:18:46.809764,BUY,YALAUSDT,339.0,,,6.65796,0.332898,-0.332898,,133.00882449293235,132.67592649293235
2025-12-22T08:18:48.703741,BUY,ZBTUSDT,89.4,,,6.631692,0.13263384,-0.13263384,,132.67592649293235,132.54329265293234
2025-12-22T08:18:52.513583,BUY,ZENUSDT,0.8,,,6.308,0.25232,-0.25232,,132.54329265293234,132.29097265293234
2025-12-22T08:18:54.621003,BUY,ZEREBROUSDT,233.0,,,6.61487,0.5291896,-0.5291896,,132.29097265293234,131.76178305293234
2025-12-22T08:18:57.031604,BUY,ZKCUSDT,66.3,,,6.587568,0.26350272,-0.26350272,,131.76178305293234,131.49828033293235
2025-12-22T08:18:59.362139,BUY,ZROUSDT,5.0,,,6.553,0.26212,-0.26212,,131.49828033293235,131.23616033293234
2025-12-22T08:20:02.708555,BUY,0GUSDT,8.2,,,6.569839999999999,0.13139679999999998,-0.13139679999999998,,131.23616033293234,131.10476353293234
2025-12-22T08:20:04.119002,BUY,1000000BABYDOGEUSDT,11100.0,,,6.5379000000000005,0.261516,-0.261516,,131.10476353293234,130.84324753293234
2025-12-22T08:20:05.799201,BUY,1000BONKUSDT,800.0,,,6.543200000000001,0.130864,-0.130864,,130.84324753293234,130.71238353293234
2025-12-22T08:20:07.149849,BUY,1000BTTUSDT,16500.0,,,6.51915,0.521532,-0.521532,,130.71238353293234,130.19085153293233
2025-12-22T08:20:08.510225,BUY,1000CATUSDT,2513.0,,,6.5086699999999995,0.2603468,-0.2603468,,130.19085153293233,129.93050473293232
2025-12-22T08:20:09.968948,BUY,1000NEIROCTOUSDT,61.0,,,6.505649999999999,0.13011299999999998,-0.13011299999999998,,129.93050473293232,129.80039173293233
2025-12-22T08:20:11.309247,BUY,1000PEPEUSDT,1600.0,,,6.4144000000000005,0.128288,-0.128288,,129.80039173293233,129.67210373293233
2025-12-22T08:20:12.685810,BUY,1000RATSUSDT,160.0,,,6.5184,0.32592,-0.32592,,129.67210373293233,129.34618373293233
2025-12-22T08:20:14.041302,BUY,1000TAGUSDT,13.0,,,6.4545,1.2909000000000002,-1.2909000000000002,,129.34618373293233,128.05528373293234
2025-12-22T08:20:15.400008,BUY,1000TOSHIUSDT,20.0,,,6.458,0.12916,-0.12916,,128.05528373293234,127.92612373293234
2025-12-22T08:20:16.749642,BUY,1000TURBOUSDT,4.0,,,6.7824,0.271296,-0.271296,,127.92612373293234,127.65482773293233
2025-12-22T08:20:18.537125,BUY,1000XECUSDT,620.0,,,6.40708,0.5125664,-0.5125664,,127.65482773293233,127.14226133293234
2025-12-22T08:20:19.964465,BUY,2ZUSDT,58.0,,,6.32142,0.1264284,-0.1264284,,127.14226133293234,127.01583293293234
2025-12-22T08:20:21.476320,BUY,ACHUSDT,820.0,,,6.34516,0.2538064,-0.2538064,,127.01583293293234,126.76202653293234
2025-12-22T08:20:22.819807,BUY,ACTUSDT,197.0,,,6.33355,0.3166775,-0.3166775,,126.76202653293234,126.44534903293234
2025-12-22T08:20:24.172293,BUY,ADAUSDT,17.0,,,6.2305,0.08307333333333333,-0.08307333333333333,,126.44534903293234,126.36227569959901
2025-12-22T08:20:25.645513,BUY,AEROUSDT,13.0,,,6.5039,0.260156,-0.260156,,126.36227569959901,126.10211969959902
2025-12-22T08:20:27.001010,BUY,AEVOUSDT,173.9,,,6.305614,0.25222456,-0.25222456,,126.10211969959902,125.84989513959901
2025-12-22T08:20:28.431212,BUY,AIOUSDT,60.0,,,6.7032,0.536256,-0.536256,,125.84989513959901,125.31363913959902
2025-12-22T08:20:29.818791,BUY,AIXBTUSDT,210.0,,,6.1341,0.245364,-0.245364,,125.31363913959902,125.06827513959902
2025-12-22T08:20:31.180661,BUY,AKEUSDT,15500.0,,,6.2496,0.249984,-0.249984,,125.06827513959902,124.81829113959903
2025-12-22T08:20:32.528089,BUY,AKTUSDT,16.7,,,6.2458,0.249832,-0.249832,,124.81829113959903,124.56845913959903
2025-12-22T08:20:33.888689,BUY,ALCHUSDT,34.0,,,6.1506,0.30752999999999997,-0.30752999999999997,,124.56845913959903,124.26092913959903
2025-12-22T08:20:35.263516,BUY,ALGOUSDT,55.8,,,6.215562,0.12431124,-0.12431124,,124.26092913959903,124.13661789959903
2025-12-22T08:20:36.702229,BUY,ALTUSDT,538.0,,,6.205292,0.24821168,-0.24821168,,124.13661789959903,123.88840621959903
2025-12-22T08:20:38.130504,BUY,ANKRUSDT,957.0,,,6.196575,0.247863,-0.247863,,123.88840621959903,123.64054321959904
2025-12-22T08:20:39.481781,BUY,APEUSDT,30.7,,,6.1799100000000005,0.1235982,-0.1235982,,123.64054321959904,123.51694501959904
2025-12-22T08:20:40.900824,BUY,API3USDT,14.7,,,6.16224,0.24648959999999998,-0.24648959999999998,,123.51694501959904,123.27045541959903
2025-12-22T08:20:42.272137,BUY,APTUSDT,3.84,,,6.1632,0.123264,-0.123264,,123.27045541959903,123.14719141959903
2025-12-22T08:20:43.679962,BUY,ARCUSDT,149.0,,,6.1686,0.493488,-0.493488,,123.14719141959903,122.65370341959903
2025-12-22T08:20:45.077989,BUY,ARKMUSDT,32.0,,,6.1632,0.123264,-0.123264,,122.65370341959903,122.53043941959902
2025-12-22T08:20:46.461002,BUY,ARKUSDT,24.0,,,6.1224,0.244896,-0.244896,,122.53043941959902,122.28554341959902
2025-12-22T08:20:47.924785,BUY,ASTRUSDT,605.0,,,6.1117099999999995,0.24446839999999997,-0.24446839999999997,,122.28554341959902,122.04107501959902
2025-12-22T08:20:49.259292,BUY,ATHUSDT,650.0,,,6.137300000000001,0.24549200000000002,-0.24549200000000002,,122.04107501959902,121.79558301959902
2025-12-22T08:20:50.680094,BUY,ATOMUSDT,3.1,,,6.045,0.0806,-0.0806,,121.79558301959902,121.71498301959902
2025-12-22T08:20:52.057894,BUY,ATUSDT,61.0,,,6.09878,0.30493899999999996,-0.30493899999999996,,121.71498301959902,121.41004401959901
2025-12-22T08:20:53.375842,BUY,AUCTIONUSDT,1.2,,,5.854799999999999,0.23419199999999996,-0.23419199999999996,,121.41004401959901,121.17585201959902
2025-12-22T08:20:54.749776,BUY,AVAAIUSDT,617.0,,,6.0577060000000005,0.3028853,-0.3028853,,121.17585201959902,120.87296671959902
2025-12-22T08:20:56.184340,BUY,AVAXUSDT,0.5,,,6.086,0.12172000000000001,-0.12172000000000001,,120.87296671959902,120.75124671959902
2025-12-22T08:20:57.545576,BUY,AVLUSDT,77.0,,,6.06606,0.303303,-0.303303,,120.75124671959902,120.44794371959902
2025-12-22T08:20:58.997504,BUY,AXSUSDT,7.1,,,6.0421,0.12084199999999999,-0.12084199999999999,,120.44794371959902,120.32710171959903
2025-12-22T08:21:00.443724,BUY,BANANAUSDT,0.96,,,6.0096,0.240384,-0.240384,,120.32710171959903,120.08671771959902
2025-12-22T08:21:02.181456,BUY,BATUSDT,28.8,,,6.01344,0.24053760000000002,-0.24053760000000002,,120.08671771959902,119.84618011959903
2025-12-22T08:21:03.567627,BUY,BCHUSDT,0.01,,,5.787999999999999,0.11575999999999999,-0.11575999999999999,,119.84618011959903,119.73042011959903
2025-12-22T08:21:06.521896,BUY,BIOUSDT,142.0,,,5.96968,0.1193936,-0.1193936,,119.73042011959903,119.61102651959904
2025-12-22T08:21:07.905642,BUY,BLASTUSDT,8280.0,,,5.978988,0.29894940000000003,-0.29894940000000003,,119.61102651959904,119.31207711959904
2025-12-22T08:21:09.272876,BUY,BLESSUSDT,540.0,,,5.9292,0.474336,-0.474336,,119.31207711959904,118.83774111959904
2025-12-22T08:21:10.623931,BUY,BLUAIUSDT,1360.0,,,5.92824,0.2371296,-0.2371296,,118.83774111959904,118.60061151959904
2025-12-22T08:21:12.016274,BUY,BNBUSDT,0.01,,,8.576,0.17152,-0.17152,,118.60061151959904,118.42909151959904
2025-12-22T08:21:13.459896,BUY,BOBBOBUSDT,480.0,,,5.9688,0.29844,-0.29844,,118.42909151959904,118.13065151959904
2025-12-22T08:21:14.822759,BUY,BOMEUSDT,10100.0,,,5.914560000000001,0.11829120000000001,-0.11829120000000001,,118.13065151959904,118.01236031959904
2025-12-22T08:21:16.225990,BUY,BRETTUSDT,420.0,,,5.9597999999999995,0.119196,-0.119196,,118.01236031959904,117.89316431959904
2025-12-22T08:21:18.068364,BUY,BSUUSDT,40.0,,,5.9436,1.18872,-1.18872,,117.89316431959904,116.70444431959903
2025-12-22T08:21:19.466322,BUY,BTCUSDT,0.001,,,88.8555,0.8885550000000001,-0.8885550000000001,,116.70444431959903,115.81588931959904
2025-12-22T08:21:20.858936,BUY,BUSDT,27.0,,,5.77044,0.46163519999999997,-0.46163519999999997,,115.81588931959904,115.35425411959903
2025-12-22T08:21:22.234949,BUY,C98USDT,260.0,,,5.7668,0.230672,-0.230672,,115.35425411959903,115.12358211959904
2025-12-22T08:21:23.621048,BUY,CAMPUSDT,808.0,,,5.759424,0.23037696,-0.23037696,,115.12358211959904,114.89320515959903
2025-12-22T08:21:24.997031,BUY,CATIUSDT,94.0,,,5.7152,0.28576,-0.28576,,114.89320515959903,114.60744515959904
2025-12-22T08:21:26.344463,BUY,CCUSDT,64.0,,,5.74784,0.2299136,-0.2299136,,114.60744515959904,114.37753155959903
2025-12-22T08:21:27.998366,BUY,CELOUSDT,47.4,,,5.7164399999999995,0.2286576,-0.2286576,,114.37753155959903,114.14887395959903
2025-12-22T08:21:29.343207,BUY,CFXUSDT,79.0,,,5.6959,0.227836,-0.227836,,114.14887395959903,113.92103795959903
2025-12-22T08:21:30.676520,BUY,CGPTUSDT,198.0,,,5.6845799999999995,0.22738319999999998,-0.22738319999999998,,113.92103795959903,113.69365475959903
2025-12-22T08:21:32.036136,BUY,CHRUSDT,136.6,,,5.6866579999999995,0.2843329,-0.2843329,,113.69365475959903,113.40932185959903
2025-12-22T08:21:33.854721,BUY,CKBUSDT,2380.0,,,5.67154,0.2268616,-0.2268616,,113.40932185959903,113.18246025959903
2025-12-22T08:21:35.224132,BUY,CLANKERUSDT,0.18,,,5.5368,0.27684000000000003,-0.27684000000000003,,113.18246025959903,112.90562025959902
2025-12-22T08:21:36.705408,BUY,COMPUSDT,0.24,,,5.7216,0.22886399999999998,-0.22886399999999998,,112.90562025959902,112.67675625959902
2025-12-22T08:21:38.072700,BUY,COOKIEUSDT,146.0,,,5.6531199999999995,0.2261248,-0.2261248,,112.67675625959902,112.45063145959902
2025-12-22T08:21:39.461597,BUY,COREUSDT,45.2,,,5.625140000000001,0.28125700000000003,-0.28125700000000003,,112.45063145959902,112.16937445959903
2025-12-22T08:21:40.861796,BUY,COTIUSDT,271.0,,,5.61783,0.22471319999999997,-0.22471319999999997,,112.16937445959903,111.94466125959903
2025-12-22T08:21:42.245819,BUY,CROSSUSDT,46.0,,,5.5407,0.27703500000000003,-0.27703500000000003,,111.94466125959903,111.66762625959903
2025-12-22T08:21:43.638988,BUY,CTCUSDT,23.0,,,5.7063,0.22825199999999998,-0.22825199999999998,,111.66762625959903,111.43937425959903
2025-12-22T08:21:45.046710,BUY,CTSIUSDT,172.0,,,5.5728,1.11456,-1.11456,,111.43937425959903,110.32481425959904
2025-12-22T08:21:46.427727,BUY,CUDISUSDT,190.0,,,5.443499999999999,0.27217499999999994,-0.27217499999999994,,110.32481425959904,110.05263925959903
2025-12-22T08:21:47.867553,BUY,CVXUSDT,3.19,,,5.50275,0.2751375,-0.2751375,,110.05263925959903,109.77750175959903
2025-12-22T08:21:49.236214,BUY,CYBERUSDT,7.9,,,5.46917,0.2187668,-0.2187668,,109.77750175959903,109.55873495959904
2025-12-22T08:21:50.619704,BUY,CYSUSDT,14.0,,,5.5202,0.441616,-0.441616,,109.55873495959904,109.11711895959904
2025-12-22T08:21:52.312786,BUY,DOODUSDT,820.0,,,5.42676,0.4341408,-0.4341408,,109.11711895959904,108.68297815959905
2025-12-22T08:21:53.647772,BUY,DOTUSDT,3.0,,,5.436,0.10872,-0.10872,,108.68297815959905,108.57425815959904
2025-12-22T08:21:55.017366,BUY,DUSKUSDT,135.0,,,5.4486,0.435888,-0.435888,,108.57425815959904,108.13837015959903
2025-12-22T08:21:56.381167,BUY,DYDXUSDT,33.1,,,5.40523,0.10810460000000001,-0.10810460000000001,,108.13837015959903,108.03026555959903
2025-12-22T08:21:57.866955,BUY,EDUUSDT,35.9,,,5.39936,0.269968,-0.269968,,108.03026555959903,107.76029755959902
2025-12-22T08:21:59.252046,BUY,EIGENUSDT,14.0,,,5.5832,0.111664,-0.111664,,107.76029755959902,107.64863355959902
2025-12-22T08:22:00.575869,BUY,ENAUSDT,26.0,,,5.486,0.10972,-0.10972,,107.64863355959902,107.53891355959902
2025-12-22T08:22:02.222088,BUY,ENSUSDT,0.6,,,5.7383999999999995,0.114768,-0.114768,,107.53891355959902,107.42414555959903
2025-12-22T08:22:03.618627,BUY,EPICUSDT,8.0,,,5.3968,0.21587199999999998,-0.21587199999999998,,107.42414555959903,107.20827355959902
2025-12-22T08:22:04.968897,BUY,EPTUSDT,3700.0,,,5.357600000000001,0.26788,-0.26788,,107.20827355959902,106.94039355959902
2025-12-22T08:22:07.406146,BUY,ETHBTCUSDT,160.0,,,5.45904,0.2183616,-0.2183616,,106.94039355959902,106.72203195959902
2025-12-22T08:22:08.922778,BUY,ETHFIUSDT,7.4,,,5.30654,0.2122616,-0.2122616,,106.72203195959902,106.50977035959902
2025-12-22T08:22:10.668692,BUY,FILUSDT,4.1,,,5.2848999999999995,0.21139599999999997,-0.21139599999999997,,106.50977035959902,106.29837435959902
2025-12-22T08:22:12.017633,BUY,FLOCKUSDT,60.0,,,5.279999999999999,0.21119999999999997,-0.21119999999999997,,106.29837435959902,106.08717435959902
2025-12-22T08:22:13.365776,BUY,FLOWUSDT,30.9,,,5.31171,0.2124684,-0.2124684,,106.08717435959902,105.87470595959901
2025-12-22T08:22:14.812053,BUY,FLUIDUSDT,2.0,,,5.202,0.20808,-0.20808,,105.87470595959901,105.66662595959902
2025-12-22T08:22:16.187084,BUY,FOLKSUSDT,1.07,,,5.299710000000001,0.26498550000000004,-0.26498550000000004,,105.66662595959902,105.40164045959902
2025-12-22T08:22:17.686122,BUY,GALAUSDT,848.0,,,5.272016000000001,0.07029354666666668,-0.07029354666666668,,105.40164045959902,105.33134691293236
2025-12-22T08:22:19.056285,BUY,GASUSDT,2.9,,,5.2519,0.210076,-0.210076,,105.33134691293236,105.12127091293236
2025-12-22T08:22:20.442292,BUY,GIGGLEUSDT,0.078,,,5.26344,0.2105376,-0.2105376,,105.12127091293236,104.91073331293236
2025-12-22T08:22:21.800142,BUY,GLMUSDT,25.0,,,5.17375,0.20695,-0.20695,,104.91073331293236,104.70378331293236
2025-12-22T08:22:23.227024,BUY,GNOUSDT,0.043,,,5.2696499999999995,1.0539299999999998,-1.0539299999999998,,104.70378331293236,103.64985331293236
2025-12-22T08:22:24.721892,BUY,GRASSUSDT,17.0,,,5.0949,0.203796,-0.203796,,103.64985331293236,103.44605731293237
2025-12-22T08:22:26.206829,BUY,HANAUSDT,510.0,,,5.19792,0.259896,-0.259896,,103.44605731293237,103.18616131293237
2025-12-22T08:22:27.971495,BUY,HBARUSDT,46.0,,,5.17316,0.06897546666666667,-0.06897546666666667,,103.18616131293237,103.1171858462657
2025-12-22T08:22:29.710846,BUY,HEIUSDT,43.2,,,5.159808000000001,0.25799040000000006,-0.25799040000000006,,103.1171858462657,102.8591954462657
2025-12-22T08:22:31.084811,BUY,HFTUSDT,189.0,,,5.15403,0.3091799640071985,-0.3091799640071985,,102.8591954462657,102.5500154822585
2025-12-22T08:22:32.453168,BUY,HIPPOUSDT,5590.0,,,5.126589,0.25632945,-0.25632945,,102.5500154822585,102.2936860322585
2025-12-22T08:22:34.260170,BUY,HMSTRUSDT,24270.0,,,5.113689,0.20454756,-0.20454756,,102.2936860322585,102.08913847225851
2025-12-22T08:22:35.759802,BUY,HPOS10IUSDT,140.0,,,5.100199999999999,0.40801599999999993,-0.40801599999999993,,102.08913847225851,101.68112247225851
2025-12-22T08:22:37.110567,BUY,HUMAUSDT,161.0,,,5.09565,0.203826,-0.203826,,101.68112247225851,101.4772964722585
2025-12-22T08:22:38.485265,BUY,HUSDT,40.0,,,5.788799999999999,0.28944,-0.28944,,101.4772964722585,101.1878564722585
2025-12-22T08:22:39.909631,BUY,ICNTUSDT,13.0,,,5.2052,0.26026,-0.26026,,101.1878564722585,100.9275964722585
2025-12-22T08:22:41.687192,BUY,ICPUSDT,1.7,,,5.1544,0.103088,-0.103088,,100.9275964722585,100.8245084722585
2025-12-22T08:22:43.206857,BUY,INJUSDT,1.1,,,5.1018,0.102036,-0.102036,,100.8245084722585,100.7224724722585
2025-12-22T08:22:44.660292,BUY,IOUSDT,32.5,,,5.03425,0.20137,-0.20137,,100.7224724722585,100.5211024722585
2025-12-22T08:22:47.037108,BUY,IRYSUSDT,150.0,,,5.1240000000000006,0.25620000000000004,-0.25620000000000004,,100.5211024722585,100.2649024722585
2025-12-22T08:22:48.396363,BUY,JCTUSDT,2500.0,,,5.015,0.2006,-0.2006,,100.2649024722585,100.0643024722585
2025-12-22T08:22:53.087479,BUY,KITEUSDT,57.0,,,5.03196,0.1006392,-0.1006392,,100.0643024722585,99.9636632722585
2025-12-22T08:22:54.436369,BUY,KMNOUSDT,100.0,,,5.1819999999999995,0.20728,-0.20728,,99.9636632722585,99.7563832722585
2025-12-22T08:22:55.906841,BUY,LAUSDT,15.2,,,5.00536,0.2002144,-0.2002144,,99.7563832722585,99.55616887225851
2025-12-22T08:22:57.389968,BUY,LINEAUSDT,750.0,,,5.013,0.06684,-0.06684,,99.55616887225851,99.48932887225851
2025-12-22T08:23:00.062113,BUY,MANTAUSDT,68.4,,,5.00004,0.2000016,-0.2000016,,99.48932887225851,99.28932727225852
2025-12-22T08:23:02.805777,BUY,MAVUSDT,191.0,,,5.00229,0.2000916,-0.2000916,,99.28932727225852,99.08923567225852
2025-12-22T08:23:06.264121,BUY,MERLUSDT,12.0,,,5.00688,0.2002752,-0.2002752,,99.08923567225852,98.88896047225853
2025-12-22T08:23:08.735957,BUY,MEUSDT,23.0,,,5.0807,0.20322800000000002,-0.20322800000000002,,98.88896047225853,98.68573247225854
2025-12-22T08:23:11.202805,BUY,MIRAUSDT,39.7,,,5.00617,0.1001234,-0.1001234,,98.68573247225854,98.58560907225853
2025-12-22T08:23:14.737671,BUY,MOODENGUSDT,70.0,,,5.007099999999999,0.100142,-0.100142,,98.58560907225853,98.48546707225853
2025-12-22T08:23:17.557502,BUY,MOVEUSDT,153.0,,,5.00922,0.2003688,-0.2003688,,98.48546707225853,98.28509827225852
2025-12-22T08:23:19.981181,BUY,MUBARAKUSDT,329.0,,,5.0008,0.25004,-0.25004,,98.28509827225852,98.03505827225852
2025-12-22T08:23:21.355768,BUY,MUSDT,4.0,,,5.71,0.2284,-0.2284,,98.03505827225852,97.80665827225853
2025-12-22T08:23:27.269849,BUY,OKBUSDT,0.05,,,5.371500000000001,0.21486000000000005,-0.21486000000000005,,97.80665827225853,97.59179827225853
2025-12-22T08:23:29.663283,BUY,OMUSDT,71.0,,,5.00621,0.10012420000000001,-0.10012420000000001,,97.59179827225853,97.49167407225853
2025-12-22T08:23:31.101910,BUY,ONDOUSDT,13.0,,,5.1181,0.10236200000000001,-0.10236200000000001,,97.49167407225853,97.38931207225853
2025-12-22T08:23:35.178528,BUY,OXTUSDT,200.0,,,5.0360000000000005,0.40288,-0.40288,,97.38931207225853,96.98643207225854
2025-12-22T08:23:36.603647,BUY,PARTIUSDT,46.0,,,5.02734,0.251367,-0.251367,,96.98643207225854,96.73506507225854
2025-12-22T08:23:40.229523,BUY,PIXELUSDT,639.0,,,5.0001750000000005,0.20000700000000002,-0.20000700000000002,,96.73506507225854,96.53505807225854
2025-12-22T08:23:41.590447,BUY,PLUMEUSDT,289.0,,,5.00259,0.1000518,-0.1000518,,96.53505807225854,96.43500627225853
2025-12-22T08:23:42.993896,BUY,POLUSDT,47.0,,,5.0337,0.067116,-0.067116,,96.43500627225853,96.36789027225853
2025-12-22T08:23:44.391860,BUY,POPCATUSDT,62.0,,,5.0319199999999995,0.10063839999999999,-0.10063839999999999,,96.36789027225853,96.26725187225854
2025-12-22T08:23:46.868471,BUY,PROMUSDT,0.7,,,5.1709,0.25854499999999997,-0.25854499999999997,,96.26725187225854,96.00870687225854
2025-12-22T08:23:49.371164,BUY,PUMPFUNUSDT,2500.0,,,5.0600000000000005,0.06746666666666667,-0.06746666666666667,,96.00870687225854,95.94124020559188
2025-12-22T08:23:57.546716,BUY,RIVERUSDT,0.9,,,5.0166,0.200664,-0.200664,,95.94124020559188,95.74057620559188
2025-12-22T08:23:58.920619,BUY,RLSUSDT,300.0,,,5.0226,0.25112999999999996,-0.25112999999999996,,95.74057620559188,95.48944620559188
2025-12-22T08:24:04.366948,BUY,SANDUSDT,43.0,,,5.03229,0.1006458,-0.1006458,,95.48944620559188,95.38880040559188
2025-12-22T08:24:05.712880,BUY,SAPIENUSDT,41.0,,,5.02742,0.251371,-0.251371,,95.38880040559188,95.13742940559187
2025-12-22T08:24:07.065182,BUY,SCRTUSDT,48.3,,,5.000982,0.25004909999999997,-0.25004909999999997,,95.13742940559187,94.88738030559188
2025-12-22T08:24:08.521706,BUY,SEIUSDT,45.0,,,5.0440499999999995,0.10088099999999998,-0.10088099999999998,,94.88738030559188,94.78649930559187
2025-12-22T08:24:09.983694,BUY,SHIB1000USDT,690.0,,,5.01009,0.1002018,-0.1002018,,94.78649930559187,94.68629750559188
2025-12-22T08:24:11.339561,BUY,SIGNUSDT,140.0,,,5.0092,0.200368,-0.200368,,94.68629750559188,94.48592950559188
2025-12-22T08:24:16.457186,BUY,SOSOUSDT,9.0,,,5.0229,0.251145,-0.251145,,94.48592950559188,94.23478450559189
2025-12-22T08:24:17.826934,BUY,SPKUSDT,250.0,,,5.092499999999999,0.20369999999999996,-0.20369999999999996,,94.23478450559189,94.03108450559189
2025-12-22T08:24:20.839321,BUY,STRKUSDT,62.4,,,5.003856,0.10007711999999999,-0.10007711999999999,,94.03108450559189,93.9310073855919
2025-12-22T08:24:22.199141,BUY,STXUSDT,20.0,,,5.008,0.10016,-0.10016,,93.9310073855919,93.8308473855919
2025-12-22T08:24:23.579507,BUY,SUIUSDT,10.0,,,14.514,0.29028,-0.29028,,93.8308473855919,93.5405673855919
2025-12-22T08:24:24.936884,BUY,SUNUSDT,250.0,,,5.10125,0.20405,-0.20405,,93.5405673855919,93.3365173855919
2025-12-22T08:24:27.741084,BUY,SUSDT,66.0,,,5.0259,0.100518,-0.100518,,93.3365173855919,93.23599938559191
2025-12-22T08:24:34.462859,BUY,THETAUSDT,18.1,,,5.01189,0.2004756,-0.2004756,,93.23599938559191,93.0355237855919
2025-12-22T08:24:38.080226,BUY,TRUSTUSDT,47.0,,,5.0384,0.20153600000000002,-0.20153600000000002,,93.0355237855919,92.8339877855919
2025-12-22T08:24:39.850375,BUY,TRUTHUSDT,230.0,,,5.0577,0.202308,-0.202308,,92.8339877855919,92.6316797855919
2025-12-22T08:24:41.198102,BUY,TRUUSDT,584.0,,,5.003128,0.40025024000000003,-0.40025024000000003,,92.6316797855919,92.2314295455919
2025-12-22T08:24:45.869261,BUY,USUSDT,430.0,,,5.005199999999999,0.20020799999999997,-0.20020799999999997,,92.2314295455919,92.03122154559189
2025-12-22T08:24:48.267870,BUY,VELODROMEUSDT,253.0,,,5.00434,0.250217,-0.250217,,92.03122154559189,91.78100454559188
2025-12-22T08:24:49.623686,BUY,VELOUSDT,750.0,,,5.02425,0.20097,-0.20097,,91.78100454559188,91.58003454559189
2025-12-22T08:24:51.022087,BUY,VETUSDT,470.0,,,5.00033,0.2000132,-0.2000132,,91.58003454559189,91.38002134559189
2025-12-22T08:24:52.433321,BUY,VINEUSDT,182.0,,,5.01228,0.20049119999999998,-0.20049119999999998,,91.38002134559189,91.17953014559188
2025-12-22T08:24:53.797798,BUY,VIRTUALUSDT,7.0,,,5.0722000000000005,0.101444,-0.101444,,91.17953014559188,91.07808614559188
2025-12-22T08:24:55.126833,BUY,VVVUSDT,3.7,,,5.00166,0.2000664,-0.2000664,,91.07808614559188,90.87801974559189
2025-12-22T08:24:57.581973,BUY,WETUSDT,22.0,,,5.0320599999999995,0.10064119999999999,-0.10064119999999999,,90.87801974559189,90.77737854559189
2025-12-22T08:25:00.057937,BUY,WOOUSDT,184.6,,,5.000814,0.2500407,-0.2500407,,90.77737854559189,90.52733784559189
2025-12-22T08:25:01.401205,BUY,WUSDT,143.3,,,5.00117,0.1000234,-0.1000234,,90.52733784559189,90.42731444559189
2025-12-22T08:25:03.061558,BUY,XAIUSDT,327.0,,,5.00637,0.2002548,-0.2002548,,90.42731444559189,90.2270596455919
2025-12-22T08:25:06.567743,BUY,XIONUSDT,25.2,,,5.005223999999999,1.0010447999999998,-1.0010447999999998,,90.2270596455919,89.22601484559189
2025-12-22T08:25:11.117606,BUY,YALAUSDT,253.0,,,5.0094,0.25047,-0.25047,,89.22601484559189,88.97554484559188
2025-12-22T08:25:12.608400,BUY,ZBTUSDT,67.3,,,5.001735999999999,0.10003471999999998,-0.10003471999999998,,88.97554484559188,88.87551012559189
2025-12-22T08:25:15.994588,BUY,ZEREBROUSDT,177.0,,,5.01264,0.4010112,-0.4010112,,88.87551012559189,88.47449892559189
2025-12-22T08:26:25.139860,BUY,1000BTTUSDT,12700.0,,,5.01523,0.4012184,-0.4012184,,88.47449892559189,88.07328052559188
2025-12-22T08:26:32.042625,BUY,1000TOSHIUSDT,16.0,,,5.16,0.1032,-0.1032,,88.07328052559188,87.97008052559188
2025-12-22T08:26:33.432763,BUY,1000TURBOUSDT,3.0,,,5.082,0.20328,-0.20328,,87.97008052559188,87.76680052559188
2025-12-22T08:26:35.864917,BUY,2ZUSDT,46.0,,,5.0047999999999995,0.10009599999999999,-0.10009599999999999,,87.76680052559188,87.66670452559188
2025-12-22T08:26:37.325189,BUY,ACHUSDT,650.0,,,5.03295,0.201318,-0.201318,,87.66670452559188,87.46538652559188
2025-12-22T08:26:39.736326,BUY,ADAUSDT,14.0,,,5.1212,0.06828266666666667,-0.06828266666666667,,87.46538652559188,87.39710385892522
2025-12-22T08:26:41.141417,BUY,AEROUSDT,10.0,,,5.0009999999999994,0.20003999999999997,-0.20003999999999997,,87.39710385892522,87.19706385892522
2025-12-22T08:26:42.508703,BUY,AEVOUSDT,138.1,,,5.000601,0.20002404,-0.20002404,,87.19706385892522,86.99703981892522
2025-12-22T08:26:46.081663,BUY,AKEUSDT,12400.0,,,5.01952,0.2007808,-0.2007808,,86.99703981892522,86.79625901892521
2025-12-22T08:26:48.458254,BUY,ALCHUSDT,28.0,,,5.059880000000001,0.25299400000000005,-0.25299400000000005,,86.79625901892521,86.54326501892521
2025-12-22T08:26:50.949352,BUY,ALTUSDT,435.0,,,5.005545,0.20022179999999998,-0.20022179999999998,,86.54326501892521,86.34304321892522
2025-12-22T08:26:52.796417,BUY,ANKRUSDT,773.0,,,5.000537,0.20002147999999997,-0.20002147999999997,,86.34304321892522,86.14302173892521
2025-12-22T08:26:54.188231,BUY,APEUSDT,25.0,,,5.005,0.1001,-0.1001,,86.14302173892521,86.04292173892522
2025-12-22T08:26:55.593103,BUY,API3USDT,12.0,,,5.01,0.2004,-0.2004,,86.04292173892522,85.84252173892521
2025-12-22T08:27:00.143438,BUY,ARKUSDT,20.0,,,5.102,0.20408,-0.20408,,85.84252173892521,85.63844173892521
2025-12-22T08:27:02.670377,BUY,ATHUSDT,530.0,,,5.01327,0.2005308,-0.2005308,,85.63844173892521,85.43791093892521
2025-12-22T08:27:04.119028,BUY,ATOMUSDT,2.6,,,5.0544,0.06739200000000001,-0.06739200000000001,,85.43791093892521,85.37051893892522
2025-12-22T08:27:05.494078,BUY,ATUSDT,50.0,,,5.0045,0.25022500000000003,-0.25022500000000003,,85.37051893892522,85.12029393892522
2025-12-22T08:27:07.934451,BUY,AVAAIUSDT,510.0,,,5.00055,0.25002749999999996,-0.25002749999999996,,85.12029393892522,84.87026643892521
2025-12-22T08:27:11.492866,BUY,AXSUSDT,5.9,,,5.005560000000001,0.10011120000000001,-0.10011120000000001,,84.87026643892521,84.77015523892521
2025-12-22T08:27:12.976154,BUY,BANANAUSDT,0.8,,,5.0040000000000004,0.20016,-0.20016,,84.77015523892521,84.56999523892522
2025-12-22T08:27:15.859448,BUY,BCHUSDT,0.01,,,5.7860000000000005,0.11572,-0.11572,,84.56999523892522,84.45427523892522
2025-12-22T08:27:21.001574,BUY,BLESSUSDT,460.0,,,5.023199999999999,0.40185599999999994,-0.40185599999999994,,84.45427523892522,84.05241923892522
2025-12-22T08:27:23.437908,BUY,BNBUSDT,0.01,,,8.567,0.17134,-0.17134,,84.05241923892522,83.88107923892522
2025-12-22T08:27:28.032468,BUY,BSUUSDT,34.0,,,5.02962,1.005924,-1.005924,,83.88107923892522,82.87515523892523
2025-12-22T08:27:38.415489,BUY,CHRUSDT,119.8,,,5.000452,0.2500226,-0.2500226,,82.87515523892523,82.62513263892524
2025-12-22T08:27:39.848103,BUY,CKBUSDT,2100.0,,,5.006399999999999,0.20025599999999996,-0.20025599999999996,,82.62513263892524,82.42487663892524
2025-12-22T08:27:42.370287,BUY,COMPUSDT,0.21,,,5.0001,0.200004,-0.200004,,82.42487663892524,82.22487263892523
2025-12-22T08:27:46.926680,BUY,CROSSUSDT,42.0,,,5.0589,0.25294500000000003,-0.25294500000000003,,82.22487263892523,81.97192763892524
2025-12-22T08:27:51.545132,BUY,CVXUSDT,2.91,,,5.0052,0.25026000000000004,-0.25026000000000004,,81.97192763892524,81.72166763892524
2025-12-22T08:27:53.922057,BUY,CYSUSDT,13.0,,,5.1545000000000005,0.41236000000000006,-0.41236000000000006,,81.72166763892524,81.30930763892523
2025-12-22T08:27:56.684318,BUY,DOTUSDT,2.8,,,5.0638,0.10127599999999999,-0.10127599999999999,,81.30930763892523,81.20803163892523
2025-12-22T08:27:58.068185,BUY,DUSKUSDT,125.0,,,5.01375,0.4011,-0.4011,,81.20803163892523,80.80693163892524
2025-12-22T08:27:59.407180,BUY,DYDXUSDT,30.7,,,5.0041,0.100082,-0.100082,,80.80693163892524,80.70684963892523
2025-12-22T08:28:00.796731,BUY,EDUUSDT,33.4,,,5.00666,0.250333,-0.250333,,80.70684963892523,80.45651663892524
2025-12-22T08:28:02.182256,BUY,EIGENUSDT,13.0,,,5.1818,0.103636,-0.103636,,80.45651663892524,80.35288063892524
2025-12-22T08:28:03.542075,BUY,ENAUSDT,24.0,,,5.0568,0.101136,-0.101136,,80.35288063892524,80.25174463892525
2025-12-22T08:28:09.148714,BUY,ETHBTCUSDT,150.0,,,5.10825,0.20433,-0.20433,,80.25174463892525,80.04741463892525
2025-12-22T08:28:10.522292,BUY,ETHFIUSDT,7.0,,,5.0155,0.20062000000000002,-0.20062000000000002,,80.04741463892525,79.84679463892525
2025-12-22T08:28:12.097471,BUY,FILUSDT,3.9,,,5.0271,0.20108399999999998,-0.20108399999999998,,79.84679463892525,79.64571063892525
2025-12-22T08:28:13.489919,BUY,FLOCKUSDT,57.0,,,5.008019999999999,0.20032079999999997,-0.20032079999999997,,79.64571063892525,79.44538983892525
2025-12-22T08:28:16.863055,BUY,FOLKSUSDT,0.99,,,5.01633,0.2508165,-0.2508165,,79.44538983892525,79.19457333892525
2025-12-22T08:28:19.409576,BUY,GASUSDT,2.8,,,5.070799999999999,0.20283199999999998,-0.20283199999999998,,79.19457333892525,78.99174133892525
2025-12-22T08:28:20.910132,BUY,GIGGLEUSDT,0.074,,,5.00758,0.2003032,-0.2003032,,78.99174133892525,78.79143813892526
2025-12-22T08:28:23.741824,BUY,GNOUSDT,0.041,,,5.01307,1.002614,-1.002614,,78.79143813892526,77.78882413892526
2025-12-22T08:28:25.181283,BUY,GRASSUSDT,17.0,,,5.0983,0.203932,-0.203932,,77.78882413892526,77.58489213892527
2025-12-22T08:28:26.637905,BUY,HANAUSDT,490.0,,,5.015149999999999,0.25075749999999997,-0.25075749999999997,,77.58489213892527,77.33413463892526
2025-12-22T08:28:28.018829,BUY,HBARUSDT,45.0,,,5.0553,0.067404,-0.067404,,77.33413463892526,77.26673063892527
2025-12-22T08:28:29.376590,BUY,HEIUSDT,41.9,,,5.004536,0.25022679999999997,-0.25022679999999997,,77.26673063892527,77.01650383892527
2025-12-22T08:28:32.913724,BUY,HMSTRUSDT,23710.0,,,5.000439,0.20001756,-0.20001756,,77.01650383892527,76.81648627892527
2025-12-22T08:28:38.093147,BUY,ICNTUSDT,13.0,,,5.1896,0.25948000000000004,-0.25948000000000004,,76.81648627892527,76.55700627892527
2025-12-22T08:28:40.672884,BUY,INJUSDT,1.1,,,5.0919,0.101838,-0.101838,,76.55700627892527,76.45516827892527
2025-12-22T08:28:42.139382,BUY,IOUSDT,32.2,,,5.00066,0.2000264,-0.2000264,,76.45516827892527,76.25514187892527
2025-12-22T08:28:44.474456,BUY,IRYSUSDT,150.0,,,5.1135,0.255675,-0.255675,,76.25514187892527,75.99946687892528
2025-12-22T08:28:45.856692,BUY,JCTUSDT,2500.0,,,5.012499999999999,0.20049999999999998,-0.20049999999999998,,75.99946687892528,75.79896687892527
2025-12-22T08:28:50.445661,BUY,KITEUSDT,57.0,,,5.03139,0.1006278,-0.1006278,,75.79896687892527,75.69833907892527
2025-12-22T08:28:51.838867,BUY,KMNOUSDT,100.0,,,5.183999999999999,0.20735999999999996,-0.20735999999999996,,75.69833907892527,75.49097907892528
2025-12-22T08:28:53.296536,BUY,LAUSDT,15.2,,,5.00536,0.2002144,-0.2002144,,75.49097907892528,75.29076467892529
2025-12-22T08:28:54.726495,BUY,LINEAUSDT,750.0,,,5.0175,0.0669,-0.0669,,75.29076467892529,75.22386467892528
2025-12-22T08:28:56.292277,BUY,LUMIAUSDT,51.2,,,5.002752000000001,0.25013760000000007,-0.25013760000000007,,75.22386467892528,74.97372707892528
2025-12-22T08:28:57.753439,BUY,MANTAUSDT,68.4,,,5.00004,0.2000016,-0.2000016,,74.97372707892528,74.77372547892529
2025-12-22T08:29:00.166943,BUY,MAVUSDT,191.0,,,5.00038,0.2000152,-0.2000152,,74.77372547892529,74.57371027892529
2025-12-22T08:29:01.574554,BUY,MBOXUSDT,168.0,,,5.00976,0.250488,-0.250488,,74.57371027892529,74.32322227892529
2025-12-22T08:29:02.932090,BUY,MELANIAUSDT,46.2,,,5.003922,0.20015688,-0.20015688,,74.32322227892529,74.12306539892529
2025-12-22T08:29:06.791267,BUY,MEUSDT,23.0,,,5.083,0.20332,-0.20332,,74.12306539892529,73.91974539892529
2025-12-22T08:29:09.192221,BUY,MIRAUSDT,39.7,,,5.00617,0.1001234,-0.1001234,,73.91974539892529,73.81962199892529
2025-12-22T08:29:11.647650,BUY,MONUSDT,251.0,,,5.007199,0.10014398,-0.10014398,,73.81962199892529,73.71947801892529
2025-12-22T08:29:12.999216,BUY,MOODENGUSDT,70.0,,,5.0057,0.100114,-0.100114,,73.71947801892529,73.61936401892528
2025-12-22T08:29:15.796831,BUY,MOVEUSDT,153.0,,,5.0061599999999995,0.2002464,-0.2002464,,73.61936401892528,73.41911761892528
2025-12-22T08:29:19.249833,BUY,MUSDT,4.0,,,5.7028,0.22811199999999998,-0.22811199999999998,,73.41911761892528,73.19100561892529
2025-12-22T08:29:20.700079,BUY,NEOUSDT,1.42,,,5.016859999999999,0.20067439999999998,-0.20067439999999998,,73.19100561892529,72.99033121892529
2025-12-22T08:29:26.084620,BUY,OKBUSDT,0.05,,,5.3695,0.21478000000000003,-0.21478000000000003,,72.99033121892529,72.77555121892529
2025-12-22T08:29:29.946590,BUY,ONDOUSDT,13.0,,,5.1103000000000005,0.102206,-0.102206,,72.77555121892529,72.67334521892529
2025-12-22T08:29:33.555907,BUY,OXTUSDT,200.0,,,5.042,0.40336,-0.40336,,72.67334521892529,72.26998521892529
2025-12-22T08:29:34.929276,BUY,PARTIUSDT,46.0,,,5.016299999999999,0.25081499999999995,-0.25081499999999995,,72.26998521892529,72.01917021892528
2025-12-22T08:29:37.815552,BUY,PEOPLEUSDT,534.0,,,5.00358,0.20014320000000002,-0.20014320000000002,,72.01917021892528,71.81902701892528
2025-12-22T08:29:39.264047,BUY,PIXELUSDT,639.0,,,5.001453000000001,0.20005812000000003,-0.20005812000000003,,71.81902701892528,71.61896889892529
2025-12-22T08:29:40.692970,BUY,PLUMEUSDT,291.0,,,5.00811,0.1001622,-0.1001622,,71.61896889892529,71.51880669892529
2025-12-22T08:29:42.124358,BUY,POLUSDT,47.0,,,5.02665,0.067022,-0.067022,,71.51880669892529,71.4517846989253
2025-12-22T08:29:43.563721,BUY,POPCATUSDT,62.0,,,5.03068,0.10061360000000001,-0.10061360000000001,,71.4517846989253,71.35117109892529
2025-12-22T08:29:46.026893,BUY,PROMUSDT,0.7,,,5.1709,0.25854499999999997,-0.25854499999999997,,71.35117109892529,71.0926260989253
2025-12-22T08:29:47.820038,BUY,PUFFERUSDT,82.0,,,5.00938,0.250469,-0.250469,,71.0926260989253,70.8421570989253
2025-12-22T08:29:49.241706,BUY,PUMPFUNUSDT,2500.0,,,5.0600000000000005,0.06746666666666667,-0.06746666666666667,,70.8421570989253,70.77469043225864
2025-12-22T08:29:50.641499,BUY,PYTHUSDT,84.0,,,5.02572,0.10051439999999999,-0.10051439999999999,,70.77469043225864,70.67417603225864
2025-12-22T08:29:54.494860,BUY,RAVEUSDT,8.0,,,5.17168,0.2068672,-0.2068672,,70.67417603225864,70.46730883225864
2025-12-22T08:29:59.211118,BUY,RLSUSDT,300.0,,,5.038799999999999,0.25193999999999994,-0.25193999999999994,,70.46730883225864,70.21536883225863
2025-12-22T08:30:00.728810,BUY,RSRUSDT,1960.0,,,5.0078,0.200312,-0.200312,,70.21536883225863,70.01505683225864
2025-12-22T08:30:03.102136,BUY,RVNUSDT,722.0,,,5.001294,0.20005176,-0.20005176,,70.01505683225864,69.81500507225864
2025-12-22T08:30:04.955098,BUY,SANDUSDT,43.0,,,5.03014,0.1006028,-0.1006028,,69.81500507225864,69.71440227225864
2025-12-22T08:30:06.289554,BUY,SAPIENUSDT,41.0,,,5.00979,0.2504895,-0.2504895,,69.71440227225864,69.46391277225864
2025-12-22T08:30:07.655267,BUY,SCRTUSDT,48.3,,,5.000982,0.25004909999999997,-0.25004909999999997,,69.46391277225864,69.21386367225864
2025-12-22T08:30:09.103324,BUY,SEIUSDT,45.0,,,5.033250000000001,0.10066500000000002,-0.10066500000000002,,69.21386367225864,69.11319867225863
2025-12-22T08:30:10.517671,BUY,SHIB1000USDT,690.0,,,5.00181,0.10003619999999999,-0.10003619999999999,,69.11319867225863,69.01316247225863
2025-12-22T08:30:11.879624,BUY,SIGNUSDT,140.0,,,5.0316,0.201264,-0.201264,,69.01316247225863,68.81189847225863
2025-12-22T08:30:13.277982,BUY,SKLUSDT,487.0,,,5.000029,0.20000115999999998,-0.20000115999999998,,68.81189847225863,68.61189731225863
2025-12-22T08:30:14.648937,BUY,SKYUSDT,80.0,,,5.328,0.2664,-0.2664,,68.61189731225863,68.34549731225863
2025-12-22T08:30:17.335098,BUY,SOSOUSDT,9.0,,,5.0256,0.25128,-0.25128,,68.34549731225863,68.09421731225864
2025-12-22T08:30:18.743661,BUY,SPKUSDT,250.0,,,5.092499999999999,0.20369999999999996,-0.20369999999999996,,68.09421731225864,67.89051731225864
2025-12-22T08:30:22.618250,BUY,STXUSDT,20.0,,,5.004,0.10007999999999999,-0.10007999999999999,,67.89051731225864,67.79043731225863
2025-12-22T08:30:24.005736,BUY,SUIUSDT,10.0,,,14.509,0.29018,-0.29018,,67.79043731225863,67.50025731225863
2025-12-22T08:30:27.464052,BUY,SUSDT,66.0,,,5.02656,0.1005312,-0.1005312,,67.50025731225863,67.39972611225862
2025-12-22T08:30:29.251701,BUY,SWARMSUSDT,296.0,,,5.00832,0.250416,-0.250416,,67.39972611225862,67.14931011225862
2025-12-22T08:30:32.839292,BUY,TAIUSDT,256.0,,,5.00736,1.0014720000000001,-1.0014720000000001,,67.14931011225862,66.14783811225861
2025-12-22T08:30:35.251447,BUY,THETAUSDT,18.1,,,5.00284,0.2001136,-0.2001136,,66.14783811225861,65.94772451225862
2025-12-22T08:30:38.937492,BUY,TRUSTUSDT,47.0,,,5.0346400000000004,0.20138560000000003,-0.20138560000000003,,65.94772451225862,65.74633891225862
2025-12-22T08:30:40.295160,BUY,TRUTHUSDT,230.0,,,5.02895,0.201158,-0.201158,,65.74633891225862,65.54518091225862
2025-12-22T08:30:42.695594,BUY,TSTBSCUSDT,305.0,,,5.0081,0.200324,-0.200324,,65.54518091225862,65.34485691225862
2025-12-22T08:30:48.833614,BUY,VELODROMEUSDT,253.0,,,5.00434,0.250217,-0.250217,,65.34485691225862,65.09463991225861
2025-12-22T08:30:50.231299,BUY,VELOUSDT,750.0,,,5.0325,0.20129999999999998,-0.20129999999999998,,65.09463991225861,64.89333991225861
2025-12-22T08:30:51.583318,BUY,VETUSDT,471.0,,,5.001549,0.20006195999999998,-0.20006195999999998,,64.89333991225861,64.69327795225861
2025-12-22T08:30:54.042760,BUY,VIRTUALUSDT,7.0,,,5.083399999999999,0.10166799999999998,-0.10166799999999998,,64.69327795225861,64.59160995225861
2025-12-22T08:30:57.587431,BUY,WETUSDT,22.0,,,5.02392,0.10047840000000001,-0.10047840000000001,,64.59160995225861,64.49113155225861
2025-12-22T08:31:03.204736,BUY,XCHUSDT,1.03,,,5.01816,1.003632,-1.003632,,64.49113155225861,63.487499552258605
2025-12-22T08:31:05.636912,BUY,XIONUSDT,25.3,,,5.003328,1.0006656,-1.0006656,,63.487499552258605,62.48683395225861
2025-12-22T08:31:07.087516,BUY,XNYUSDT,1260.0,,,5.008500000000001,1.0017,-1.0017,,62.48683395225861,61.48513395225861
2025-12-22T08:31:10.584580,BUY,YALAUSDT,253.0,,,5.006869999999999,0.25034349999999994,-0.25034349999999994,,61.48513395225861,61.23479045225861
2025-12-22T08:31:12.071691,BUY,ZBTUSDT,67.5,,,5.0004,0.100008,-0.100008,,61.23479045225861,61.134782452258605
2025-12-22T08:31:15.527560,BUY,ZEREBROUSDT,177.0,,,5.00556,0.4004448,-0.4004448,,61.134782452258605,60.7343376522586
2025-12-22T08:31:17.036890,BUY,ZKCUSDT,50.3,,,5.001831999999999,0.20007327999999996,-0.20007327999999996,,60.7343376522586,60.534264372258605
2025-12-22T08:31:18.432009,BUY,ZROUSDT,3.8,,,5.00232,0.20009280000000002,-0.20009280000000002,,60.534264372258605,60.334171572258604
2025-12-22T08:32:22.107903,BUY,1000000BABYDOGEUSDT,8500.0,,,5.0005500000000005,0.20002200000000003,-0.20002200000000003,,60.334171572258604,60.13414957225861
2025-12-22T08:32:25.169020,BUY,1000BTTUSDT,12700.0,,,5.01269,0.4010152,-0.4010152,,60.13414957225861,59.733134372258604
2025-12-22T08:32:27.613195,BUY,1000NEIROCTOUSDT,47.0,,,5.01866,0.1003732,-0.1003732,,59.733134372258604,59.632761172258604
2025-12-22T08:32:33.462974,BUY,1000TURBOUSDT,3.0,,,5.0901000000000005,0.203604,-0.203604,,59.632761172258604,59.429157172258606
2025-12-22T08:32:35.924793,BUY,2ZUSDT,46.0,,,5.0084800000000005,0.10016960000000001,-0.10016960000000001,,59.429157172258606,59.328987572258605
2025-12-22T08:32:37.401496,BUY,ACHUSDT,650.0,,,5.035550000000001,0.20142200000000002,-0.20142200000000002,,59.328987572258605,59.127565572258604
2025-12-22T08:32:38.737025,BUY,ACTUSDT,155.0,,,5.0127,0.250635,-0.250635,,59.127565572258604,58.8769305722586
2025-12-22T08:32:40.115263,BUY,ADAUSDT,14.0,,,5.133800000000001,0.06845066666666667,-0.06845066666666667,,58.8769305722586,58.80847990559194
2025-12-22T08:32:41.883975,BUY,AEROUSDT,10.0,,,5.004,0.20015999999999998,-0.20015999999999998,,58.80847990559194,58.60831990559194
2025-12-22T08:32:48.872067,BUY,ALCHUSDT,28.0,,,5.038880000000001,0.25194400000000006,-0.25194400000000006,,58.60831990559194,58.35637590559194
2025-12-22T08:32:52.495993,BUY,ANKRUSDT,772.0,,,5.001016,0.20004064,-0.20004064,,58.35637590559194,58.15633526559194
2025-12-22T08:32:54.874044,BUY,API3USDT,12.0,,,5.01,0.2004,-0.2004,,58.15633526559194,57.95593526559194
2025-12-22T08:32:57.334509,BUY,ARCUSDT,121.0,,,5.00698,0.40055840000000004,-0.40055840000000004,,57.95593526559194,57.55537686559194
2025-12-22T08:32:58.706477,BUY,ARKMUSDT,26.0,,,5.0024,0.100048,-0.100048,,57.55537686559194,57.45532886559194
2025-12-22T08:33:00.062220,BUY,ARKUSDT,20.0,,,5.098000000000001,0.20392000000000002,-0.20392000000000002,,57.45532886559194,57.25140886559194
2025-12-22T08:33:01.580866,BUY,ASTRUSDT,496.0,,,5.00464,0.20018560000000002,-0.20018560000000002,,57.25140886559194,57.05122326559194
2025-12-22T08:33:02.961417,BUY,ATHUSDT,530.0,,,5.01274,0.2005096,-0.2005096,,57.05122326559194,56.85071366559195
2025-12-22T08:33:04.302421,BUY,ATOMUSDT,2.6,,,5.0674,0.06756533333333334,-0.06756533333333334,,56.85071366559195,56.78314833225861
2025-12-22T08:33:05.684758,BUY,ATUSDT,50.0,,,5.0185,0.250925,-0.250925,,56.78314833225861,56.53222333225861
2025-12-22T08:33:11.323959,BUY,AXSUSDT,5.9,,,5.018540000000001,0.10037080000000001,-0.10037080000000001,,56.53222333225861,56.43185253225861
2025-12-22T08:33:12.798898,BUY,BANANAUSDT,0.8,,,5.0064,0.20025600000000002,-0.20025600000000002,,56.43185253225861,56.23159653225861
2025-12-22T08:33:15.710353,BUY,BCHUSDT,0.01,,,5.7860000000000005,0.11572,-0.11572,,56.23159653225861,56.1158765322586
2025-12-22T08:33:19.301600,BUY,BLASTUSDT,6930.0,,,5.00346,0.250173,-0.250173,,56.1158765322586,55.86570353225861
2025-12-22T08:33:21.133713,BUY,BLESSUSDT,460.0,,,5.0278,0.402224,-0.402224,,55.86570353225861,55.46347953225861
2025-12-22T08:33:23.589972,BUY,BNBUSDT,0.01,,,8.571,0.17142,-0.17142,,55.46347953225861,55.29205953225861
2025-12-22T08:33:28.583807,BUY,BSUUSDT,34.0,,,5.015,1.003,-1.003,,55.29205953225861,54.28905953225861
2025-12-22T08:33:34.858907,BUY,CCUSDT,55.0,,,5.003900000000001,0.20015600000000003,-0.20015600000000003,,54.28905953225861,54.08890353225861
2025-12-22T08:33:36.254659,BUY,CELOUSDT,41.4,,,5.00112,0.20004480000000002,-0.20004480000000002,,54.08890353225861,53.88885873225861
2025-12-22T08:33:37.690897,BUY,CFXUSDT,70.0,,,5.032299999999999,0.20129199999999997,-0.20129199999999997,,53.88885873225861,53.68756673225861
2025-12-22T08:33:41.543825,BUY,CKBUSDT,2100.0,,,5.006399999999999,0.20025599999999996,-0.20025599999999996,,53.68756673225861,53.48731073225861
2025-12-22T08:33:44.080710,BUY,COMPUSDT,0.21,,,5.0022,0.20008800000000002,-0.20008800000000002,,53.48731073225861,53.287222732258606
2025-12-22T08:33:45.447720,BUY,COOKIEUSDT,129.0,,,5.00262,0.2001048,-0.2001048,,53.287222732258606,53.08711793225861
2025-12-22T08:33:46.833837,BUY,COREUSDT,40.3,,,5.0048569999999994,0.25024284999999996,-0.25024284999999996,,53.08711793225861,52.83687508225861
2025-12-22T08:33:49.624902,BUY,CROSSUSDT,42.0,,,5.055540000000001,0.25277700000000003,-0.25277700000000003,,52.83687508225861,52.584098082258606
2025-12-22T08:33:54.563482,BUY,CVXUSDT,2.91,,,5.0052,0.25026000000000004,-0.25026000000000004,,52.584098082258606,52.33383808225861
2025-12-22T08:33:56.953119,BUY,CYSUSDT,13.0,,,5.1987,0.415896,-0.415896,,52.33383808225861,51.91794208225861
2025-12-22T08:33:58.653373,BUY,DOODUSDT,760.0,,,5.00232,0.40018560000000003,-0.40018560000000003,,51.91794208225861,51.51775648225861
2025-12-22T08:34:00.046209,BUY,DOTUSDT,2.8,,,5.07752,0.1015504,-0.1015504,,51.51775648225861,51.41620608225861
2025-12-22T08:34:01.442267,BUY,DUSKUSDT,125.0,,,5.012499999999999,0.40099999999999997,-0.40099999999999997,,51.41620608225861,51.01520608225861
2025-12-22T08:34:02.851939,BUY,DYDXUSDT,30.6,,,5.00004,0.1000008,-0.1000008,,51.01520608225861,50.91520528225861
2025-12-22T08:34:04.255658,BUY,EDUUSDT,33.3,,,5.001659999999999,0.25008299999999994,-0.25008299999999994,,50.91520528225861,50.665122282258615
2025-12-22T08:34:05.681206,BUY,EIGENUSDT,13.0,,,5.1896,0.10379200000000001,-0.10379200000000001,,50.665122282258615,50.561330282258616
2025-12-22T08:34:07.057338,BUY,ENAUSDT,24.0,,,5.0736,0.10147199999999999,-0.10147199999999999,,50.561330282258616,50.459858282258615
2025-12-22T08:34:10.487566,BUY,EPTUSDT,3450.0,,,5.00595,0.2502975,-0.2502975,,50.459858282258615,50.20956078225861
2025-12-22T08:34:12.938838,BUY,ETHBTCUSDT,150.0,,,5.1091500000000005,0.20436600000000002,-0.20436600000000002,,50.20956078225861,50.00519478225861
2025-12-22T08:34:14.285328,BUY,ETHFIUSDT,7.0,,,5.0169,0.200676,-0.200676,,50.00519478225861,49.80451878225861
2025-12-22T08:34:16.234181,BUY,FILUSDT,3.9,,,5.0427,0.201708,-0.201708,,49.80451878225861,49.602810782258615
2025-12-22T08:34:17.631466,BUY,FLOCKUSDT,57.0,,,5.0217,0.200868,-0.200868,,49.602810782258615,49.401942782258615
2025-12-22T08:34:18.994120,BUY,FLOWUSDT,29.1,,,5.00811,0.2003244,-0.2003244,,49.401942782258615,49.201618382258616
2025-12-22T08:34:21.809692,BUY,FOLKSUSDT,0.99,,,5.0084100000000005,0.25042050000000005,-0.25042050000000005,,49.201618382258616,48.95119788225862
2025-12-22T08:34:23.321274,BUY,GALAUSDT,802.0,,,5.002074,0.06669432,-0.06669432,,48.95119788225862,48.884503562258615
2025-12-22T08:34:24.703032,BUY,GASUSDT,2.8,,,5.0792,0.20316800000000002,-0.20316800000000002,,48.884503562258615,48.68133556225862
2025-12-22T08:34:26.113404,BUY,GIGGLEUSDT,0.074,,,5.01424,0.20056960000000001,-0.20056960000000001,,48.68133556225862,48.480765962258616
2025-12-22T08:34:27.490419,BUY,GLMUSDT,24.0,,,5.0004,0.200016,-0.200016,,48.480765962258616,48.28074996225862
2025-12-22T08:34:28.944348,BUY,GNOUSDT,0.041,,,5.02004,1.004008,-1.004008,,48.28074996225862,47.27674196225862
2025-12-22T08:34:30.416549,BUY,GRASSUSDT,17.0,,,5.1102,0.204408,-0.204408,,47.27674196225862,47.07233396225862
2025-12-22T08:34:31.912887,BUY,HANAUSDT,490.0,,,5.01809,0.2509045,-0.2509045,,47.07233396225862,46.82142946225862
2025-12-22T08:34:37.488568,BUY,HMSTRUSDT,23630.0,,,5.000108,0.20000432,-0.20000432,,46.82142946225862,46.62142514225862
2025-12-22T08:34:40.045624,BUY,HUMAUSDT,158.0,,,5.007020000000001,0.20028080000000004,-0.20028080000000004,,46.62142514225862,46.42114434225862
2025-12-22T08:34:41.826737,BUY,HUSDT,40.0,,,5.6984,0.28492,-0.28492,,46.42114434225862,46.13622434225862
2025-12-22T08:34:45.522303,BUY,INJUSDT,1.1,,,5.1051,0.102102,-0.102102,,46.13622434225862,46.03412234225862
2025-12-22T08:34:46.995068,BUY,IOUSDT,32.2,,,5.00066,0.2000264,-0.2000264,,46.03412234225862,45.83409594225862
2025-12-22T08:34:49.371632,BUY,IRYSUSDT,150.0,,,5.11815,0.2559075,-0.2559075,,45.83409594225862,45.57818844225862
2025-12-22T08:34:50.783174,BUY,JCTUSDT,2500.0,,,5.045,0.2018,-0.2018,,45.57818844225862,45.37638844225862
2025-12-22T08:34:56.556466,BUY,KMNOUSDT,100.0,,,5.188000000000001,0.20752000000000004,-0.20752000000000004,,45.37638844225862,45.16886844225862
2025-12-22T08:34:58.008466,BUY,LAUSDT,15.2,,,5.01296,0.20051839999999999,-0.20051839999999999,,45.16886844225862,44.96835004225862
2025-12-22T08:35:00.685018,BUY,LUMIAUSDT,51.0,,,5.00157,0.2500785,-0.2500785,,44.96835004225862,44.71827154225862
2025-12-22T08:35:04.537547,BUY,MAVUSDT,191.0,,,5.0042,0.200168,-0.200168,,44.71827154225862,44.51810354225862
2025-12-22T08:35:07.107563,BUY,MELANIAUSDT,46.0,,,5.00158,0.2000632,-0.2000632,,44.51810354225862,44.31804034225862
2025-12-22T08:35:08.490835,BUY,MERLUSDT,12.0,,,5.01888,0.20075520000000002,-0.20075520000000002,,44.31804034225862,44.117285142258616
2025-12-22T08:35:10.922660,BUY,MEUSDT,23.0,,,5.106,0.20424,-0.20424,,44.117285142258616,43.91304514225862
2025-12-22T08:35:15.582131,BUY,MONUSDT,249.0,,,5.000667,0.10001334,-0.10001334,,43.91304514225862,43.81303180225862
2025-12-22T08:35:16.941847,BUY,MOODENGUSDT,70.0,,,5.021100000000001,0.10042200000000001,-0.10042200000000001,,43.81303180225862,43.71260980225862
2025-12-22T08:35:23.230785,BUY,MUSDT,4.0,,,5.7028,0.22811199999999998,-0.22811199999999998,,43.71260980225862,43.484497802258616
2025-12-22T08:35:29.529621,BUY,OKBUSDT,0.05,,,5.368500000000001,0.21474000000000004,-0.21474000000000004,,43.484497802258616,43.26975780225862
2025-12-22T08:35:32.945800,BUY,ONDOUSDT,13.0,,,5.122,0.10244,-0.10244,,43.26975780225862,43.167317802258616
2025-12-22T08:35:36.577750,BUY,OXTUSDT,200.0,,,5.04,0.4032,-0.4032,,43.167317802258616,42.76411780225862
2025-12-22T08:35:38.359118,BUY,PARTIUSDT,46.0,,,5.0186,0.25093,-0.25093,,42.76411780225862,42.51318780225862
2025-12-22T08:35:40.793962,BUY,PEOPLEUSDT,532.0,,,5.0008,0.200032,-0.200032,,42.51318780225862,42.31315580225862
2025-12-22T08:35:42.293235,BUY,PIXELUSDT,638.0,,,5.000643999999999,0.20002575999999997,-0.20002575999999997,,42.31315580225862,42.11313004225862
2025-12-22T08:35:43.632501,BUY,PLUMEUSDT,292.0,,,5.0019599999999995,0.1000392,-0.1000392,,42.11313004225862,42.01309084225862
2025-12-22T08:35:45.022832,BUY,POLUSDT,47.0,,,5.031350000000001,0.06708466666666668,-0.06708466666666668,,42.01309084225862,41.946006175591954
2025-12-22T08:35:46.445589,BUY,POPCATUSDT,62.0,,,5.0405999999999995,0.10081199999999998,-0.10081199999999998,,41.946006175591954,41.845194175591956
2025-12-22T08:35:48.931086,BUY,PROMUSDT,0.7,,,5.182099999999999,0.259105,-0.259105,,41.845194175591956,41.58608917559196
2025-12-22T08:35:50.777247,BUY,PUFFERUSDT,83.0,,,5.0173499999999995,0.25086749999999997,-0.25086749999999997,,41.58608917559196,41.33522167559196
2025-12-22T08:35:52.178822,BUY,PUMPFUNUSDT,2500.0,,,5.0575,0.06743333333333333,-0.06743333333333333,,41.33522167559196,41.267788342258626
2025-12-22T08:35:55.691507,BUY,QUSDT,340.0,,,5.00412,0.25020600000000004,-0.25020600000000004,,41.267788342258626,41.01758234225863
2025-12-22T08:35:57.079965,BUY,RAVEUSDT,8.0,,,5.16104,0.2064416,-0.2064416,,41.01758234225863,40.81114074225863
2025-12-22T08:35:59.576414,BUY,RESOLVUSDT,66.0,,,5.01468,0.20058720000000002,-0.20058720000000002,,40.81114074225863,40.61055354225863
2025-12-22T08:36:02.045239,BUY,RLSUSDT,300.0,,,5.0163,0.250815,-0.250815,,40.61055354225863,40.359738542258626
2025-12-22T08:36:05.560121,BUY,RVNUSDT,720.0,,,5.00112,0.20004480000000002,-0.20004480000000002,,40.359738542258626,40.159693742258625
2025-12-22T08:36:07.446312,BUY,SANDUSDT,43.0,,,5.031000000000001,0.10062000000000001,-0.10062000000000001,,40.159693742258625,40.059073742258626
2025-12-22T08:36:08.848197,BUY,SAPIENUSDT,41.0,,,5.001180000000001,0.25005900000000003,-0.25005900000000003,,40.059073742258626,39.809014742258626
2025-12-22T08:36:10.246692,BUY,SCRTUSDT,48.3,,,5.000982,0.25004909999999997,-0.25004909999999997,,39.809014742258626,39.55896564225863
2025-12-22T08:36:11.690776,BUY,SEIUSDT,45.0,,,5.0489999999999995,0.10097999999999999,-0.10097999999999999,,39.55896564225863,39.45798564225863
2025-12-22T08:36:13.116373,BUY,SHIB1000USDT,690.0,,,5.00112,0.10002240000000001,-0.10002240000000001,,39.45798564225863,39.35796324225863
2025-12-22T08:36:14.501598,BUY,SIGNUSDT,140.0,,,5.0344,0.201376,-0.201376,,39.35796324225863,39.156587242258624
2025-12-22T08:36:16.897658,BUY,SKYUSDT,80.0,,,5.313600000000001,0.26568,-0.26568,,39.156587242258624,38.89090724225862
2025-12-22T08:36:18.369374,BUY,SOLAYERUSDT,30.0,,,5.007,0.20027999999999999,-0.20027999999999999,,38.89090724225862,38.69062724225862
2025-12-22T08:36:19.866913,BUY,SOSOUSDT,9.0,,,5.0265,0.251325,-0.251325,,38.69062724225862,38.43930224225862
2025-12-22T08:36:21.270080,BUY,SPKUSDT,250.0,,,5.097499999999999,0.20389999999999997,-0.20389999999999997,,38.43930224225862,38.23540224225862
2025-12-22T08:36:24.564816,BUY,STRKUSDT,62.3,,,5.002689999999999,0.10005379999999998,-0.10005379999999998,,38.23540224225862,38.135348442258625
2025-12-22T08:36:25.891425,BUY,STXUSDT,20.0,,,5.008,0.10016,-0.10016,,38.135348442258625,38.03518844225862
2025-12-22T08:36:27.268226,BUY,SUIUSDT,10.0,,,14.518,0.29036,-0.29036,,38.03518844225862,37.74482844225862
2025-12-22T08:36:29.678670,BUY,SUPERUSDT,22.0,,,5.0006,0.200024,-0.200024,,37.74482844225862,37.544804442258624
2025-12-22T08:36:31.034585,BUY,SUSDT,66.0,,,5.03448,0.1006896,-0.1006896,,37.544804442258624,37.44411484225862
2025-12-22T08:36:32.428537,BUY,SWARMSUSDT,295.0,,,5.002610000000001,0.25013050000000003,-0.25013050000000003,,37.44411484225862,37.193984342258624
2025-12-22T08:36:33.809941,BUY,SXPUSDT,78.5,,,5.0028049999999995,0.25014024999999995,-0.25014024999999995,,37.193984342258624,36.94384409225862
2025-12-22T08:36:35.264706,BUY,SYSUSDT,293.0,,,5.004440000000001,0.25022200000000006,-0.25022200000000006,,36.94384409225862,36.69362209225862
2025-12-22T08:36:37.074793,BUY,TAIUSDT,256.0,,,5.00224,1.000448,-1.000448,,36.69362209225862,35.69317409225862
2025-12-22T08:36:39.514786,BUY,THETAUSDT,18.1,,,5.00103,0.2000412,-0.2000412,,35.69317409225862,35.49313289225862
2025-12-22T08:36:40.924335,BUY,TIAUSDT,10.7,,,5.005459999999999,0.10010919999999998,-0.10010919999999998,,35.49313289225862,35.39302369225862
2025-12-22T08:36:43.433418,BUY,TRUSTUSDT,47.0,,,5.0478,0.20191199999999998,-0.20191199999999998,,35.39302369225862,35.19111169225862
2025-12-22T08:36:44.832909,BUY,TRUTHUSDT,230.0,,,5.0342400000000005,0.2013696,-0.2013696,,35.19111169225862,34.98974209225862
2025-12-22T08:36:46.562488,BUY,TRUUSDT,584.0,,,5.002544,0.40020352000000003,-0.40020352000000003,,34.98974209225862,34.589538572258625
2025-12-22T08:36:52.754112,BUY,VANRYUSDT,683.0,,,5.000926000000001,0.25004630000000005,-0.25004630000000005,,34.589538572258625,34.339492272258624
2025-12-22T08:36:54.102699,BUY,VELODROMEUSDT,253.0,,,5.00434,0.250217,-0.250217,,34.339492272258624,34.089275272258625
2025-12-22T08:36:55.469051,BUY,VELOUSDT,750.0,,,5.03175,0.20126999999999998,-0.20126999999999998,,34.089275272258625,33.888005272258624
2025-12-22T08:36:56.876204,BUY,VETUSDT,470.0,,,5.00456,0.20018239999999998,-0.20018239999999998,,33.888005272258624,33.68782287225862
2025-12-22T08:36:59.287354,BUY,VIRTUALUSDT,7.0,,,5.084099999999999,0.101682,-0.101682,,33.68782287225862,33.586140872258625
2025-12-22T08:37:00.652026,BUY,VVVUSDT,3.72,,,5.001912,0.20007648,-0.20007648,,33.586140872258625,33.386064392258625
2025-12-22T08:37:10.425021,BUY,XIONUSDT,25.3,,,5.0094,1.00188,-1.00188,,33.386064392258625,32.384184392258625
2025-12-22T08:37:11.862863,BUY,XNYUSDT,1260.0,,,5.002199999999999,1.0004399999999998,-1.0004399999999998,,32.384184392258625,31.383744392258624
2025-12-22T08:37:13.236604,BUY,XPINUSDT,1700.0,,,5.03489,0.2517445,-0.2517445,,31.383744392258624,31.131999892258623
2025-12-22T08:37:15.735374,BUY,YALAUSDT,250.0,,,5.01,0.2505,-0.2505,,31.131999892258623,30.881499892258624
2025-12-22T08:37:20.335248,BUY,ZEREBROUSDT,177.0,,,5.0091,0.40072800000000003,-0.40072800000000003,,30.881499892258624,30.480771892258623
2025-12-22T08:37:22.975130,BUY,ZROUSDT,3.8,,,5.00878,0.20035119999999998,-0.20035119999999998,,30.480771892258623,30.280420692258623
2025-12-22T08:38:27.885758,BUY,1000000BABYDOGEUSDT,8500.0,,,5.0065,0.20026,-0.20026,,30.280420692258623,30.080160692258623
2025-12-22T08:38:30.495418,BUY,1000BTTUSDT,12700.0,,,5.01142,0.40091360000000004,-0.40091360000000004,,30.080160692258623,29.679247092258624
2025-12-22T08:38:32.999499,BUY,1000NEIROCTOUSDT,47.0,,,5.02524,0.1005048,-0.1005048,,29.679247092258624,29.578742292258625
2025-12-22T08:38:38.902666,BUY,1000TURBOUSDT,3.0,,,5.097300000000001,0.20389200000000002,-0.20389200000000002,,29.578742292258625,29.374850292258625
2025-12-22T08:38:41.323367,BUY,2ZUSDT,46.0,,,5.01354,0.1002708,-0.1002708,,29.374850292258625,29.274579492258624
2025-12-22T08:38:42.789311,BUY,ACHUSDT,650.0,,,5.0362,0.201448,-0.201448,,29.274579492258624,29.073131492258625
2025-12-22T08:38:44.170789,BUY,ACTUSDT,155.0,,,5.0065,0.250325,-0.250325,,29.073131492258625,28.822806492258625
2025-12-22T08:38:45.557379,BUY,ADAUSDT,14.0,,,5.1394,0.06852533333333334,-0.06852533333333334,,28.822806492258625,28.75428115892529
2025-12-22T08:38:46.926743,BUY,AEROUSDT,10.0,,,5.006,0.20024,-0.20024,,28.75428115892529,28.55404115892529
2025-12-22T08:38:48.289233,BUY,AEVOUSDT,137.8,,,5.000762000000001,0.20003048000000004,-0.20003048000000004,,28.55404115892529,28.35401067892529
2025-12-22T08:38:52.163535,BUY,AKEUSDT,12400.0,,,5.01208,0.2004832,-0.2004832,,28.35401067892529,28.15352747892529
2025-12-22T08:38:54.533943,BUY,ALCHUSDT,28.0,,,5.045319999999999,0.252266,-0.252266,,28.15352747892529,27.901261478925292
2025-12-22T08:39:00.161039,BUY,API3USDT,12.0,,,5.0196000000000005,0.20078400000000002,-0.20078400000000002,,27.901261478925292,27.700477478925293
2025-12-22T08:39:01.600533,BUY,APTUSDT,3.11,,,5.00399,0.1000798,-0.1000798,,27.700477478925293,27.600397678925294
2025-12-22T08:39:04.487061,BUY,ARKMUSDT,26.0,,,5.005,0.1001,-0.1001,,27.600397678925294,27.500297678925293
2025-12-22T08:39:05.832908,BUY,ARKUSDT,20.0,,,5.1,0.204,-0.204,,27.500297678925293,27.296297678925292
2025-12-22T08:39:08.352099,BUY,ATHUSDT,530.0,,,5.03288,0.20131519999999997,-0.20131519999999997,,27.296297678925292,27.094982478925292
2025-12-22T08:39:09.736563,BUY,ATOMUSDT,2.6,,,5.0674,0.06756533333333334,-0.06756533333333334,,27.094982478925292,27.027417145591958
2025-12-22T08:39:11.114418,BUY,ATUSDT,50.0,,,5.0325,0.251625,-0.251625,,27.027417145591958,26.775792145591957
2025-12-22T08:39:13.586059,BUY,AVAAIUSDT,508.0,,,5.004816,0.2502408,-0.2502408,,26.775792145591957,26.525551345591957
2025-12-22T08:39:15.965680,BUY,AVLUSDT,63.0,,,5.00913,0.25045649999999997,-0.25045649999999997,,26.525551345591957,26.27509484559196
2025-12-22T08:39:17.405330,BUY,AXSUSDT,5.9,,,5.030340000000001,0.10060680000000001,-0.10060680000000001,,26.27509484559196,26.174488045591957
2025-12-22T08:39:18.874197,BUY,BANANAUSDT,0.8,,,5.008800000000001,0.20035200000000003,-0.20035200000000003,,26.174488045591957,25.97413604559196
2025-12-22T08:39:20.309329,BUY,BATUSDT,23.9,,,5.00227,0.2000908,-0.2000908,,25.97413604559196,25.774045245591957
2025-12-22T08:39:21.723432,BUY,BCHUSDT,0.01,,,5.787000000000001,0.11574000000000001,-0.11574000000000001,,25.774045245591957,25.658305245591958
2025-12-22T08:39:24.279816,BUY,BIOUSDT,119.0,,,5.0099,0.100198,-0.100198,,25.658305245591958,25.55810724559196
2025-12-22T08:39:25.985626,BUY,BLASTUSDT,6920.0,,,5.000392,0.2500196,-0.2500196,,25.55810724559196,25.308087645591957
2025-12-22T08:39:27.760640,BUY,BLESSUSDT,460.0,,,5.0186,0.401488,-0.401488,,25.308087645591957,24.906599645591957
2025-12-22T08:39:30.227517,BUY,BNBUSDT,0.01,,,8.584,0.17168,-0.17168,,24.906599645591957,24.734919645591958
2025-12-22T08:39:31.659086,BUY,BOBBOBUSDT,400.0,,,5.0116000000000005,0.25058,-0.25058,,24.734919645591958,24.48433964559196
2025-12-22T08:39:42.159482,BUY,CELOUSDT,41.4,,,5.00112,0.20004480000000002,-0.20004480000000002,,24.48433964559196,24.28429484559196
2025-12-22T08:39:43.519898,BUY,CFXUSDT,70.0,,,5.0316,0.201264,-0.201264,,24.28429484559196,24.08303084559196
2025-12-22T08:39:46.982713,BUY,CKBUSDT,2100.0,,,5.0106,0.20042400000000002,-0.20042400000000002,,24.08303084559196,23.88260684559196
2025-12-22T08:39:49.863509,BUY,COMPUSDT,0.21,,,5.0085,0.20034,-0.20034,,23.88260684559196,23.682266845591958
2025-12-22T08:39:51.617598,BUY,COOKIEUSDT,129.0,,,5.00778,0.20031120000000002,-0.20031120000000002,,23.682266845591958,23.481955645591956
2025-12-22T08:39:55.048946,BUY,CROSSUSDT,42.0,,,5.05932,0.25296599999999997,-0.25296599999999997,,23.481955645591956,23.228989645591955
2025-12-22T08:39:57.546350,BUY,CTSIUSDT,154.0,,,5.00346,1.000692,-1.000692,,23.228989645591955,22.228297645591955
2025-12-22T08:40:02.037010,BUY,CYSUSDT,13.0,,,5.1363,0.41090400000000005,-0.41090400000000005,,22.228297645591955,21.817393645591956
2025-12-22T08:40:04.764758,BUY,DOTUSDT,2.8,,,5.07332,0.1014664,-0.1014664,,21.817393645591956,21.715927245591956
2025-12-22T08:40:06.158775,BUY,DUSKUSDT,125.0,,,5.01875,0.40149999999999997,-0.40149999999999997,,21.715927245591956,21.314427245591958
2025-12-22T08:40:08.628081,BUY,EDUUSDT,33.3,,,5.004989999999999,0.25024949999999996,-0.25024949999999996,,21.314427245591958,21.06417774559196
2025-12-22T08:40:10.022889,BUY,EIGENUSDT,13.0,,,5.1792,0.103584,-0.103584,,21.06417774559196,20.960593745591957
2025-12-22T08:40:11.388347,BUY,ENAUSDT,24.0,,,5.071199999999999,0.10142399999999999,-0.10142399999999999,,20.960593745591957,20.859169745591956
2025-12-22T08:40:14.851564,BUY,EPTUSDT,3450.0,,,5.0024999999999995,0.250125,-0.250125,,20.859169745591956,20.609044745591955
2025-12-22T08:40:17.307183,BUY,ETHBTCUSDT,150.0,,,5.109,0.20435999999999999,-0.20435999999999999,,20.609044745591955,20.404684745591954
2025-12-22T08:40:18.664951,BUY,ETHFIUSDT,7.0,,,5.005,0.2002,-0.2002,,20.404684745591954,20.204484745591955
2025-12-22T08:40:20.204558,BUY,FILUSDT,3.9,,,5.0427,0.201708,-0.201708,,20.204484745591955,20.002776745591955
2025-12-22T08:40:21.579661,BUY,FLOCKUSDT,57.0,,,5.01999,0.2007996,-0.2007996,,20.002776745591955,19.801977145591955
2025-12-22T08:40:22.949218,BUY,FLOWUSDT,29.1,,,5.005199999999999,0.20020799999999997,-0.20020799999999997,,19.801977145591955,19.601769145591955
2025-12-22T08:40:25.439575,BUY,FOLKSUSDT,0.98,,,5.00878,0.25043899999999997,-0.25043899999999997,,19.601769145591955,19.351330145591955
2025-12-22T08:40:28.735243,BUY,GASUSDT,2.8,,,5.0764,0.203056,-0.203056,,19.351330145591955,19.148274145591955
2025-12-22T08:40:30.125503,BUY,GIGGLEUSDT,0.074,,,5.00758,0.2003032,-0.2003032,,19.148274145591955,18.947970945591955
2025-12-22T08:40:31.459297,BUY,GLMUSDT,24.0,,,5.017200000000001,0.20068800000000003,-0.20068800000000003,,18.947970945591955,18.747282945591955
2025-12-22T08:40:33.277871,BUY,GNOUSDT,0.041,,,5.02127,1.004254,-1.004254,,18.747282945591955,17.743028945591956
2025-12-22T08:40:34.714876,BUY,GRASSUSDT,17.0,,,5.1119,0.20447600000000002,-0.20447600000000002,,17.743028945591956,17.538552945591956
2025-12-22T08:40:42.560234,BUY,HPOS10IUSDT,137.0,,,5.00461,0.40036879999999997,-0.40036879999999997,,17.538552945591956,17.138184145591957
2025-12-22T08:40:43.924343,BUY,HUMAUSDT,158.0,,,5.0085999999999995,0.20034399999999997,-0.20034399999999997,,17.138184145591957,16.937840145591956
2025-12-22T08:40:48.614912,BUY,INJUSDT,1.1,,,5.106200000000001,0.10212400000000002,-0.10212400000000002,,16.937840145591956,16.835716145591956
2025-12-22T08:40:50.100307,BUY,IOUSDT,32.2,,,5.00066,0.2000264,-0.2000264,,16.835716145591956,16.635689745591957
2025-12-22T08:40:52.485367,BUY,IRYSUSDT,150.0,,,5.11545,0.2557725,-0.2557725,,16.635689745591957,16.379917245591958
2025-12-22T08:40:54.870308,BUY,JELLYJELLYUSDT,73.0,,,5.013421,0.25067105,-0.25067105,,16.379917245591958,16.129246195591957
2025-12-22T08:40:59.939277,BUY,KMNOUSDT,100.0,,,5.183,0.20732,-0.20732,,16.129246195591957,15.921926195591958
2025-12-22T08:41:02.459374,BUY,LINEAUSDT,750.0,,,5.028,0.06703999999999999,-0.06703999999999999,,15.921926195591958,15.854886195591957
2025-12-22T08:41:05.114693,BUY,MANTAUSDT,68.3,,,5.000926,0.20003704,-0.20003704,,15.854886195591957,15.654849155591958
2025-12-22T08:41:06.451811,BUY,MAVIAUSDT,101.4,,,5.000034,0.2500017,-0.2500017,,15.654849155591958,15.404847455591957
2025-12-22T08:41:07.860310,BUY,MAVUSDT,191.0,,,5.00993,0.2003972,-0.2003972,,15.404847455591957,15.204450255591958
2025-12-22T08:41:11.251881,BUY,MERLUSDT,12.0,,,5.0207999999999995,0.20083199999999998,-0.20083199999999998,,15.204450255591958,15.003618255591958
2025-12-22T08:41:12.628905,BUY,METUSDT,20.2,,,5.00758,0.1001516,-0.1001516,,15.003618255591958,14.903466655591957
2025-12-22T08:41:24.489881,BUY,MUSDT,4.0,,,5.7036,0.22814399999999999,-0.22814399999999999,,14.903466655591957,14.675322655591957
2025-12-22T08:41:30.649826,BUY,OKBUSDT,0.05,,,5.368500000000001,0.21474000000000004,-0.21474000000000004,,14.675322655591957,14.460582655591956
2025-12-22T08:41:34.331156,BUY,ONDOUSDT,13.0,,,5.1259,0.102518,-0.102518,,14.460582655591956,14.358064655591956
2025-12-22T08:41:36.232636,BUY,OPUSDT,18.2,,,5.00136,0.1000272,-0.1000272,,14.358064655591956,14.258037455591957
2025-12-22T08:41:38.682158,BUY,OXTUSDT,200.0,,,5.038,0.40304,-0.40304,,14.258037455591957,13.854997455591956
2025-12-22T08:41:40.053177,BUY,PARTIUSDT,46.0,,,5.0209,0.251045,-0.251045,,13.854997455591956,13.603952455591957
2025-12-22T08:41:43.612707,BUY,PIXELUSDT,638.0,,,5.001282000000001,0.20005128000000003,-0.20005128000000003,,13.603952455591957,13.403901175591956
2025-12-22T08:41:44.958399,BUY,PLUMEUSDT,290.0,,,5.0083,0.100166,-0.100166,,13.403901175591956,13.303735175591957
2025-12-22T08:41:46.380839,BUY,POLUSDT,47.0,,,5.03558,0.06714106666666667,-0.06714106666666667,,13.303735175591957,13.23659410892529
2025-12-22T08:41:49.233351,BUY,PORTALUSDT,236.1,,,5.000598,0.2500299,-0.2500299,,13.23659410892529,12.98656420892529
2025-12-22T08:41:50.656748,BUY,PROMUSDT,0.7,,,5.1723,0.258615,-0.258615,,12.98656420892529,12.72794920892529
2025-12-22T08:41:53.134086,BUY,PUMPFUNUSDT,2500.0,,,5.052499999999999,0.06736666666666666,-0.06736666666666666,,12.72794920892529,12.660582542258624
2025-12-22T08:41:56.690125,BUY,QUSDT,340.0,,,5.01262,0.250631,-0.250631,,12.660582542258624,12.409951542258623
2025-12-22T08:42:00.220183,BUY,RESOLVUSDT,66.0,,,5.02656,0.2010624,-0.2010624,,12.409951542258623,12.208889142258624
2025-12-22T08:42:02.646646,BUY,RLSUSDT,300.0,,,5.0049,0.250245,-0.250245,,12.208889142258624,11.958644142258624
2025-12-22T08:42:04.127278,BUY,RSRUSDT,1950.0,,,5.0037,0.20014800000000002,-0.20014800000000002,,11.958644142258624,11.758496142258624
2025-12-22T08:42:06.529244,BUY,RVNUSDT,719.0,,,5.002802,0.20011208,-0.20011208,,11.758496142258624,11.558384062258623
2025-12-22T08:42:07.953071,BUY,SANDUSDT,43.0,,,5.038740000000001,0.10077480000000001,-0.10077480000000001,,11.558384062258623,11.457609262258623
2025-12-22T08:42:09.319974,BUY,SAPIENUSDT,41.0,,,5.00282,0.250141,-0.250141,,11.457609262258623,11.207468262258624
2025-12-22T08:42:12.234316,BUY,SEIUSDT,45.0,,,5.05215,0.10104300000000001,-0.10104300000000001,,11.207468262258624,11.106425262258623
2025-12-22T08:42:13.625735,BUY,SHIB1000USDT,690.0,,,5.00802,0.1001604,-0.1001604,,11.106425262258623,11.006264862258623
2025-12-22T08:42:15.403385,BUY,SIGNUSDT,140.0,,,5.0358,0.201432,-0.201432,,11.006264862258623,10.804832862258623
2025-12-22T08:42:17.873382,BUY,SKYUSDT,80.0,,,5.3008,0.26504,-0.26504,,10.804832862258623,10.539792862258622
2025-12-22T08:42:19.340277,BUY,SOLAYERUSDT,30.0,,,5.025,0.201,-0.201,,10.539792862258622,10.338792862258622
2025-12-22T08:42:20.873841,BUY,SOSOUSDT,9.0,,,5.0337000000000005,0.25168500000000005,-0.25168500000000005,,10.338792862258622,10.087107862258621
2025-12-22T08:42:24.500920,BUY,STRKUSDT,62.3,,,5.002066999999999,0.10004133999999999,-0.10004133999999999,,10.087107862258621,9.98706652225862
2025-12-22T08:42:26.304260,BUY,STXUSDT,20.0,,,5.012,0.10024,-0.10024,,9.98706652225862,9.886826522258621
2025-12-22T08:42:29.615834,BUY,SUPERUSDT,22.0,,,5.0094,0.200376,-0.200376,,9.886826522258621,9.686450522258621
2025-12-22T08:42:30.995767,BUY,SUSDT,66.0,,,5.0358,0.100716,-0.100716,,9.686450522258621,9.58573452225862
2025-12-22T08:42:36.042115,BUY,TAIUSDT,256.0,,,5.00736,1.0014720000000001,-1.0014720000000001,,9.58573452225862,8.584262522258621
2025-12-22T08:42:38.444476,BUY,THETAUSDT,18.1,,,5.01189,0.2004756,-0.2004756,,8.584262522258621,8.38378692225862
2025-12-22T08:42:39.830841,BUY,TIAUSDT,10.7,,,5.0086699999999995,0.1001734,-0.1001734,,8.38378692225862,8.283613522258621
2025-12-22T08:42:42.368602,BUY,TRUSTUSDT,47.0,,,5.05203,0.20208120000000002,-0.20208120000000002,,8.283613522258621,8.08153232225862
2025-12-22T08:42:43.736700,BUY,TRUTHUSDT,230.0,,,5.05747,0.2022988,-0.2022988,,8.08153232225862,7.8792335222586205
2025-12-22T08:42:46.206803,BUY,TSTBSCUSDT,302.0,,,5.0041400000000005,0.20016560000000003,-0.20016560000000003,,7.8792335222586205,7.6790679222586204
2025-12-22T08:42:56.540833,BUY,VIRTUALUSDT,7.0,,,5.0939,0.101878,-0.101878,,7.6790679222586204,7.57718992225862
2025-12-22T08:42:58.023259,BUY,VVVUSDT,3.7,,,5.002400000000001,0.20009600000000002,-0.20009600000000002,,7.57718992225862,7.37709392225862
2025-12-22T08:43:01.005095,BUY,WETUSDT,22.0,,,5.00676,0.1001352,-0.1001352,,7.37709392225862,7.27695872225862
2025-12-22T08:43:03.559842,BUY,WOOUSDT,185.3,,,5.001247,0.25006235,-0.25006235,,7.27695872225862,7.026896372258619
2025-12-22T08:43:04.938006,BUY,WUSDT,142.7,,,5.000208,0.10000416,-0.10000416,,7.026896372258619,6.926892212258619
2025-12-22T08:43:07.338091,BUY,XCHUSDT,1.01,,,5.010610000000001,1.0021220000000002,-1.0021220000000002,,6.926892212258619,5.924770212258619
2025-12-22T08:43:09.731499,BUY,XIONUSDT,25.2,,,5.001696,1.0003392,-1.0003392,,5.924770212258619,4.924431012258619
2025-12-22T08:43:11.173947,BUY,XNYUSDT,1260.0,,,5.019839999999999,1.003968,-1.003968,,4.924431012258619,3.9204630122586193
2025-12-22T08:43:12.929778,BUY,XPINUSDT,1700.0,,,5.06464,0.253232,-0.253232,,3.9204630122586193,3.667231012258619
2025-12-22T08:43:16.645574,BUY,ZBTUSDT,67.2,,,5.001024,0.10002048000000001,-0.10002048000000001,,3.667231012258619,3.567210532258619
2025-12-22T08:43:19.813887,BUY,ZEREBROUSDT,177.0,,,5.0091,0.40072800000000003,-0.40072800000000003,,3.567210532258619,3.166482532258619
2025-12-22T08:43:21.306265,BUY,ZKCUSDT,50.1,,,5.00499,0.2001996,-0.2001996,,3.166482532258619,2.9662829322586193
2025-12-22T08:43:22.700555,BUY,ZROUSDT,3.8,,,5.013719999999999,0.20054879999999997,-0.20054879999999997,,2.9662829322586193,2.7657341322586193
2025-12-22T08:44:26.719418,BUY,1000000BABYDOGEUSDT,8500.0,,,5.0167,0.200668,-0.200668,,2.7657341322586193,2.5650661322586195
2025-12-22T08:44:29.405624,BUY,1000BTTUSDT,12700.0,,,5.01523,0.4012184,-0.4012184,,2.5650661322586195,2.1638477322586196
2025-12-22T08:44:30.756593,BUY,1000CATUSDT,1911.0,,,5.001087,0.20004348,-0.20004348,,2.1638477322586196,1.9638042522586197
2025-12-22T08:44:32.160824,BUY,1000NEIROCTOUSDT,47.0,,,5.02994,0.1005988,-0.1005988,,1.9638042522586197,1.8632054522586197
2025-12-22T08:44:37.592386,BUY,1000TURBOUSDT,3.0,,,5.1051,0.204204,-0.204204,,1.8632054522586197,1.6590014522586196
2025-12-22T08:44:40.048690,BUY,2ZUSDT,46.0,,,5.0167600000000006,0.10033520000000001,-0.10033520000000001,,1.6590014522586196,1.5586662522586197
2025-12-22T08:44:42.567299,BUY,ACTUSDT,155.0,,,5.0034,0.25017,-0.25017,,1.5586662522586197,1.3084962522586197
2025-12-22T08:44:43.934956,BUY,ADAUSDT,14.0,,,5.138,0.06850666666666666,-0.06850666666666666,,1.3084962522586197,1.239989585591953
2025-12-22T08:44:49.882620,BUY,AKEUSDT,12400.0,,,5.01952,0.2007808,-0.2007808,,1.239989585591953,1.039208785591953
2025-12-22T08:44:52.266892,BUY,ALCHUSDT,28.0,,,5.049239999999999,0.25246199999999996,-0.25246199999999996,,1.039208785591953,0.786746785591953
2025-12-22T08:44:53.678390,BUY,ALGOUSDT,44.9,,,5.000064,0.10000128,-0.10000128,,0.786746785591953,0.686745505591953
2025-12-22T08:44:55.114752,BUY,ALTUSDT,434.0,,,5.004020000000001,0.20016080000000003,-0.20016080000000003,,0.686745505591953,0.486584705591953
2025-12-22T08:44:59.637756,BUY,APTUSDT,3.1,,,5.0034,0.100068,-0.100068,,0.486584705591953,0.386516705591953
2025-12-22T08:45:02.173029,BUY,ARKMUSDT,26.0,,,5.0076,0.100152,-0.100152,,0.386516705591953,0.286364705591953
2025-12-22T08:45:03.969282,BUY,ARKUSDT,20.0,,,5.1,0.204,-0.204,,0.286364705591953,0.082364705591953
2025-12-22T08:45:53.752817,BUY,GALAUSDT,802.0,,,5.002074,0.06669432,-0.06669432,,0.082364705591953,0.015670385591952996
2025-12-22T09:20:40.407870,SELL,BEATUSDT,4.0,,4.4046,17.6136,0.655296,1.2312000000000012,243.1988239833333,0.015670385591952996,1.9021663855919542
2025-12-22T09:20:41.570202,SELL,ETCUSDT,1.1,,12.333,13.566300000000002,0.26947800000000005,0.0923999999999996,242.28441853333334,1.9021663855919542,2.2640443855919536
2025-12-22T09:20:44.215908,BUY,1000000BABYDOGEUSDT,8500.0,,,5.02945,0.201178,-0.201178,,2.2640443855919536,2.0628663855919536
2025-12-22T09:20:46.799638,BUY,1000BTTUSDT,12700.0,,,5.01396,0.4011168,-0.4011168,,2.0628663855919536,1.6617495855919535
2025-12-22T09:20:48.603293,BUY,1000CATUSDT,1905.0,,,5.000625,0.200025,-0.200025,,1.6617495855919535,1.4617245855919534
2025-12-22T09:20:50.006101,BUY,1000NEIROCTOUSDT,47.0,,,5.0243,0.100486,-0.100486,,1.4617245855919534,1.3612385855919533
2025-12-22T09:20:57.547475,BUY,2ZUSDT,46.0,,,5.0232,0.100464,-0.100464,,1.3612385855919533,1.2607745855919532
2025-12-22T09:21:01.099697,BUY,ADAUSDT,14.0,,,5.154800000000001,0.06873066666666668,-0.06873066666666668,,1.2607745855919532,1.1920439189252865
2025-12-22T09:21:02.475734,BUY,AEROUSDT,10.0,,,5.004,0.20015999999999998,-0.20015999999999998,,1.1920439189252865,0.9918839189252865
2025-12-22T09:21:03.855862,BUY,AEVOUSDT,137.6,,,5.0003839999999995,0.20001535999999998,-0.20001535999999998,,0.9918839189252865,0.7918685589252865
2025-12-22T09:21:09.075734,BUY,ALCHUSDT,28.0,,,5.0638000000000005,0.25319,-0.25319,,0.7918685589252865,0.5386785589252865
2025-12-22T09:21:10.486023,BUY,ALGOUSDT,44.9,,,5.000513,0.10001025999999999,-0.10001025999999999,,0.5386785589252865,0.43866829892528647
2025-12-22T09:21:11.937412,BUY,ALTUSDT,432.0,,,5.00256,0.20010239999999999,-0.20010239999999999,,0.43866829892528647,0.23856589892528648
2025-12-22T09:21:13.395001,BUY,ANKRUSDT,769.0,,,5.003114,0.20012456,-0.20012456,,0.23856589892528648,0.03844133892528648
2025-12-22T11:58:47.808943,SELL,ZECUSDT,0.02,,444.39,8.8878,0.356128,-0.015399999999999636,241.08389381666666,0.03844133892528648,0.3791693389252868
2025-12-22T11:58:50.757226,BUY,1000000BABYDOGEUSDT,8400.0,,,5.00892,0.2003568,-0.2003568,,0.3791693389252868,0.1788125389252868
2025-12-22T11:58:55.370496,BUY,1000NEIROCTOUSDT,47.0,,,5.029,0.10058,-0.10058,,0.1788125389252868,0.07823253892528681
2025-12-22T12:02:57.155920,SELL,IPUSDT,5.6,,1.5273,8.547279999999999,0.1729616,-0.10080000000000133,242.74241548333333,0.07823253892528681,0.15039413892528547
2025-12-22T12:02:58.673341,SELL,JSTUSDT,210.0,,0.04059,8.5239,0.34062000000000003,0.008399999999998187,242.68340383333333,0.15039413892528547,0.4994141389252837
2025-12-22T12:03:00.197727,SELL,JTOUSDT,24.1,,0.3588,8.64708,0.1715438,0.0698900000000009,242.6880144333333,0.4994141389252837,0.7408479389252846
2025-12-22T12:03:01.369901,SELL,MEWUSDT,9800.0,,0.000862,8.4476,0.1675212,0.07153999999999883,242.40477315,0.7408479389252846,0.9799091389252834
2025-12-22T12:03:02.529802,SELL,MLNUSDT,1.7,,4.72,8.024,0.405875,-0.09350000000000058,242.38238711666665,0.9799091389252834,1.2922841389252828
2025-12-22T12:03:03.667540,SELL,MORPHOUSDT,7.0,,1.2243,8.5701,0.346696,-0.09730000000000061,242.33679203333335,1.2922841389252828,1.5416801389252823
2025-12-22T12:03:04.818866,SELL,MTLUSDT,23.9,,0.3494,8.35066,0.41323099999999996,0.08604000000000056,242.31344825,1.5416801389252823,2.040951138925283
2025-12-22T12:03:05.979263,SELL,NFPUSDT,366.4,,0.02238,8.200032,0.41036799999999996,-0.007327999999999335,242.24095936666666,2.040951138925283,2.4439911389252837
2025-12-22T12:03:07.248923,SELL,NMRUSDT,0.9,,9.236,8.3124,0.332352,0.0036000000000004917,242.23878025000002,2.4439911389252837,2.779943138925284
2025-12-22T12:03:08.682767,SELL,OGUSDT,0.7,,12.255,8.5785,0.6907599999999999,-0.05599999999999916,242.23904966666666,2.779943138925284,3.414703138925285
2025-12-22T12:03:10.102224,SELL,OLUSDT,520.0,,0.01584,8.2368,0.40612000000000004,0.11439999999999984,242.21612503333333,3.414703138925285,3.9352231389252847
2025-12-22T12:03:11.235755,SELL,ORCAUSDT,7.5,,1.1224,8.418000000000001,0.32478,0.29850000000000065,242.12897511666668,3.9352231389252847,4.5585031389252855
2025-12-22T12:03:12.401236,SELL,PAXGUSDT,0.002,,4429.9,8.8598,0.176608,0.02940000000000076,242.0847666,4.5585031389252855,4.764511138925286
2025-12-22T12:03:13.900575,BUY,0GUSDT,6.0,,,5.001,0.10002000000000001,-0.10002000000000001,,4.764511138925286,4.664491138925286
2025-12-22T12:03:15.742856,BUY,1000000BABYDOGEUSDT,8400.0,,,5.00892,0.2003568,-0.2003568,,4.664491138925286,4.4641343389252865
2025-12-22T12:03:18.303543,BUY,1000BTTUSDT,12700.0,,,5.01396,0.4011168,-0.4011168,,4.4641343389252865,4.063017538925287
2025-12-22T12:03:19.666825,BUY,1000CATUSDT,1916.0,,,5.00076,0.2000304,-0.2000304,,4.063017538925287,3.862987138925287
2025-12-22T12:03:21.050247,BUY,1000NEIROCTOUSDT,47.0,,,5.02759,0.1005518,-0.1005518,,3.862987138925287,3.762435338925287
2025-12-22T12:03:22.394140,BUY,1000PEPEUSDT,1300.0,,,5.185700000000001,0.10371400000000001,-0.10371400000000001,,3.762435338925287,3.658721338925287
2025-12-22T12:03:26.828179,BUY,1000TURBOUSDT,3.0,,,5.0859000000000005,0.20343600000000003,-0.20343600000000003,,3.658721338925287,3.455285338925287
2025-12-22T12:03:30.501625,BUY,ACHUSDT,650.0,,,5.03815,0.20152599999999998,-0.20152599999999998,,3.455285338925287,3.253759338925287
2025-12-22T12:03:31.870703,BUY,ACTUSDT,157.0,,,5.00359,0.2501795,-0.2501795,,3.253759338925287,3.003579838925287
2025-12-22T12:03:33.224813,BUY,ADAUSDT,14.0,,,5.1562,0.06874933333333333,-0.06874933333333333,,3.003579838925287,2.9348305055919535
2025-12-22T12:03:34.610247,BUY,AEROUSDT,10.0,,,5.044,0.20176,-0.20176,,2.9348305055919535,2.7330705055919533
2025-12-22T12:03:37.061460,BUY,AIOUSDT,50.0,,,5.529,0.44232,-0.44232,,2.7330705055919533,2.2907505055919533
2025-12-22T12:03:39.450661,BUY,AKEUSDT,12000.0,,,5.0076,0.200304,-0.200304,,2.2907505055919533,2.090446505591953
2025-12-22T12:03:41.198719,BUY,AKTUSDT,13.4,,,5.0183,0.200732,-0.200732,,2.090446505591953,1.8897145055919533
2025-12-22T12:03:43.620330,BUY,ALGOUSDT,44.6,,,5.00189,0.10003780000000001,-0.10003780000000001,,1.8897145055919533,1.7896767055919534
2025-12-22T12:03:45.062870,BUY,ALTUSDT,432.0,,,5.003424,0.20013696,-0.20013696,,1.7896767055919534,1.5895397455919533
2025-12-22T12:03:47.539976,BUY,APEUSDT,24.9,,,5.00739,0.1001478,-0.1001478,,1.5895397455919533,1.4893919455919533
2025-12-22T12:03:51.514329,BUY,ARCUSDT,121.0,,,5.008190000000001,0.40065520000000004,-0.40065520000000004,,1.4893919455919533,1.0887367455919532
2025-12-22T12:03:52.912157,BUY,ARKMUSDT,26.0,,,5.0128,0.10025600000000001,-0.10025600000000001,,1.0887367455919532,0.9884807455919532
2025-12-22T12:03:55.427306,BUY,ASTRUSDT,494.0,,,5.00422,0.2001688,-0.2001688,,0.9884807455919532,0.7883119455919532
2025-12-22T12:03:57.777003,BUY,ATOMUSDT,2.6,,,5.07,0.06760000000000001,-0.06760000000000001,,0.7883119455919532,0.7207119455919532
2025-12-22T12:04:01.266003,BUY,AVAAIUSDT,507.0,,,5.003583,0.25017915,-0.25017915,,0.7207119455919532,0.47053279559195316
2025-12-22T12:04:04.812077,BUY,AXSUSDT,5.9,,,5.03742,0.1007484,-0.1007484,,0.47053279559195316,0.36978439559195314
2025-12-22T12:04:09.959482,BUY,BIOUSDT,118.0,,,5.01028,0.10020559999999999,-0.10020559999999999,,0.36978439559195314,0.26957879559195314
2025-12-22T12:04:11.304268,BUY,BLASTUSDT,6920.0,,,5.0024679999999995,0.2501234,-0.2501234,,0.26957879559195314,0.01945539559195314
2025-12-22T12:19:32.430712,SELL,QNTUSDT,0.1,,76.6,7.66,0.4616076784643071,-0.03500000000000014,242.12042133333335,0.01945539559195314,0.4460630740562601
2025-12-22T12:19:33.968654,SELL,RAYDIUMUSDT,8.5,,0.9281,7.888850000000001,0.31208600000000003,0.08670000000000044,242.0785509,0.4460630740562601,0.8448490740562606
2025-12-22T12:19:35.110110,SELL,RUNEUSDT,13.4,,0.5874,7.871160000000001,0.3097544,0.12730000000000086,241.99354706666665,0.8448490740562606,1.2819034740562616
2025-12-22T12:19:36.257628,SELL,STABLEUSDT,670.0,,0.01085,7.2695,0.150884,-0.2746999999999993,241.74544331666667,1.2819034740562616,1.1580874740562623
2025-12-22T12:19:37.404733,SELL,TAOUSDT,0.033,,225.01,7.42533,0.148269,0.011879999999999669,241.54026123333333,1.1580874740562623,1.318236474056262
2025-12-22T12:19:38.526785,SELL,TRBUSDT,0.38,,19.3,7.3340000000000005,1.4516000000000002,0.07599999999999962,241.49776394999998,1.318236474056262,2.845836474056262
2025-12-22T12:19:39.661688,SELL,TWTUSDT,8.6,,0.8379,7.205939999999999,0.28545119999999996,0.06965999999999983,241.4147275,2.845836474056262,3.2009476740562617
2025-12-22T12:19:40.811786,SELL,UAIUSDT,39.0,,0.1956,7.6284,0.2844504,0.5171400000000004,241.41364465,3.2009476740562617,4.002538074056262
2025-12-22T12:19:41.974698,SELL,WAXPUSDT,930.0,,0.007644,7.1089199999999995,0.42008998200359926,0.10601999999999911,241.2476157,4.002538074056262,4.52864805605986
2025-12-22T12:19:43.129146,SELL,WLDUSDT,13.6,,0.5168,7.02848,0.13980800000000002,0.03807999999999989,241.22538745,4.52864805605986,4.706536056059861
2025-12-22T12:19:44.270677,SELL,XCNUSDT,1460.0,,0.004706,6.87076,1.3764880000000002,-0.011680000000001023,241.14314195,4.706536056059861,6.07134405605986
2025-12-22T12:19:45.420661,SELL,XRPUSDT,3.5,,1.9242,6.7347,0.08939466666666666,0.030100000000000016,240.99985743333335,6.07134405605986,6.190838722726526
2025-12-22T12:19:46.623551,SELL,ZENUSDT,0.8,,7.962,6.3696,0.25232,0.06160000000000032,240.90183280000002,6.190838722726526,6.504758722726526
2025-12-22T12:19:48.138097,BUY,0GUSDT,5.7,,,5.02227,0.10044539999999999,-0.10044539999999999,,6.504758722726526,6.4043133227265265
2025-12-22T12:19:49.534335,BUY,1000000BABYDOGEUSDT,8400.0,,,5.0148,0.200592,-0.200592,,6.4043133227265265,6.203721322726526
2025-12-22T12:19:52.081293,BUY,1000BTTUSDT,12700.0,,,5.0177700000000005,0.40142160000000005,-0.40142160000000005,,6.203721322726526,5.802299722726526
2025-12-22T12:19:54.913418,BUY,1000NEIROCTOUSDT,47.0,,,5.0384,0.10076800000000001,-0.10076800000000001,,5.802299722726526,5.701531722726526
2025-12-22T12:19:56.206499,BUY,1000PEPEUSDT,1300.0,,,5.185700000000001,0.10371400000000001,-0.10371400000000001,,5.701531722726526,5.597817722726526
2025-12-22T12:20:01.021374,BUY,1000TURBOUSDT,3.0,,,5.1018,0.204072,-0.204072,,5.597817722726526,5.393745722726526
2025-12-22T12:20:02.318143,BUY,1000XECUSDT,480.0,,,5.0040000000000004,0.40032,-0.40032,,5.393745722726526,4.993425722726526
2025-12-22T12:20:05.865848,BUY,ACTUSDT,153.0,,,5.00769,0.2503845,-0.2503845,,4.993425722726526,4.743041222726526
2025-12-22T12:20:07.277519,BUY,ADAUSDT,14.0,,,5.1646,0.06886133333333333,-0.06886133333333333,,4.743041222726526,4.6741798893931925
2025-12-22T12:20:08.827696,BUY,AEROUSDT,10.0,,,5.072,0.20288,-0.20288,,4.6741798893931925,4.471299889393192
2025-12-22T12:20:11.644936,BUY,AIOUSDT,50.0,,,5.5215,0.44171999999999995,-0.44171999999999995,,4.471299889393192,4.029579889393192
2025-12-22T12:20:15.011089,BUY,AKTUSDT,13.3,,,5.00346,0.2001384,-0.2001384,,4.029579889393192,3.829441489393192
2025-12-22T12:20:20.516086,BUY,APEUSDT,24.8,,,5.0071200000000005,0.1001424,-0.1001424,,3.829441489393192,3.7292990893931917
2025-12-22T12:20:22.656189,BUY,API3USDT,11.9,,,5.0122800000000005,0.2004912,-0.2004912,,3.7292990893931917,3.5288078893931916
2025-12-22T12:20:24.024707,BUY,APTUSDT,3.08,,,5.005,0.1001,-0.1001,,3.5288078893931916,3.4287078893931917
2025-12-22T12:20:25.419882,BUY,ARCUSDT,121.0,,,5.0094,0.400752,-0.400752,,3.4287078893931917,3.0279558893931915
2025-12-22T12:20:27.144385,BUY,ARKMUSDT,26.0,,,5.0336,0.100672,-0.100672,,3.0279558893931915,2.9272838893931916
2025-12-22T12:20:32.069429,BUY,ATOMUSDT,2.6,,,5.083,0.06777333333333334,-0.06777333333333334,,2.9272838893931916,2.8595105560598584
2025-12-22T12:20:33.816993,BUY,ATUSDT,52.0,,,5.0216400000000005,0.251082,-0.251082,,2.8595105560598584,2.6084285560598586
2025-12-22T12:20:38.234769,BUY,AVLUSDT,63.0,,,5.01732,0.250866,-0.250866,,2.6084285560598586,2.3575625560598588
2025-12-22T12:20:40.737601,BUY,BANANAUSDT,0.8,,,5.0136,0.200544,-0.200544,,2.3575625560598588,2.157018556059859
2025-12-22T12:20:42.183470,BUY,BATUSDT,23.6,,,5.00084,0.2000336,-0.2000336,,2.157018556059859,1.956984956059859
2025-12-22T12:20:45.064526,BUY,BIOUSDT,118.0,,,5.01618,0.10032360000000001,-0.10032360000000001,,1.956984956059859,1.8566613560598588
2025-12-22T12:20:47.487470,BUY,BLESSUSDT,450.0,,,5.0264999999999995,0.40212,-0.40212,,1.8566613560598588,1.4545413560598588
2025-12-22T12:20:50.592500,BUY,BOBBOBUSDT,410.0,,,5.04505,0.2522525,-0.2522525,,1.4545413560598588,1.2022888560598588
2025-12-22T12:20:51.944439,BUY,BOMEUSDT,8600.0,,,5.02842,0.10056839999999999,-0.10056839999999999,,1.2022888560598588,1.1017204560598588
2025-12-22T12:20:54.417664,BUY,BSUUSDT,34.0,,,5.023499999999999,1.0047,-1.0047,,1.1017204560598588,0.09702045605985887
2025-12-22T12:21:26.617017,BUY,GALAUSDT,798.0,,,5.002662,0.06670216,-0.06670216,,0.09702045605985887,0.030318296059858876
2025-12-22T12:24:17.176082,SELL,1000BONKUSDT,800.0,,0.008184,6.5472,0.130864,0.0039999999999995595,244.1895814,0.030318296059858876,0.16518229605985846
2025-12-22T12:24:19.097333,SELL,1000RATSUSDT,160.0,,0.0404,6.4639999999999995,0.32592,-0.054400000000000226,244.10684203333332,0.16518229605985846,0.4367022960598582
2025-12-22T12:24:20.633722,SELL,1000TAGUSDT,13.0,,0.4805,6.2465,1.2909000000000002,-0.20800000000000018,244.10984044999998,0.4367022960598582,1.5196022960598583
2025-12-22T12:24:21.766843,SELL,AIXBTUSDT,210.0,,0.02925,6.1425,0.245364,0.008399999999999963,243.86573305,1.5196022960598583,1.7733662960598582
2025-12-22T12:24:22.933564,SELL,AUCTIONUSDT,1.2,,4.911,5.893199999999999,0.23419199999999996,0.03840000000000021,243.49261206666668,1.7733662960598582,2.045958296059858
2025-12-22T12:24:24.110844,SELL,AVAXUSDT,0.5,,12.259,6.1295,0.12172000000000001,0.04349999999999987,243.4654084166667,2.045958296059858,2.211178296059858
2025-12-22T12:24:25.258983,SELL,BLUAIUSDT,1360.0,,0.004333,5.89288,0.2371296,-0.035359999999999836,243.24388338333335,2.211178296059858,2.412947896059858
2025-12-22T12:24:26.409660,SELL,BRETTUSDT,420.0,,0.01421,5.9682,0.119196,0.008400000000000851,243.16969613333333,2.412947896059858,2.5405438960598588
2025-12-22T12:24:27.506166,SELL,BTCUSDT,0.001,,89709.4,89.7093,0.8885550000000001,0.8537999999999926,243.13396408333335,2.5405438960598588,4.2828988960598515
2025-12-22T12:24:28.637095,SELL,BUSDT,27.0,,0.21076,5.69052,0.46163519999999997,-0.07991999999999955,243.12960264999998,4.2828988960598515,4.664614096059852
2025-12-22T12:24:29.763305,SELL,C98USDT,260.0,,0.02212,5.7512,0.230672,-0.015600000000000058,243.12543929999998,4.664614096059852,4.879686096059852
2025-12-22T12:24:30.918793,SELL,CAMPUSDT,808.0,,0.007287,5.8878960000000005,0.23037696,0.12847200000000036,243.12161238333334,4.879686096059852,5.2385350560598525
2025-12-22T12:24:32.084425,SELL,CATIUSDT,94.0,,0.06125,5.7575,0.28576,0.042300000000000004,243.11810658333334,5.2385350560598525,5.566595056059852
2025-12-22T12:24:33.206108,SELL,CGPTUSDT,198.0,,0.02895,5.7321,0.22738319999999998,0.04752000000000045,243.04214365,5.566595056059852,5.841498256059853
2025-12-22T12:24:34.338934,SELL,CLANKERUSDT,0.18,,31.36,5.6448,0.27684000000000003,0.10799999999999965,242.98523001666666,5.841498256059853,6.226338256059853
2025-12-22T12:24:35.477287,SELL,COTIUSDT,271.0,,0.02081,5.63951,0.22471319999999997,0.02167999999999992,242.91024148333332,6.226338256059853,6.472731456059853
2025-12-22T12:24:36.628974,SELL,CTCUSDT,23.0,,0.2535,5.8305,0.22825199999999998,0.12420000000000009,242.88313398333332,6.472731456059853,6.825183456059853
2025-12-22T12:24:37.779736,SELL,CUDISUSDT,190.0,,0.0293,5.567,0.27217499999999994,0.12350000000000083,242.85585086666666,6.825183456059853,7.220858456059854
2025-12-22T12:24:38.923587,SELL,CYBERUSDT,7.9,,0.6908,5.45732,0.2187668,-0.011849999999999916,242.8280896,7.220858456059854,7.427775256059854
2025-12-22T12:24:40.047597,SELL,ENSUSDT,0.6,,9.642,5.7852,0.114768,0.046800000000000175,242.63039118333333,7.427775256059854,7.589343256059854
2025-12-22T12:24:41.174752,SELL,EPICUSDT,8.0,,0.703,5.624,0.21587199999999998,0.22719999999999985,242.62591875,7.589343256059854,8.032415256059853
2025-12-22T12:24:42.336221,SELL,FLUIDUSDT,2.0,,2.626,5.252,0.20808,0.04999999999999982,242.45872136666668,8.032415256059853,8.290495256059852
2025-12-22T12:24:43.514149,SELL,HFTUSDT,189.0,,0.02748,5.19372,0.3091799640071985,0.039690000000000225,242.20712256666667,8.290495256059852,8.63936522006705
2025-12-22T12:24:44.676590,SELL,HIPPOUSDT,5590.0,,0.0009057,5.062863,0.25632945,-0.06372599999999995,242.20369033333333,8.63936522006705,8.83196867006705
2025-12-22T12:24:45.777456,SELL,ICPUSDT,1.7,,3.085,5.2444999999999995,0.103088,0.09009999999999962,242.06815443333335,8.83196867006705,9.02515667006705
2025-12-22T12:24:46.913718,SELL,MUBARAKUSDT,329.0,,0.0155,5.0995,0.25004,0.09870000000000001,241.44884228333333,9.02515667006705,9.37389667006705
2025-12-22T12:24:48.061314,SELL,OMUSDT,71.0,,0.07056,5.00976,0.10012420000000001,0.00354999999999972,241.30658361666667,9.37389667006705,9.47757087006705
2025-12-22T12:24:49.194810,SELL,RIVERUSDT,0.9,,5.361,4.824000000000001,0.200664,-0.19259999999999966,240.86078578333334,9.47757087006705,9.48563487006705
2025-12-22T12:24:51.756809,BUY,1000000BABYDOGEUSDT,8400.0,,,5.01396,0.2005584,-0.2005584,,9.48563487006705,9.28507647006705
2025-12-22T12:24:54.420353,BUY,1000BTTUSDT,12700.0,,,5.0177700000000005,0.40142160000000005,-0.40142160000000005,,9.28507647006705,8.88365487006705
2025-12-22T12:24:55.763004,BUY,1000CATUSDT,1914.0,,,5.001282,0.20005128,-0.20005128,,8.88365487006705,8.68360359006705
2025-12-22T12:24:57.170720,BUY,1000NEIROCTOUSDT,47.0,,,5.04451,0.1008902,-0.1008902,,8.68360359006705,8.582713390067049
2025-12-22T12:25:02.652689,BUY,1000TURBOUSDT,3.0,,,5.0949,0.203796,-0.203796,,8.582713390067049,8.378917390067048
2025-12-22T12:25:03.982909,BUY,1000XECUSDT,480.0,,,5.00544,0.4004352,-0.4004352,,8.378917390067048,7.978482190067048
2025-12-22T12:25:07.569070,BUY,ACTUSDT,155.0,,,5.00805,0.2504025,-0.2504025,,7.978482190067048,7.728079690067048
2025-12-22T12:25:08.948073,BUY,ADAUSDT,14.0,,,5.1716,0.06895466666666666,-0.06895466666666666,,7.728079690067048,7.659125023400382
2025-12-22T12:25:10.324031,BUY,AEROUSDT,10.0,,,5.0760000000000005,0.20304000000000003,-0.20304000000000003,,7.659125023400382,7.456085023400382
2025-12-22T12:25:11.673059,BUY,AEVOUSDT,137.8,,,5.000762000000001,0.20003048000000004,-0.20003048000000004,,7.456085023400382,7.256054543400382
2025-12-22T12:25:13.114310,BUY,AIOUSDT,50.0,,,5.5215,0.44171999999999995,-0.44171999999999995,,7.256054543400382,6.814334543400382
2025-12-22T12:25:15.532962,BUY,AKEUSDT,12100.0,,,5.01424,0.20056960000000001,-0.20056960000000001,,6.814334543400382,6.6137649434003825
2025-12-22T12:25:19.598043,BUY,ALGOUSDT,44.5,,,5.00536,0.1001072,-0.1001072,,6.6137649434003825,6.513657743400382
2025-12-22T12:25:21.032698,BUY,ALTUSDT,432.0,,,5.00256,0.20010239999999999,-0.20010239999999999,,6.513657743400382,6.313555343400383
2025-12-22T12:25:23.389223,BUY,APEUSDT,24.8,,,5.0071200000000005,0.1001424,-0.1001424,,6.313555343400383,6.213412943400383
2025-12-22T12:25:24.764767,BUY,API3USDT,11.9,,,5.01466,0.2005864,-0.2005864,,6.213412943400383,6.012826543400383
2025-12-22T12:25:26.132138,BUY,APTUSDT,3.07,,,5.0071699999999995,0.1001434,-0.1001434,,6.012826543400383,5.912683143400383
2025-12-22T12:25:27.524590,BUY,ARCUSDT,121.0,,,5.01182,0.4009456,-0.4009456,,5.912683143400383,5.511737543400383
2025-12-22T12:25:28.864122,BUY,ARKMUSDT,26.0,,,5.031000000000001,0.10062000000000001,-0.10062000000000001,,5.511737543400383,5.411117543400382
2025-12-22T12:25:33.396745,BUY,ATOMUSDT,2.6,,,5.0804,0.06773866666666667,-0.06773866666666667,,5.411117543400382,5.343378876733715
2025-12-22T12:25:36.775675,BUY,AVAAIUSDT,507.0,,,5.0045969999999995,0.25022985,-0.25022985,,5.343378876733715,5.093149026733715
2025-12-22T12:25:39.202491,BUY,AVLUSDT,63.0,,,5.00976,0.250488,-0.250488,,5.093149026733715,4.842661026733715
2025-12-22T12:25:41.925760,BUY,BANANAUSDT,0.8,,,5.008800000000001,0.20035200000000003,-0.20035200000000003,,4.842661026733715,4.642309026733716
2025-12-22T12:25:46.249579,BUY,BIOUSDT,118.0,,,5.01854,0.1003708,-0.1003708,,4.642309026733716,4.541938226733715
2025-12-22T12:25:48.596373,BUY,BLESSUSDT,450.0,,,5.0264999999999995,0.40212,-0.40212,,4.541938226733715,4.139818226733715
2025-12-22T12:25:49.929406,BUY,BLUAIUSDT,1160.0,,,5.0216400000000005,0.20086560000000003,-0.20086560000000003,,4.139818226733715,3.938952626733715
2025-12-22T12:25:55.411835,BUY,BSUUSDT,34.0,,,5.03302,1.0066039999999998,-1.0066039999999998,,3.938952626733715,2.9323486267337153
2025-12-22T12:25:57.491532,BUY,BUSDT,24.0,,,5.052960000000001,0.40423680000000006,-0.40423680000000006,,2.9323486267337153,2.5281118267337153
2025-12-22T12:26:00.935576,BUY,CATIUSDT,82.0,,,5.0225,0.251125,-0.251125,,2.5281118267337153,2.276986826733715
2025-12-22T12:26:02.293245,BUY,CCUSDT,58.0,,,5.000179999999999,0.20000719999999997,-0.20000719999999997,,2.276986826733715,2.0769796267337153
2025-12-22T12:26:03.646213,BUY,CELOUSDT,41.5,,,5.0049,0.200196,-0.200196,,2.0769796267337153,1.8767836267337152
2025-12-22T12:26:05.999137,BUY,CGPTUSDT,173.0,,,5.00316,0.2001264,-0.2001264,,1.8767836267337152,1.6766572267337152
2025-12-22T12:26:07.362387,BUY,CHRUSDT,120.2,,,5.0015220000000005,0.2500761,-0.2500761,,1.6766572267337152,1.4265811267337152
2025-12-22T12:26:08.734079,BUY,CKBUSDT,2080.0,,,5.0024,0.200096,-0.200096,,1.4265811267337152,1.2264851267337151
2025-12-22T12:26:10.061769,BUY,CLANKERUSDT,0.16,,,5.0176,0.25088,-0.25088,,1.2264851267337151,0.9756051267337151
2025-12-22T12:26:11.546291,BUY,COMPUSDT,0.21,,,5.0546999999999995,0.20218799999999998,-0.20218799999999998,,0.9756051267337151,0.7734171267337151
2025-12-22T12:26:14.994903,BUY,COTIUSDT,240.0,,,5.0040000000000004,0.20016,-0.20016,,0.7734171267337151,0.5732571267337151
2025-12-22T12:26:16.387157,BUY,CROSSUSDT,42.0,,,5.055540000000001,0.25277700000000003,-0.25277700000000003,,0.5732571267337151,0.32048012673371506
2025-12-22T12:26:18.082823,BUY,CTCUSDT,20.0,,,5.07,0.2028,-0.2028,,0.32048012673371506,0.11768012673371506
2025-12-22T12:26:25.677022,BUY,DYDXUSDT,30.6,,,5.00616,0.10012320000000001,-0.10012320000000001,,0.11768012673371506,0.017556926733715048
2025-12-22T12:29:23.427804,SELL,1000TOSHIUSDT,16.0,,0.3254,5.2064,0.1032,0.04640000000000022,242.85638578333334,0.017556926733715048,0.1671569267337153
2025-12-22T12:29:24.968783,SELL,HBARUSDT,45.0,,0.11336,5.1012,0.067404,0.045900000000000496,240.94913351666668,0.1671569267337153,0.2804609267337158
2025-12-22T12:29:26.519990,SELL,HEIUSDT,41.9,,0.1199,5.02381,0.25022679999999997,0.019274000000000235,240.95237343333335,0.2804609267337158,0.549961726733716
2025-12-22T12:29:28.055486,SELL,ICNTUSDT,13.0,,0.3771,4.9023,0.25948000000000004,-0.2873000000000001,240.83266421666667,0.549961726733716,0.522141726733716
2025-12-22T12:29:29.177604,SELL,KITEUSDT,57.0,,0.08841,5.03937,0.1006278,0.007979999999999876,240.64544905,0.522141726733716,0.6307495267337159
2025-12-22T12:29:30.334655,SELL,MBOXUSDT,168.0,,0.03018,5.07024,0.250488,0.06048000000000009,240.47930233333332,0.6307495267337159,0.9417175267337159
2025-12-22T12:29:31.456796,SELL,MIRAUSDT,39.7,,0.1262,5.010140000000001,0.1001234,0.003970000000000695,240.3710593,0.9417175267337159,1.0458109267337166
2025-12-22T12:29:32.979857,SELL,MOVEUSDT,153.0,,0.03264,4.99392,0.2002464,-0.012239999999999363,240.2863503833333,1.0458109267337166,1.2338173267337171
2025-12-22T12:29:34.136826,SELL,NEOUSDT,1.42,,3.57,5.0694,0.20067439999999998,0.052540000000000475,240.22392908333333,1.2338173267337171,1.4870317267337176
2025-12-22T12:29:35.256862,SELL,SUNUSDT,250.0,,0.020523,5.13075,0.20405,0.029499999999999638,245.17198323333332,1.4870317267337176,1.7205817267337173
2025-12-22T12:29:36.387058,SELL,USUSDT,430.0,,0.01157,4.9751,0.20020799999999997,-0.030099999999999127,244.84191483333333,1.7205817267337173,1.8906897267337182
2025-12-22T12:29:37.531970,SELL,VINEUSDT,182.0,,0.02782,5.06324,0.20049119999999998,0.05096000000000078,244.75162706666666,1.8906897267337182,2.142140926733719
2025-12-22T12:29:38.664261,SELL,XAIUSDT,327.0,,0.01545,5.05215,0.2002548,0.04577999999999971,244.59334503333332,2.142140926733719,2.388175726733719
2025-12-22T12:29:41.631100,BUY,1000000BABYDOGEUSDT,8400.0,,,5.0148,0.200592,-0.200592,,2.388175726733719,2.187583726733719
2025-12-22T12:29:44.251915,BUY,1000BTTUSDT,12700.0,,,5.0165,0.40131999999999995,-0.40131999999999995,,2.187583726733719,1.7862637267337191
2025-12-22T12:29:45.551787,BUY,1000CATUSDT,1914.0,,,5.001282,0.20005128,-0.20005128,,1.7862637267337191,1.586212446733719
2025-12-22T12:29:46.923708,BUY,1000NEIROCTOUSDT,47.0,,,5.04075,0.100815,-0.100815,,1.586212446733719,1.485397446733719
2025-12-22T12:29:54.197811,BUY,1000XECUSDT,480.0,,,5.00784,0.40062719999999996,-0.40062719999999996,,1.485397446733719,1.084770246733719
2025-12-22T12:29:57.705355,BUY,ACTUSDT,155.0,,,5.01115,0.2505575,-0.2505575,,1.084770246733719,0.834212746733719
2025-12-22T12:29:59.056408,BUY,ADAUSDT,14.0,,,5.1646,0.06886133333333333,-0.06886133333333333,,0.834212746733719,0.7653514134003857
2025-12-22T12:30:00.419386,BUY,AEROUSDT,10.0,,,5.0760000000000005,0.20304000000000003,-0.20304000000000003,,0.7653514134003857,0.5623114134003857
2025-12-22T12:30:01.743313,BUY,AEVOUSDT,137.8,,,5.000762000000001,0.20003048000000004,-0.20003048000000004,,0.5623114134003857,0.3622809334003857
2025-12-22T12:30:05.260550,BUY,AKEUSDT,12100.0,,,5.01666,0.2006664,-0.2006664,,0.3622809334003857,0.1616145334003857
2025-12-22T12:30:12.891533,BUY,APTUSDT,3.07,,,5.0071699999999995,0.1001434,-0.1001434,,0.1616145334003857,0.06147113340038571
2025-12-22T12:33:52.207187,SELL,COREUSDT,40.3,,0.1245,5.0173499999999995,0.25024284999999996,0.012493000000000087,240.08952230000003,0.06147113340038571,0.3242069834003858
2025-12-22T12:33:53.843688,SELL,PYTHUSDT,84.0,,0.06008,5.0467200000000005,0.10051439999999999,0.021000000000000796,244.05334181666666,0.3242069834003858,0.4457213834003866
2025-12-22T12:33:54.966029,SELL,SKLUSDT,487.0,,0.010404,5.066748,0.20000115999999998,0.06671899999999997,243.69476746666666,0.4457213834003866,0.7124415434003866
2025-12-22T12:33:57.059882,BUY,0GUSDT,5.9,,,5.002610000000001,0.10005220000000001,-0.10005220000000001,,0.7124415434003866,0.6123893434003865
2025-12-22T12:33:58.459267,BUY,1000000BABYDOGEUSDT,8400.0,,,5.02236,0.2008944,-0.2008944,,0.6123893434003865,0.4114949434003865
2025-12-22T12:34:00.641555,BUY,1000BTTUSDT,12700.0,,,5.0165,0.40131999999999995,-0.40131999999999995,,0.4114949434003865,0.010174943400386549
2026-01-04T23:15:37.093478,BUY,1000LUNCUSDT,1123.0,,,49.98473,1.9993892,-1.9993892,,1000.0,998.0006108
2026-01-04T23:15:38.470485,BUY,1000XUSDT,2360.0,,,49.913999999999994,9.9828,-9.9828,,998.0006108,988.0178108
2026-01-04T23:15:39.942367,BUY,AAVEUSDT,0.3,,,49.431000000000004,0.6590800000000001,-0.6590800000000001,,988.0178108,987.3587308
2026-01-04T23:15:41.281229,BUY,ADAUSDT,123.0,,,49.261500000000005,0.6568200000000001,-0.6568200000000001,,987.3587308,986.7019108
2026-01-04T23:15:42.709227,BUY,AINUSDT,910.0,,,49.2401,9.84802,-9.84802,,986.7019108,976.8538907999999
2026-01-04T23:15:44.068748,BUY,ALGOUSDT,359.7,,,48.836469,0.97672938,-0.97672938,,976.8538907999999,975.8771614199999
2026-01-04T23:15:45.592726,BUY,APRUSDT,346.0,,,48.75486,1.9501944,-1.9501944,,975.8771614199999,973.9269670199999
2026-01-04T23:15:46.914022,BUY,ARBUSDT,226.1,,,48.70194,0.9740388,-0.9740388,,973.9269670199999,972.9529282199999
2026-01-04T23:15:48.220320,BUY,ARIAUSDT,663.0,,,48.63105,2.4315525,-2.4315525,,972.9529282199999,970.5213757199999
2026-01-04T23:15:49.606233,BUY,ASRUSDT,31.5,,,48.58875,2.4294374999999997,-2.4294374999999997,,970.5213757199999,968.09193822
2026-01-04T23:15:50.971540,BUY,ATOMUSDT,20.8,,,48.3808,0.6450773333333334,-0.6450773333333334,,968.09193822,967.4468608866666
2026-01-04T23:15:52.582279,BUY,BANANAS31USDT,11100.0,,,48.4959,2.424795,-2.424795,,967.4468608866666,965.0220658866666
2026-01-04T23:15:53.869007,BUY,BANANAUSDT,6.06,,,48.2679,1.9307159999999999,-1.9307159999999999,,965.0220658866666,963.0913498866666
2026-01-04T23:15:55.254786,BUY,BEATUSDT,58.0,,,47.7804,2.38902,-2.38902,,963.0913498866666,960.7023298866667
2026-01-04T23:15:56.624827,BUY,BICOUSDT,1032.8,,,48.035528,2.4017764,-2.4017764,,960.7023298866667,958.3005534866667
2026-01-04T23:15:57.973999,BUY,BNBUSDT,0.05,,,44.785000000000004,0.8957,-0.8957,,958.3005534866667,957.4048534866666
2026-01-04T23:15:59.538424,BUY,BSUUSDT,326.0,,,47.81768,9.563536000000001,-9.563536000000001,,957.4048534866666,947.8413174866666
2026-01-04T23:16:00.974785,BUY,CCUSDT,317.0,,,47.34078,1.8936312000000002,-1.8936312000000002,,947.8413174866666,945.9476862866667
2026-01-04T23:16:02.527444,BUY,COMPUSDT,1.78,,,47.2946,1.8917840000000001,-1.8917840000000001,,945.9476862866667,944.0559022866667
2026-01-04T23:16:03.843216,BUY,COWUSDT,199.0,,,47.182900000000004,1.8873160000000002,-1.8873160000000002,,944.0559022866667,942.1685862866666
2026-01-04T23:16:05.287708,BUY,CROSSUSDT,343.0,,,47.165929999999996,2.3582965,-2.3582965,,942.1685862866666,939.8102897866665
2026-01-04T23:16:06.823910,BUY,CYSUSDT,115.0,,,47.115500000000004,3.7692400000000004,-3.7692400000000004,,939.8102897866665,936.0410497866666
2026-01-04T23:16:08.563739,BUY,ESPORTSUSDT,104.0,,,46.73968,2.336984,-2.336984,,936.0410497866666,933.7040657866665
2026-01-04T23:16:10.406272,BUY,EVAAUSDT,39.4,,,46.740219999999994,2.3370109999999995,-2.3370109999999995,,933.7040657866665,931.3670547866666
2026-01-04T23:16:11.842134,BUY,FILUSDT,31.2,,,46.49424,1.8597696,-1.8597696,,931.3670547866666,929.5072851866665
2026-01-04T23:16:13.309883,BUY,FWOGUSDT,2730.0,,,46.467330000000004,9.293466,-9.293466,,929.5072851866665,920.2138191866666
2026-01-04T23:16:14.698061,BUY,GNOUSDT,0.33,,,45.9657,9.19314,-9.19314,,920.2138191866666,911.0206791866666
2026-01-04T23:16:16.197173,BUY,GPSUSDT,7676.0,,,45.549384,2.2774692,-2.2774692,,911.0206791866666,908.7432099866666
2026-01-04T23:16:17.552822,BUY,GRTUSDT,1116.7,,,45.438522999999996,1.81754092,-1.81754092,,908.7432099866666,906.9256690666665
2026-01-04T23:16:18.868538,BUY,GUNUSDT,3175.0,,,45.3517,2.267585,-2.267585,,906.9256690666665,904.6580840666664
2026-01-04T23:16:20.330705,BUY,HIPPOUSDT,36880.0,,,45.229632,2.2614816,-2.2614816,,904.6580840666664,902.3966024666664
2026-01-04T23:16:22.216517,BUY,HOMEUSDT,1970.0,,,45.0933,1.803732,-1.803732,,902.3966024666664,900.5928704666665
2026-01-04T23:16:23.691642,BUY,ICNTUSDT,96.0,,,45.2448,2.26224,-2.26224,,900.5928704666665,898.3306304666664
2026-01-04T23:16:25.001370,BUY,IDEXUSDT,4750.0,,,44.9255,8.9851,-8.9851,,898.3306304666664,889.3455304666664
2026-01-04T23:16:26.725008,BUY,IPUSDT,20.7,,,44.51535,0.890307,-0.890307,,889.3455304666664,888.4552234666664
2026-01-04T23:16:28.127544,BUY,IRYSUSDT,1200.0,,,44.6004,2.23002,-2.23002,,888.4552234666664,886.2252034666665
2026-01-04T23:16:29.857622,BUY,LIGHTUSDT,64.0,,,43.9808,3.5184640000000003,-3.5184640000000003,,886.2252034666665,882.7067394666665
2026-01-04T23:16:31.459522,BUY,LYNUSDT,297.0,,,44.19063,2.2095314999999998,-2.2095314999999998,,882.7067394666665,880.4972079666665
2026-01-04T23:16:34.120282,BUY,MUSDT,28.0,,,44.2456,2.2122800000000002,-2.2122800000000002,,880.4972079666665,878.2849279666665
2026-01-04T23:16:35.505846,BUY,NAORISUSDT,1240.0,,,43.93320000000001,8.786640000000002,-8.786640000000002,,878.2849279666665,869.4982879666665
2026-01-04T23:16:37.479051,BUY,PIPPINUSDT,87.0,,,43.44519,2.1722595,-2.1722595,,869.4982879666665,867.3260284666665
2026-01-04T23:16:39.331060,BUY,POWERUSDT,147.0,,,43.36794,2.1683969999999997,-2.1683969999999997,,867.3260284666665,865.1576314666664
2026-01-04T23:16:41.108335,BUY,QUSDT,2390.0,,,43.23988,2.161994,-2.161994,,865.1576314666664,862.9956374666664
2026-01-04T23:16:42.799837,BUY,RESOLVUSDT,511.0,,,43.107960000000006,1.7243184000000003,-1.7243184000000003,,862.9956374666664,861.2713190666664
2026-01-04T23:16:44.638328,BUY,RIVERUSDT,3.5,,,43.099000000000004,1.7239600000000002,-1.7239600000000002,,861.2713190666664,859.5473590666663
2026-01-04T23:16:46.103157,BUY,RLSUSDT,3850.0,,,42.94675,2.1473375,-2.1473375,,859.5473590666663,857.4000215666663
2026-01-04T23:16:48.282620,BUY,SAPIENUSDT,259.0,,,42.9163,2.145815,-2.145815,,857.4000215666663,855.2542065666663
2026-01-04T23:16:49.749735,BUY,SAROSUSDT,9365.0,,,42.76059,8.552118,-8.552118,,855.2542065666663,846.7020885666664
2026-01-04T23:16:51.266994,BUY,SDUSDT,176.0,,,42.3984,8.47968,-8.47968,,846.7020885666664,838.2224085666663
2026-01-04T23:16:52.994788,BUY,SNXUSDT,90.2,,,41.93398,1.6773592,-1.6773592,,838.2224085666663,836.5450493666664
2026-01-04T23:16:55.170460,BUY,SUSHIUSDT,122.9,,,41.81058,1.6724232,-1.6724232,,836.5450493666664,834.8726261666664
2026-01-04T23:16:56.653014,BUY,SWARMSUSDT,2556.0,,,41.736924,2.0868462,-2.0868462,,834.8726261666664,832.7857799666664
2026-01-04T23:16:58.496100,BUY,TONUSDT,22.4,,,41.697599999999994,0.8339519999999999,-0.8339519999999999,,832.7857799666664,831.9518279666664
2026-01-04T23:16:59.943788,BUY,TOWNSUSDT,6400.0,,,41.6064,8.32128,-8.32128,,831.9518279666664,823.6305479666664
2026-01-04T23:17:01.672996,BUY,TSTBSCUSDT,2182.0,,,41.17434,2.058717,-2.058717,,823.6305479666664,821.5718309666664
2026-01-04T23:17:03.207109,BUY,TURTLEUSDT,624.0,,,41.065439999999995,2.0532719999999998,-2.0532719999999998,,821.5718309666664,819.5185589666664
2026-01-04T23:17:04.674725,BUY,TUSDT,4480.0,,,41.00096,1.6400384,-1.6400384,,819.5185589666664,817.8785205666665
2026-01-04T23:17:06.164115,BUY,UAIUSDT,261.0,,,40.90392,1.6361568,-1.6361568,,817.8785205666665,816.2423637666665
2026-01-04T23:17:07.565073,BUY,UBUSDT,1150.0,,,40.9561,2.047805,-2.047805,,816.2423637666665,814.1945587666664
2026-01-04T23:17:09.062567,BUY,USUSDT,6260.0,,,40.70252,1.6281008,-1.6281008,,814.1945587666664,812.5664579666665
2026-01-04T23:17:10.642356,BUY,VELVETUSDT,250.0,,,40.605000000000004,3.2484,-3.2484,,812.5664579666665,809.3180579666665
2026-01-04T23:17:11.981223,BUY,VETUSDT,3345.0,,,40.464465,1.6185786,-1.6185786,,809.3180579666665,807.6994793666665
2026-01-04T23:17:13.479403,BUY,VVVUSDT,21.0,,,40.3788,2.0189399999999997,-2.0189399999999997,,807.6994793666665,805.6805393666665
2026-01-04T23:17:14.894726,BUY,WETUSDT,214.0,,,40.20418,0.8040836,-0.8040836,,805.6805393666665,804.8764557666665
2026-01-04T23:17:16.520033,BUY,XCHUSDT,8.37,,,40.23459,8.046918,-8.046918,,804.8764557666665,796.8295377666665
2026-01-04T23:17:18.036027,BUY,XIONUSDT,190.2,,,39.831683999999996,1.9915841999999997,-1.9915841999999997,,796.8295377666665,794.8379535666664
2026-01-04T23:17:19.508111,BUY,XPINUSDT,16100.0,,,39.805640000000004,1.990282,-1.990282,,794.8379535666664,792.8476715666665
2026-01-04T23:17:20.854327,BUY,XRPUSDT,18.9,,,39.63708,0.5284943999999999,-0.5284943999999999,,792.8476715666665,792.3191771666665
2026-01-04T23:17:22.654451,BUY,YBUSDT,86.9,,,39.635090000000005,1.5854036000000002,-1.5854036000000002,,792.3191771666665,790.7337735666665
2026-01-04T23:17:24.229438,BUY,YZYUSDT,108.9,,,39.51981,1.9759905,-1.9759905,,790.7337735666665,788.7577830666665
2026-01-04T23:17:25.598876,BUY,ZBTUSDT,274.5,,,39.434670000000004,0.7886934000000001,-0.7886934000000001,,788.7577830666665,787.9690896666665
2026-01-04T23:17:27.015513,BUY,ZEREBROUSDT,1442.0,,,39.39544,3.1516352,-3.1516352,,787.9690896666665,784.8174544666665
2026-01-04T23:17:28.399778,BUY,ZEUSUSDT,2247.0,,,39.23262,7.846524,-7.846524,,784.8174544666665,776.9709304666665
2026-01-04T23:17:29.842574,BUY,ZKPUSDT,303.0,,,38.871869999999994,1.5548747999999997,-1.5548747999999997,,776.9709304666665,775.4160556666665
2026-01-04T23:18:32.812796,BUY,1000LUNCUSDT,868.0,,,38.782239999999994,1.5512895999999998,-1.5512895999999998,,775.4160556666665,773.8647660666664
2026-01-04T23:18:34.464337,BUY,1000XUSDT,1830.0,,,38.704499999999996,7.740899999999999,-7.740899999999999,,773.8647660666664,766.1238660666664
2026-01-04T23:18:35.710453,SELL,AAVEUSDT,0.3,,164.77,49.431000000000004,0.6590800000000001,0.0,2.9294543666666666,766.1238660666664,766.7829460666665
2026-01-04T23:18:37.579443,SELL,ADAUSDT,123.0,,0.4008,49.2984,0.6568200000000001,0.036899999999995714,2.9382869166666667,766.7829460666665,767.4766660666664
2026-01-04T23:18:39.578441,BUY,AINUSDT,710.0,,,38.418099999999995,7.6836199999999995,-7.6836199999999995,,767.4766660666664,759.7930460666664
2026-01-04T23:18:40.933577,SELL,ALGOUSDT,359.7,,0.13593,48.894020999999995,0.97672938,0.05755199999999405,2.9477471499999996,759.7930460666664,760.8273274466665
2026-01-04T23:18:42.980449,BUY,APRUSDT,270.0,,,38.0673,1.5226920000000002,-1.5226920000000002,,760.8273274466665,759.3046354466665
2026-01-04T23:18:44.093554,SELL,ARBUSDT,226.1,,0.2154,48.70194,0.9740388,0.0,2.9529847,759.3046354466665,760.2786742466665
2026-01-04T23:18:45.944474,BUY,ARIAUSDT,517.0,,,37.99433,1.8997164999999998,-1.8997164999999998,,760.2786742466665,758.3789577466665
2026-01-04T23:18:47.616822,BUY,ASRUSDT,24.6,,,37.9455,1.897275,-1.897275,,758.3789577466665,756.4816827466665
2026-01-04T23:18:48.684152,SELL,ATOMUSDT,20.8,,2.332,48.5056,0.6450773333333334,0.12480000000000047,2.9618768666666666,756.4816827466665,757.2515600799998
2026-01-04T23:18:50.919720,BUY,BANANAS31USDT,8700.0,,,38.010299999999994,1.9005149999999997,-1.9005149999999997,,757.2515600799998,755.3510450799997
2026-01-04T23:18:52.364773,BUY,BANANAUSDT,4.74,,,37.73988,1.5095952,-1.5095952,,755.3510450799997,753.8414498799997
2026-01-04T23:18:54.004665,BUY,BEATUSDT,46.0,,,37.9316,1.8965800000000002,-1.8965800000000002,,753.8414498799997,751.9448698799997
2026-01-04T23:18:55.451228,BUY,BICOUSDT,808.4,,,37.598684,1.8799341999999999,-1.8799341999999999,,751.9448698799997,750.0649356799997
2026-01-04T23:18:57.153082,BUY,BNBUSDT,0.04,,,35.828,0.7165600000000001,-0.7165600000000001,,750.0649356799997,749.3483756799998
2026-01-04T23:18:58.833130,BUY,BSUUSDT,256.0,,,37.53472,7.506944,-7.506944,,749.3483756799998,741.8414316799998
2026-01-04T23:19:00.778957,BUY,CCUSDT,247.0,,,37.069759999999995,1.4827903999999998,-1.4827903999999998,,741.8414316799998,740.3586412799998
2026-01-04T23:19:02.088440,SELL,COMPUSDT,1.78,,26.63,47.4014,1.8917840000000001,0.10679999999999978,2.9926666,740.3586412799998,742.3572252799999
2026-01-04T23:19:04.054413,BUY,COWUSDT,156.0,,,37.0656,1.4826240000000002,-1.4826240000000002,,742.3572252799999,740.8746012799999
2026-01-04T23:19:05.480745,BUY,CROSSUSDT,269.0,,,37.00633,1.8503165,-1.8503165,,740.8746012799999,739.0242847799999
2026-01-04T23:19:07.583405,BUY,CYSUSDT,90.0,,,36.783,2.94264,-2.94264,,739.0242847799999,736.0816447799999
2026-01-04T23:19:09.658958,BUY,ESPORTSUSDT,82.0,,,36.87212,1.843606,-1.843606,,736.0816447799999,734.2380387799999
2026-01-04T23:19:11.685309,BUY,EVAAUSDT,30.9,,,36.770999999999994,1.8385499999999997,-1.8385499999999997,,734.2380387799999,732.3994887799998
2026-01-04T23:19:12.827467,SELL,FILUSDT,31.2,,1.4929,46.57848,1.8597696,0.0842400000000012,3.0164038666666664,732.3994887799998,734.3434983799998
2026-01-04T23:19:14.931647,BUY,FWOGUSDT,2158.0,,,36.722686,7.3445372,-7.3445372,,734.3434983799998,726.9989611799998
2026-01-04T23:19:16.429989,BUY,GNOUSDT,0.261,,,36.35469,7.270937999999999,-7.270937999999999,,726.9989611799998,719.7280231799998
2026-01-04T23:19:17.886730,BUY,GPSUSDT,6054.0,,,35.984975999999996,1.7992487999999998,-1.7992487999999998,,719.7280231799998,717.9287743799998
2026-01-04T23:19:19.019749,SELL,GRTUSDT,1116.7,,0.04081,45.572527,1.81754092,0.13400400000000445,3.0244487833333333,717.9287743799998,719.8803192999999
2026-01-04T23:19:20.827257,BUY,GUNUSDT,2518.0,,,35.992292,1.7996146,-1.7996146,,719.8803192999999,718.0807046999998
2026-01-04T23:19:22.471286,BUY,HIPPOUSDT,29300.0,,,35.901289999999996,1.7950644999999998,-1.7950644999999998,,718.0807046999998,716.2856401999999
2026-01-04T23:19:24.485379,BUY,HOMEUSDT,1570.0,,,35.921600000000005,1.4368640000000001,-1.4368640000000001,,716.2856401999999,714.8487761999999
2026-01-04T23:19:26.132382,BUY,ICNTUSDT,76.0,,,35.8112,1.79056,-1.79056,,714.8487761999999,713.0582161999998
2026-01-04T23:19:27.590931,BUY,IDEXUSDT,3770.0,,,35.69813,7.139626,-7.139626,,713.0582161999998,705.9185901999998
2026-01-04T23:19:29.470393,BUY,IPUSDT,16.4,,,35.2026,0.7040519999999999,-0.7040519999999999,,705.9185901999998,705.2145381999998
2026-01-04T23:19:30.985431,BUY,IRYSUSDT,950.0,,,35.21555,1.7607775,-1.7607775,,705.2145381999998,703.4537606999997
2026-01-04T23:19:33.196337,BUY,LIGHTUSDT,51.0,,,34.9044,2.792352,-2.792352,,703.4537606999997,700.6614086999997
2026-01-04T23:19:34.881628,BUY,LYNUSDT,237.0,,,34.974090000000004,1.7487045,-1.7487045,,700.6614086999997,698.9127041999997
2026-01-04T23:19:36.997860,BUY,MUSDT,22.0,,,34.7908,1.7395399999999999,-1.7395399999999999,,698.9127041999997,697.1731641999996
2026-01-04T23:19:38.379716,BUY,NAORISUSDT,980.0,,,34.7116,6.94232,-6.94232,,697.1731641999996,690.2308441999996
2026-01-04T23:19:40.400700,BUY,PIPPINUSDT,69.0,,,34.34751,1.7173755,-1.7173755,,690.2308441999996,688.5134686999996
2026-01-04T23:19:42.053128,BUY,POWERUSDT,117.0,,,34.35705,1.7178525,-1.7178525,,688.5134686999996,686.7956161999996
2026-01-04T23:19:43.782657,BUY,QUSDT,1900.0,,,34.3007,1.7150349999999999,-1.7150349999999999,,686.7956161999996,685.0805811999996
2026-01-04T23:19:45.297045,BUY,RESOLVUSDT,406.0,,,34.2461,1.3698439999999998,-1.3698439999999998,,685.0805811999996,683.7107371999997
2026-01-04T23:19:46.705322,BUY,RIVERUSDT,2.7,,,33.6744,1.346976,-1.346976,,683.7107371999997,682.3637611999997
2026-01-04T23:19:48.589303,BUY,RLSUSDT,3060.0,,,34.164899999999996,1.7082449999999998,-1.7082449999999998,,682.3637611999997,680.6555161999996
2026-01-04T23:19:50.254538,BUY,SAPIENUSDT,206.0,,,34.08064,1.7040320000000002,-1.7040320000000002,,680.6555161999996,678.9514841999996
2026-01-04T23:19:51.644490,BUY,SAROSUSDT,7567.0,,,33.945562,6.7891124000000005,-6.7891124000000005,,678.9514841999996,672.1623717999996
2026-01-04T23:19:53.176783,BUY,SDUSDT,139.0,,,33.499,6.699800000000001,-6.699800000000001,,672.1623717999996,665.4625717999996
2026-01-04T23:19:54.434419,SELL,SNXUSDT,90.2,,0.4655,41.9881,1.6773592,0.05412000000000461,3.0239938499999997,665.4625717999996,667.1940509999996
2026-01-04T23:19:56.875768,BUY,SWARMSUSDT,2042.0,,,33.356069999999995,1.6678034999999998,-1.6678034999999998,,667.1940509999996,665.5262474999996
2026-01-04T23:19:58.505074,BUY,TONUSDT,17.9,,,33.32801,0.6665601999999999,-0.6665601999999999,,665.5262474999996,664.8596872999996
2026-01-04T23:19:59.934706,BUY,TOWNSUSDT,5110.0,,,33.22522,6.645044,-6.645044,,664.8596872999996,658.2146432999996
2026-01-04T23:20:01.605077,BUY,TSTBSCUSDT,1729.0,,,32.92016,1.6460080000000001,-1.6460080000000001,,658.2146432999996,656.5686352999995
2026-01-04T23:20:03.442327,BUY,TURTLEUSDT,496.0,,,32.8352,1.64176,-1.64176,,656.5686352999995,654.9268752999996
2026-01-04T23:20:05.172303,BUY,TUSDT,3570.0,,,32.7012,1.308048,-1.308048,,654.9268752999996,653.6188272999996
2026-01-04T23:20:06.644272,BUY,UAIUSDT,209.0,,,32.62699,1.3050796,-1.3050796,,653.6188272999996,652.3137476999996
2026-01-04T23:20:08.407383,BUY,UBUSDT,920.0,,,32.76488,1.6382439999999998,-1.6382439999999998,,652.3137476999996,650.6755036999996
2026-01-04T23:20:09.919807,BUY,USUSDT,5020.0,,,32.54968,1.3019872000000001,-1.3019872000000001,,650.6755036999996,649.3735164999996
2026-01-04T23:20:11.365188,BUY,VELVETUSDT,200.0,,,32.552,2.60416,-2.60416,,649.3735164999996,646.7693564999996
2026-01-04T23:20:12.885586,BUY,VETUSDT,2669.0,,,32.342942,1.29371768,-1.29371768,,646.7693564999996,645.4756388199996
2026-01-04T23:20:14.257149,BUY,VVVUSDT,16.79,,,32.273737999999994,1.6136868999999998,-1.6136868999999998,,645.4756388199996,643.8619519199997
2026-01-04T23:20:15.697721,BUY,WETUSDT,171.0,,,32.12064,0.6424128,-0.6424128,,643.8619519199997,643.2195391199997
2026-01-04T23:20:17.242330,BUY,XCHUSDT,6.69,,,32.15214,6.430428000000001,-6.430428000000001,,643.2195391199997,636.7891111199997
2026-01-04T23:20:18.625703,BUY,XIONUSDT,152.0,,,31.84552,1.592276,-1.592276,,636.7891111199997,635.1968351199997
2026-01-04T23:20:20.288596,BUY,XPINUSDT,12800.0,,,31.7056,1.58528,-1.58528,,635.1968351199997,633.6115551199997
2026-01-04T23:20:21.290720,SELL,XRPUSDT,18.9,,2.0968,39.62952,0.5284943999999999,-0.007559999999998013,3.0072526,633.6115551199997,634.1324895199997
2026-01-04T23:20:23.266617,BUY,YBUSDT,69.5,,,31.726750000000003,1.2690700000000001,-1.2690700000000001,,634.1324895199997,632.8634195199996
2026-01-04T23:20:24.695566,BUY,YZYUSDT,87.2,,,31.64488,1.582244,-1.582244,,632.8634195199996,631.2811755199997
2026-01-04T23:20:26.139788,BUY,ZBTUSDT,220.0,,,31.567800000000002,0.631356,-0.631356,,631.2811755199997,630.6498195199997
2026-01-04T23:20:27.602180,BUY,ZEREBROUSDT,1153.0,,,31.52302,2.5218416,-2.5218416,,630.6498195199997,628.1279779199997
2026-01-04T23:20:29.242211,BUY,ZEUSUSDT,1794.0,,,31.412940000000003,6.2825880000000005,-6.2825880000000005,,628.1279779199997,621.8453899199997
2026-01-04T23:20:30.702176,BUY,ZKPUSDT,243.0,,,31.077270000000002,1.2430908,-1.2430908,,621.8453899199997,620.6022991199997
2026-01-04T23:21:34.053610,BUY,1000LUNCUSDT,695.0,,,31.0109,1.2404359999999999,-1.2404359999999999,,620.6022991199997,619.3618631199996
2026-01-04T23:21:35.587952,BUY,1000XUSDT,1460.0,,,30.878999999999998,6.1758,-6.1758,,619.3618631199996,613.1860631199996
2026-01-04T23:21:37.366681,BUY,AINUSDT,570.0,,,30.8427,6.16854,-6.16854,,613.1860631199996,607.0175231199996
2026-01-04T23:21:39.215297,BUY,APRUSDT,215.0,,,30.293499999999998,1.2117399999999998,-1.2117399999999998,,607.0175231199996,605.8057831199997
2026-01-04T23:21:40.625910,BUY,ARIAUSDT,412.0,,,30.30672,1.515336,-1.515336,,605.8057831199997,604.2904471199996
2026-01-04T23:21:42.147499,BUY,ASRUSDT,19.6,,,30.233,1.51165,-1.51165,,604.2904471199996,602.7787971199996
2026-01-04T23:21:44.321825,BUY,BANANAS31USDT,7000.0,,,30.218999999999998,1.5109499999999998,-1.5109499999999998,,602.7787971199996,601.2678471199996
2026-01-04T23:21:45.759416,BUY,BANANAUSDT,3.79,,,30.073649999999997,1.2029459999999998,-1.2029459999999998,,601.2678471199996,600.0649011199996
2026-01-04T23:21:47.274595,BUY,BEATUSDT,36.0,,,29.7,1.4849999999999999,-1.4849999999999999,,600.0649011199996,598.5799011199996
2026-01-04T23:21:48.638673,BUY,BICOUSDT,642.5,,,29.927650000000003,1.4963825000000002,-1.4963825000000002,,598.5799011199996,597.0835186199996
2026-01-04T23:21:49.901488,SELL,BNBUSDT,0.04,,895.9,35.836,0.7165600000000001,0.007999999999995566,2.8791194666666664,597.0835186199996,597.8080786199996
2026-01-04T23:21:52.030149,BUY,BSUUSDT,204.0,,,29.91048,5.982096,-5.982096,,597.8080786199996,591.8259826199996
2026-01-04T23:21:53.773980,BUY,CCUSDT,198.0,,,29.65248,1.1860992000000001,-1.1860992000000001,,591.8259826199996,590.6398834199997
2026-01-04T23:21:55.816800,BUY,COWUSDT,124.0,,,29.462400000000002,1.178496,-1.178496,,590.6398834199997,589.4613874199997
2026-01-04T23:21:57.371932,BUY,CROSSUSDT,214.0,,,29.4464,1.47232,-1.47232,,589.4613874199997,587.9890674199997
2026-01-04T23:21:59.050428,BUY,CRVUSDT,69.9,,,29.413920000000005,0.5882784000000001,-0.5882784000000001,,587.9890674199997,587.4007890199997
2026-01-04T23:22:00.857873,BUY,CYSUSDT,72.0,,,29.404799999999998,2.352384,-2.352384,,587.4007890199997,585.0484050199997
2026-01-04T23:22:03.239467,BUY,ESPORTSUSDT,65.0,,,29.246750000000002,1.4623375,-1.4623375,,585.0484050199997,583.5860675199997
2026-01-04T23:22:04.952881,BUY,EVAAUSDT,24.5,,,29.218700000000002,1.460935,-1.460935,,583.5860675199997,582.1251325199997
2026-01-04T23:22:06.868562,BUY,FWOGUSDT,1698.0,,,29.10372,5.8207439999999995,-5.8207439999999995,,582.1251325199997,576.3043885199997
2026-01-04T23:22:08.591884,BUY,GNOUSDT,0.207,,,28.833029999999997,5.7666059999999995,-5.7666059999999995,,576.3043885199997,570.5377825199997
2026-01-04T23:22:10.186333,BUY,GPSUSDT,4808.0,,,28.525864,1.4262932,-1.4262932,,570.5377825199997,569.1114893199997
2026-01-04T23:22:11.978661,BUY,GUNUSDT,1990.0,,,28.457,1.42285,-1.42285,,569.1114893199997,567.6886393199997
2026-01-04T23:22:13.708844,BUY,HIPPOUSDT,23110.0,,,28.381391,1.4190695500000001,-1.4190695500000001,,567.6886393199997,566.2695697699996
2026-01-04T23:22:15.289277,BUY,HOMEUSDT,1240.0,,,28.4208,1.136832,-1.136832,,566.2695697699996,565.1327377699996
2026-01-04T23:22:16.944951,BUY,ICNTUSDT,60.0,,,28.302,1.4151,-1.4151,,565.1327377699996,563.7176377699996
2026-01-04T23:22:18.478696,BUY,ICPUSDT,8.6,,,28.156399999999998,0.563128,-0.563128,,563.7176377699996,563.1545097699995
2026-01-04T23:22:20.105156,BUY,IDEXUSDT,2980.0,,,28.19974,5.6399479999999995,-5.6399479999999995,,563.1545097699995,557.5145617699995
2026-01-04T23:22:21.965826,BUY,IPUSDT,13.0,,,27.933099999999996,0.5586619999999999,-0.5586619999999999,,557.5145617699995,556.9558997699995
2026-01-04T23:22:23.821080,BUY,IRYSUSDT,750.0,,,27.7605,1.388025,-1.388025,,556.9558997699995,555.5678747699995
2026-01-04T23:22:25.848146,BUY,LIGHTUSDT,40.0,,,27.468,2.19744,-2.19744,,555.5678747699995,553.3704347699995
2026-01-04T23:22:27.619470,BUY,LYNUSDT,188.0,,,27.718719999999998,1.3859359999999998,-1.3859359999999998,,553.3704347699995,551.9844987699995
2026-01-04T23:22:29.891299,BUY,MUSDT,17.0,,,26.922900000000002,1.3461450000000001,-1.3461450000000001,,551.9844987699995,550.6383537699995
2026-01-04T23:22:31.684877,BUY,NAORISUSDT,770.0,,,27.404299999999996,5.480859999999999,-5.480859999999999,,550.6383537699995,545.1574937699995
2026-01-04T23:22:33.253220,BUY,NEARUSDT,15.7,,,27.1767,0.543534,-0.543534,,545.1574937699995,544.6139597699995
2026-01-04T23:22:36.112326,BUY,PIPPINUSDT,55.0,,,27.407049999999998,1.3703524999999999,-1.3703524999999999,,544.6139597699995,543.2436072699995
2026-01-04T23:22:37.881001,BUY,POWERUSDT,92.0,,,27.078359999999996,1.3539179999999997,-1.3539179999999997,,543.2436072699995,541.8896892699995
2026-01-04T23:22:39.750661,BUY,QUSDT,1500.0,,,27.150000000000002,1.3575000000000002,-1.3575000000000002,,541.8896892699995,540.5321892699995
2026-01-04T23:22:41.522411,BUY,RESOLVUSDT,320.0,,,26.9952,1.079808,-1.079808,,540.5321892699995,539.4523812699996
2026-01-04T23:22:43.556385,BUY,RIVERUSDT,2.2,,,27.4296,1.097184,-1.097184,,539.4523812699996,538.3551972699996
2026-01-04T23:22:45.020806,BUY,RLSUSDT,2410.0,,,26.869089999999996,1.3434544999999998,-1.3434544999999998,,538.3551972699996,537.0117427699996
2026-01-04T23:22:46.903388,BUY,SAPIENUSDT,162.0,,,26.80938,1.3404690000000001,-1.3404690000000001,,537.0117427699996,535.6712737699996
2026-01-04T23:22:48.324872,BUY,SAROSUSDT,5902.0,,,26.783276,5.3566552000000005,-5.3566552000000005,,535.6712737699996,530.3146185699997
2026-01-04T23:22:50.132627,BUY,SDUSDT,110.0,,,26.477,5.2954,-5.2954,,530.3146185699997,525.0192185699997
2026-01-04T23:22:53.056547,BUY,SWARMSUSDT,1607.0,,,26.245524,1.3122762,-1.3122762,,525.0192185699997,523.7069423699996
2026-01-04T23:22:54.924107,BUY,TONUSDT,14.1,,,26.244329999999998,0.5248866,-0.5248866,,523.7069423699996,523.1820557699997
2026-01-04T23:22:56.368385,BUY,TOWNSUSDT,4020.0,,,26.150100000000002,5.230020000000001,-5.230020000000001,,523.1820557699997,517.9520357699997
2026-01-04T23:22:58.141331,BUY,TSTBSCUSDT,1345.0,,,25.89125,1.2945625,-1.2945625,,517.9520357699997,516.6574732699997
2026-01-04T23:22:59.674772,BUY,TURTLEUSDT,391.0,,,25.84901,1.2924505,-1.2924505,,516.6574732699997,515.3650227699998
2026-01-04T23:23:01.145492,BUY,TUSDT,2810.0,,,25.75646,1.0302584000000001,-1.0302584000000001,,515.3650227699998,514.3347643699998
2026-01-04T23:23:02.876195,BUY,UAIUSDT,165.0,,,25.7301,1.029204,-1.029204,,514.3347643699998,513.3055603699997
2026-01-04T23:23:04.375272,BUY,UBUSDT,720.0,,,25.64208,1.282104,-1.282104,,513.3055603699997,512.0234563699997
2026-01-04T23:23:06.006724,BUY,USUSDT,3940.0,,,25.61,1.0244,-1.0244,,512.0234563699997,510.9990563699997
2026-01-04T23:23:07.558143,BUY,VELVETUSDT,160.0,,,26.0416,2.083328,-2.083328,,510.9990563699997,508.9157283699997
2026-01-04T23:23:09.152318,BUY,VETUSDT,2102.0,,,25.440506,1.01762024,-1.01762024,,508.9157283699997,507.89810812999974
2026-01-04T23:23:10.813821,BUY,VVVUSDT,13.22,,,25.390332,1.2695166,-1.2695166,,507.89810812999974,506.62859152999977
2026-01-04T23:23:12.493412,BUY,WETUSDT,135.0,,,25.3962,0.507924,-0.507924,,506.62859152999977,506.12066752999976
2026-01-04T23:23:14.306153,BUY,XCHUSDT,5.27,,,25.306539999999995,5.061307999999999,-5.061307999999999,,506.12066752999976,501.05935952999977
2026-01-04T23:23:15.923791,BUY,XIONUSDT,119.5,,,25.057955,1.25289775,-1.25289775,,501.05935952999977,499.8064617799998
2026-01-04T23:23:17.522959,BUY,XPINUSDT,10100.0,,,25.073249999999998,1.2536625,-1.2536625,,499.8064617799998,498.55279927999976
2026-01-04T23:23:19.194736,BUY,YBUSDT,54.6,,,24.9249,0.996996,-0.996996,,498.55279927999976,497.55580327999974
2026-01-04T23:23:20.833930,BUY,YZYUSDT,68.6,,,24.88808,1.2444039999999998,-1.2444039999999998,,497.55580327999974,496.31139927999976
2026-01-04T23:23:22.367962,BUY,ZBTUSDT,172.8,,,24.82272,0.4964544,-0.4964544,,496.31139927999976,495.81494487999976
2026-01-04T23:23:23.897748,BUY,ZEREBROUSDT,903.0,,,24.77832,1.9822656,-1.9822656,,495.81494487999976,493.83267927999975
2026-01-04T23:23:25.451864,BUY,ZEUSUSDT,1412.0,,,24.69588,4.939176,-4.939176,,493.83267927999975,488.8935032799998
2026-01-04T23:23:27.167054,BUY,ZKPUSDT,191.0,,,24.423170000000002,0.9769268000000001,-0.9769268000000001,,488.8935032799998,487.9165764799998
2026-01-04T23:24:29.632386,BUY,1000LUNCUSDT,547.0,,,24.41808,0.9767232,-0.9767232,,487.9165764799998,486.9398532799998
2026-01-04T23:24:31.901619,BUY,1000XUSDT,1150.0,,,24.242,4.8484,-4.8484,,486.9398532799998,482.09145327999977
2026-01-04T23:24:33.533579,BUY,AAVEUSDT,0.15,,,24.7215,0.32961999999999997,-0.32961999999999997,,482.09145327999977,481.7618332799998
2026-01-04T23:24:35.069764,BUY,ADAUSDT,60.0,,,24.023999999999997,0.32031999999999994,-0.32031999999999994,,481.7618332799998,481.4415132799998
2026-01-04T23:24:36.680400,BUY,AINUSDT,440.0,,,23.865599999999997,4.77312,-4.77312,,481.4415132799998,476.6683932799998
2026-01-04T23:24:38.395603,BUY,ALGOUSDT,175.6,,,23.839456,0.47678911999999996,-0.47678911999999996,,476.6683932799998,476.1916041599998
2026-01-04T23:24:40.391499,BUY,APRUSDT,169.0,,,23.828999999999997,0.9531599999999999,-0.9531599999999999,,476.1916041599998,475.2384441599998
2026-01-04T23:24:41.966576,BUY,ARBUSDT,110.3,,,23.76965,0.47539299999999995,-0.47539299999999995,,475.2384441599998,474.7630511599998
2026-01-04T23:24:43.547306,BUY,ARIAUSDT,323.0,,,23.740499999999997,1.1870249999999998,-1.1870249999999998,,474.7630511599998,473.5760261599998
2026-01-04T23:24:45.213879,BUY,ASRUSDT,15.4,,,23.7545,1.187725,-1.187725,,473.5760261599998,472.3883011599998
2026-01-04T23:24:47.305111,BUY,BANANAS31USDT,5500.0,,,23.771,1.18855,-1.18855,,472.3883011599998,471.1997511599998
2026-01-04T23:24:48.901272,BUY,BANANAUSDT,2.97,,,23.57883,0.9431532,-0.9431532,,471.1997511599998,470.2565979599998
2026-01-04T23:24:50.727094,BUY,BEATUSDT,29.0,,,23.8641,1.193205,-1.193205,,470.2565979599998,469.0633929599998
2026-01-04T23:24:52.317754,BUY,BICOUSDT,503.5,,,23.453030000000002,1.1726515000000002,-1.1726515000000002,,469.0633929599998,467.89074145999984
2026-01-04T23:24:54.436473,BUY,BNBUSDT,0.03,,,26.874,0.53748,-0.53748,,467.89074145999984,467.3532614599998
2026-01-04T23:24:56.266439,BUY,BSUUSDT,159.0,,,23.33484,4.666968,-4.666968,,467.3532614599998,462.68629345999983
2026-01-04T23:24:58.233847,BUY,CCUSDT,154.0,,,23.09384,0.9237536,-0.9237536,,462.68629345999983,461.76253985999983
2026-01-04T23:25:00.353650,BUY,COWUSDT,97.0,,,23.0181,0.920724,-0.920724,,461.76253985999983,460.8418158599998
2026-01-04T23:25:01.831630,BUY,CROSSUSDT,167.0,,,22.99924,1.149962,-1.149962,,460.8418158599998,459.6918538599998
2026-01-04T23:25:03.394246,BUY,CRVUSDT,54.7,,,22.99041,0.4598082,-0.4598082,,459.6918538599998,459.2320456599998
2026-01-04T23:25:05.158561,BUY,CYSUSDT,56.0,,,22.7808,1.8224639999999999,-1.8224639999999999,,459.2320456599998,457.4095816599998
2026-01-04T23:25:07.081692,BUY,DOTUSDT,10.6,,,22.77304,0.45546080000000005,-0.45546080000000005,,457.4095816599998,456.95412085999976
2026-01-04T23:25:09.005174,BUY,ESPORTSUSDT,51.0,,,22.9092,1.14546,-1.14546,,456.95412085999976,455.80866085999975
2026-01-04T23:25:10.868493,BUY,EVAAUSDT,19.1,,,22.76338,1.138169,-1.138169,,455.80866085999975,454.67049185999974
2026-01-04T23:25:12.384230,BUY,FILUSDT,15.3,,,22.80771,0.9123084,-0.9123084,,454.67049185999974,453.75818345999977
2026-01-04T23:25:14.596917,BUY,FWOGUSDT,1325.0,,,22.693275,4.538655,-4.538655,,453.75818345999977,449.21952845999976
2026-01-04T23:25:16.406096,BUY,GNOUSDT,0.161,,,22.42569,4.485138,-4.485138,,449.21952845999976,444.73439045999976
2026-01-04T23:25:17.998610,BUY,GPSUSDT,3737.0,,,22.23515,1.1117575,-1.1117575,,444.73439045999976,443.62263295999975
2026-01-04T23:25:19.581552,BUY,GUNUSDT,1550.0,,,22.17585,1.1087925,-1.1087925,,443.62263295999975,442.51384045999976
2026-01-04T23:25:21.269881,BUY,HIPPOUSDT,18070.0,,,22.123101,1.10615505,-1.10615505,,442.51384045999976,441.4076854099998
2026-01-04T23:25:22.875437,BUY,HOMEUSDT,960.0,,,22.0128,0.880512,-0.880512,,441.4076854099998,440.52717340999976
2026-01-04T23:25:24.477222,BUY,ICNTUSDT,47.0,,,22.061799999999998,1.10309,-1.10309,,440.52717340999976,439.42408340999975
2026-01-04T23:25:26.045905,BUY,ICPUSDT,6.7,,,21.9425,0.43884999999999996,-0.43884999999999996,,439.42408340999975,438.98523340999975
2026-01-04T23:25:27.535723,BUY,IDEXUSDT,2320.0,,,21.95648,4.391296,-4.391296,,438.98523340999975,434.59393740999974
2026-01-04T23:25:29.338154,BUY,IPUSDT,10.1,,,21.699849999999998,0.43399699999999997,-0.43399699999999997,,434.59393740999974,434.15994040999976
2026-01-04T23:25:30.815547,BUY,IRYSUSDT,590.0,,,21.867169999999998,1.0933585,-1.0933585,,434.15994040999976,433.06658190999974
2026-01-04T23:25:32.949904,BUY,LIGHTUSDT,32.0,,,21.9616,1.756928,-1.756928,,433.06658190999974,431.3096539099997
2026-01-04T23:25:34.829193,BUY,LYNUSDT,146.0,,,21.539379999999998,1.0769689999999998,-1.0769689999999998,,431.3096539099997,430.2326849099997
2026-01-04T23:25:37.157550,BUY,MUSDT,14.0,,,22.1578,1.10789,-1.10789,,430.2326849099997,429.1247949099997
2026-01-04T23:25:38.762252,BUY,NAORISUSDT,600.0,,,21.348,4.2696,-4.2696,,429.1247949099997,424.8551949099997
2026-01-04T23:25:39.880528,SELL,NEARUSDT,15.7,,1.7299,27.15943,0.543534,-0.017269999999999897,3.1104352,424.8551949099997,425.3814589099997
2026-01-04T23:25:42.532551,BUY,OPUSDT,66.5,,,21.2534,0.425068,-0.425068,,425.3814589099997,424.9563909099997
2026-01-04T23:25:44.838783,BUY,PIPPINUSDT,43.0,,,21.45227,1.0726134999999999,-1.0726134999999999,,424.9563909099997,423.8837774099997
2026-01-04T23:25:46.555814,BUY,POWERUSDT,72.0,,,21.18816,1.059408,-1.059408,,423.8837774099997,422.8243694099997
2026-01-04T23:25:48.510883,BUY,QUSDT,1180.0,,,21.2223,1.061115,-1.061115,,422.8243694099997,421.7632544099997
2026-01-04T23:25:50.362344,BUY,RESOLVUSDT,250.0,,,21.1,0.8440000000000001,-0.8440000000000001,,421.7632544099997,420.9192544099997
2026-01-04T23:25:51.990502,BUY,RIVERUSDT,1.7,,,21.0324,0.8412959999999999,-0.8412959999999999,,420.9192544099997,420.0779584099997
2026-01-04T23:25:54.116582,BUY,RLSUSDT,1880.0,,,20.978920000000002,1.0489460000000002,-1.0489460000000002,,420.0779584099997,419.0290124099997
2026-01-04T23:25:56.233635,BUY,SAPIENUSDT,127.0,,,20.99945,1.0499725,-1.0499725,,419.0290124099997,417.9790399099997
2026-01-04T23:25:57.727091,BUY,SAROSUSDT,4580.0,,,20.89854,4.179708,-4.179708,,417.9790399099997,413.7993319099997
2026-01-04T23:25:59.371324,BUY,SDUSDT,86.0,,,20.726,4.1452,-4.1452,,413.7993319099997,409.6541319099997
2026-01-04T23:26:01.296056,BUY,SNXUSDT,44.0,,,20.4952,0.819808,-0.819808,,409.6541319099997,408.8343239099997
2026-01-04T23:26:03.963990,BUY,SUSHIUSDT,60.1,,,20.427989999999998,0.8171196,-0.8171196,,408.8343239099997,408.01720430999967
2026-01-04T23:26:05.457134,BUY,SWARMSUSDT,1247.0,,,20.399673,1.01998365,-1.01998365,,408.01720430999967,406.9972206599997
2026-01-04T23:26:07.338143,BUY,TONUSDT,10.9,,,20.27727,0.40554540000000006,-0.40554540000000006,,406.9972206599997,406.5916752599997
2026-01-04T23:26:08.845538,BUY,TOWNSUSDT,3130.0,,,20.35752,4.071504,-4.071504,,406.5916752599997,402.5201712599997
2026-01-04T23:26:10.616625,BUY,TSTBSCUSDT,1046.0,,,20.1355,1.006775,-1.006775,,402.5201712599997,401.5133962599997
2026-01-04T23:26:12.268937,BUY,TURTLEUSDT,305.0,,,20.105600000000003,1.0052800000000002,-1.0052800000000002,,401.5133962599997,400.50811625999967
2026-01-04T23:26:13.851808,BUY,TUSDT,2190.0,,,20.058210000000003,0.8023284,-0.8023284,,400.50811625999967,399.70578785999965
2026-01-04T23:26:15.469415,BUY,UAIUSDT,128.0,,,19.96544,0.7986176,-0.7986176,,399.70578785999965,398.90717025999965
2026-01-04T23:26:16.964284,BUY,UBUSDT,560.0,,,19.94384,0.9971920000000001,-0.9971920000000001,,398.90717025999965,397.90997825999966
2026-01-04T23:26:18.580925,BUY,USUSDT,3060.0,,,19.92672,0.7970688,-0.7970688,,397.90997825999966,397.1129094599997
2026-01-04T23:26:20.166996,BUY,VELVETUSDT,120.0,,,19.5156,1.561248,-1.561248,,397.1129094599997,395.5516614599997
2026-01-04T23:26:21.267617,SELL,VETUSDT,2102.0,,0.012114,25.463628,1.01762024,0.023122000000000753,3.201903366666667,395.5516614599997,396.5924036999997
2026-01-04T23:26:23.483589,BUY,VVVUSDT,10.3,,,19.823380000000004,0.9911690000000002,-0.9911690000000002,,396.5924036999997,395.6012346999997
2026-01-04T23:26:25.027631,BUY,WETUSDT,105.0,,,19.7484,0.394968,-0.394968,,395.6012346999997,395.2062666999997
2026-01-04T23:26:26.763150,BUY,XCHUSDT,4.1,,,19.7415,3.9482999999999997,-3.9482999999999997,,395.2062666999997,391.25796669999966
2026-01-04T23:26:28.448263,BUY,XIONUSDT,93.2,,,19.556155999999998,0.9778077999999999,-0.9778077999999999,,391.25796669999966,390.28015889999966
2026-01-04T23:26:30.441442,BUY,XPINUSDT,7800.0,,,19.39392,0.9696960000000001,-0.9696960000000001,,390.28015889999966,389.31046289999966
2026-01-04T23:26:32.559418,BUY,YBUSDT,42.6,,,19.45542,0.7782168,-0.7782168,,389.31046289999966,388.53224609999967
2026-01-04T23:26:34.559923,BUY,YZYUSDT,53.5,,,19.4098,0.9704900000000001,-0.9704900000000001,,388.53224609999967,387.5617560999997
2026-01-04T23:26:36.073297,BUY,ZBTUSDT,134.7,,,19.375248,0.38750496,-0.38750496,,387.5617560999997,387.1742511399997
2026-01-04T23:26:37.636004,BUY,ZEREBROUSDT,705.0,,,19.3452,1.5476159999999999,-1.5476159999999999,,387.1742511399997,385.6266351399997
2026-01-04T23:26:39.628002,BUY,ZEUSUSDT,1102.0,,,19.273979999999998,3.8547959999999994,-3.8547959999999994,,385.6266351399997,381.77183913999966
2026-01-04T23:26:41.336491,BUY,ZKPUSDT,149.0,,,19.07945,0.763178,-0.763178,,381.77183913999966,381.0086611399997
2026-01-04T23:27:44.217390,BUY,1000LUNCUSDT,427.0,,,19.06128,0.7624512,-0.7624512,,381.0086611399997,380.2462099399997
2026-01-04T23:27:46.016405,BUY,1000XUSDT,900.0,,,18.962999999999997,3.7925999999999993,-3.7925999999999993,,380.2462099399997,376.4536099399997
2026-01-04T23:27:47.371282,SELL,AAVEUSDT,0.15,,164.82,24.723,0.32961999999999997,0.0015000000000000568,3.2306283833333334,376.4536099399997,376.7847299399997
2026-01-04T23:27:49.480391,BUY,ADAUSDT,47.0,,,18.8141,0.25085466666666667,-0.25085466666666667,,376.7847299399997,376.533875273333
2026-01-04T23:27:51.592824,BUY,AINUSDT,350.0,,,18.983999999999998,3.7967999999999997,-3.7967999999999997,,376.533875273333,372.737075273333
2026-01-04T23:27:53.138294,SELL,ALGOUSDT,175.6,,0.13587,23.858772,0.47678911999999996,0.01931599999999989,3.245711516666667,372.737075273333,373.233180393333
2026-01-04T23:27:55.571799,BUY,APRUSDT,132.0,,,18.613319999999998,0.7445327999999999,-0.7445327999999999,,373.233180393333,372.488647593333
2026-01-04T23:27:56.719234,SELL,ARBUSDT,110.3,,0.2156,23.79171,0.47539299999999995,0.022059999999999746,3.2458776333333335,372.488647593333,372.986100593333
2026-01-04T23:27:58.830201,BUY,ARIAUSDT,254.0,,,18.67662,0.933831,-0.933831,,372.986100593333,372.052269593333
2026-01-04T23:28:00.503101,BUY,ASRUSDT,12.1,,,18.66425,0.9332125,-0.9332125,,372.052269593333,371.11905709333297
2026-01-04T23:28:02.754728,BUY,BANANAS31USDT,4300.0,,,18.5717,0.928585,-0.928585,,371.11905709333297,370.19047209333297
2026-01-04T23:28:04.730853,BUY,BANANAUSDT,2.34,,,18.4977,0.7399079999999999,-0.7399079999999999,,370.19047209333297,369.45056409333296
2026-01-04T23:28:06.534879,BUY,BEATUSDT,23.0,,,18.8692,0.94346,-0.94346,,369.45056409333296,368.50710409333294
2026-01-04T23:28:08.648776,BUY,BICOUSDT,395.6,,,18.427048000000003,0.9213524000000002,-0.9213524000000002,,368.50710409333294,367.58575169333295
2026-01-04T23:28:10.632154,BUY,BSUUSDT,125.0,,,18.34625,3.6692500000000003,-3.6692500000000003,,367.58575169333295,363.916501693333
2026-01-04T23:28:12.421696,BUY,CCUSDT,121.0,,,18.15121,0.7260483999999999,-0.7260483999999999,,363.916501693333,363.19045329333295
2026-01-04T23:28:14.474425,BUY,COWUSDT,77.0,,,18.2644,0.7305759999999999,-0.7305759999999999,,363.19045329333295,362.45987729333297
2026-01-04T23:28:16.010577,BUY,CROSSUSDT,132.0,,,18.18168,0.909084,-0.909084,,362.45987729333297,361.55079329333296
2026-01-04T23:28:17.850258,BUY,CYSUSDT,44.0,,,18.0004,1.440032,-1.440032,,361.55079329333296,360.110761293333
2026-01-04T23:28:19.835296,BUY,DOTUSDT,8.4,,,18.0348,0.360696,-0.360696,,360.110761293333,359.75006529333297
2026-01-04T23:28:21.745071,BUY,ESPORTSUSDT,40.0,,,17.912399999999998,0.8956199999999999,-0.8956199999999999,,359.75006529333297,358.85444529333296
2026-01-04T23:28:23.481836,BUY,EVAAUSDT,15.1,,,17.975039999999996,0.8987519999999998,-0.8987519999999998,,358.85444529333296,357.95569329333296
2026-01-04T23:28:25.136009,BUY,FILUSDT,12.0,,,17.8716,0.714864,-0.714864,,357.95569329333296,357.240829293333
2026-01-04T23:28:27.328063,BUY,FWOGUSDT,1043.0,,,17.861375000000002,3.5722750000000003,-3.5722750000000003,,357.240829293333,353.668554293333
2026-01-04T23:28:29.015895,BUY,GNOUSDT,0.127,,,17.68983,3.537966,-3.537966,,353.668554293333,350.130588293333
2026-01-04T23:28:30.697839,BUY,GPSUSDT,2961.0,,,17.505432,0.8752715999999999,-0.8752715999999999,,350.130588293333,349.255316693333
2026-01-04T23:28:32.370452,BUY,GRTUSDT,428.8,,,17.460736,0.6984294400000001,-0.6984294400000001,,349.255316693333,348.556887253333
2026-01-04T23:28:33.876969,BUY,GUNUSDT,1219.0,,,17.432919,0.8716459499999999,-0.8716459499999999,,348.556887253333,347.685241303333
2026-01-04T23:28:35.578531,BUY,HIPPOUSDT,14200.0,,,17.386480000000002,0.8693240000000001,-0.8693240000000001,,347.685241303333,346.815917303333
2026-01-04T23:28:37.143679,BUY,HOMEUSDT,760.0,,,17.4344,0.697376,-0.697376,,346.815917303333,346.11854130333296
2026-01-04T23:28:38.910984,BUY,ICNTUSDT,37.0,,,17.334500000000002,0.8667250000000001,-0.8667250000000001,,346.11854130333296,345.251816303333
2026-01-04T23:28:40.414145,BUY,ICPUSDT,5.3,,,17.336299999999998,0.346726,-0.346726,,345.251816303333,344.905090303333
2026-01-04T23:28:42.087658,BUY,IDEXUSDT,1820.0,,,17.20992,3.441984,-3.441984,,344.905090303333,341.463106303333
2026-01-04T23:28:44.050171,BUY,IPUSDT,8.0,,,17.1728,0.343456,-0.343456,,341.463106303333,341.119650303333
2026-01-04T23:28:45.591931,BUY,IRYSUSDT,460.0,,,17.043,0.85215,-0.85215,,341.119650303333,340.267500303333
2026-01-04T23:28:47.679337,BUY,LIGHTUSDT,25.0,,,17.1425,1.3714,-1.3714,,340.267500303333,338.896100303333
2026-01-04T23:28:49.515431,BUY,LYNUSDT,115.0,,,16.9786,0.84893,-0.84893,,338.896100303333,338.047170303333
2026-01-04T23:28:51.919317,BUY,MUSDT,11.0,,,17.4592,0.87296,-0.87296,,338.047170303333,337.17421030333304
2026-01-04T23:28:53.516851,BUY,NAORISUSDT,470.0,,,16.7226,3.34452,-3.34452,,337.17421030333304,333.82969030333305
2026-01-04T23:28:54.967508,BUY,NEARUSDT,9.7,,,16.752869999999998,0.33505739999999995,-0.33505739999999995,,333.82969030333305,333.49463290333307
2026-01-04T23:28:57.204566,BUY,OPUSDT,52.2,,,16.66746,0.33334919999999996,-0.33334919999999996,,333.49463290333307,333.1612837033331
2026-01-04T23:28:59.300513,BUY,PIPPINUSDT,33.0,,,16.48911,0.8244555,-0.8244555,,333.1612837033331,332.3368282033331
2026-01-04T23:29:00.956835,BUY,POWERUSDT,56.0,,,16.4892,0.82446,-0.82446,,332.3368282033331,331.5123682033331
2026-01-04T23:29:02.973708,BUY,QUSDT,920.0,,,16.5554,0.8277699999999999,-0.8277699999999999,,331.5123682033331,330.6845982033331
2026-01-04T23:29:05.161161,BUY,RESOLVUSDT,196.0,,,16.51692,0.6606768,-0.6606768,,330.6845982033331,330.02392140333313
2026-01-04T23:29:06.730543,BUY,RIVERUSDT,1.3,,,16.078400000000002,0.643136,-0.643136,,330.02392140333313,329.3807854033331
2026-01-04T23:29:08.267263,BUY,RLSUSDT,1480.0,,,16.52272,0.826136,-0.826136,,329.3807854033331,328.5546494033331
2026-01-04T23:29:10.189582,BUY,SAPIENUSDT,99.0,,,16.35876,0.817938,-0.817938,,328.5546494033331,327.73671140333306
2026-01-04T23:29:11.681098,BUY,SAROSUSDT,3577.0,,,16.386237,3.2772474000000003,-3.2772474000000003,,327.73671140333306,324.45946400333304
2026-01-04T23:29:13.373279,BUY,SDUSDT,67.0,,,16.1537,3.23074,-3.23074,,324.45946400333304,321.228724003333
2026-01-04T23:29:15.550722,BUY,SNXUSDT,34.5,,,16.03905,0.641562,-0.641562,,321.228724003333,320.587162003333
2026-01-04T23:29:18.154384,BUY,SUSHIUSDT,47.3,,,16.03943,0.6415772,-0.6415772,,320.587162003333,319.945584803333
2026-01-04T23:29:19.592025,BUY,SWARMSUSDT,979.0,,,15.992944,0.7996472,-0.7996472,,319.945584803333,319.14593760333304
2026-01-04T23:29:21.605423,BUY,TONUSDT,8.6,,,15.990839999999999,0.31981679999999996,-0.31981679999999996,,319.14593760333304,318.826120803333
2026-01-04T23:29:23.057264,BUY,TOWNSUSDT,2450.0,,,15.9446,3.18892,-3.18892,,318.826120803333,315.63720080333303
2026-01-04T23:29:24.730204,BUY,TSTBSCUSDT,820.0,,,15.7768,0.78884,-0.78884,,315.63720080333303,314.84836080333304
2026-01-04T23:29:26.294629,BUY,TURTLEUSDT,239.0,,,15.75966,0.787983,-0.787983,,314.84836080333304,314.06037780333304
2026-01-04T23:29:27.803105,BUY,TUSDT,1710.0,,,15.658470000000001,0.6263388000000001,-0.6263388000000001,,314.06037780333304,313.43403900333306
2026-01-04T23:29:29.334373,BUY,UAIUSDT,100.0,,,15.629000000000001,0.62516,-0.62516,,313.43403900333306,312.80887900333306
2026-01-04T23:29:31.191900,BUY,UBUSDT,440.0,,,15.65124,0.782562,-0.782562,,312.80887900333306,312.0263170033331
2026-01-04T23:29:32.887484,BUY,USUSDT,2390.0,,,15.582799999999999,0.623312,-0.623312,,312.0263170033331,311.4030050033331
2026-01-04T23:29:34.473591,BUY,VELVETUSDT,100.0,,,16.267,1.3013599999999999,-1.3013599999999999,,311.4030050033331,310.1016450033331
2026-01-04T23:29:36.007780,BUY,VETUSDT,1282.0,,,15.50579,0.6202316,-0.6202316,,310.1016450033331,309.4814134033331
2026-01-04T23:29:37.715471,BUY,VVVUSDT,8.05,,,15.475320000000002,0.7737660000000001,-0.7737660000000001,,309.4814134033331,308.70764740333306
2026-01-04T23:29:39.312626,BUY,WETUSDT,82.0,,,15.403699999999999,0.30807399999999996,-0.30807399999999996,,308.70764740333306,308.3995734033331
2026-01-04T23:29:41.128152,BUY,XCHUSDT,3.2,,,15.4144,3.0828800000000003,-3.0828800000000003,,308.3995734033331,305.3166934033331
2026-01-04T23:29:43.118454,BUY,XIONUSDT,72.5,,,15.260525000000001,0.76302625,-0.76302625,,305.3166934033331,304.5536671533331
2026-01-04T23:29:44.730526,BUY,XPINUSDT,6100.0,,,15.15728,0.757864,-0.757864,,304.5536671533331,303.7958031533331
2026-01-04T23:29:46.305718,BUY,XRPUSDT,7.2,,,15.096239999999998,0.20128319999999997,-0.20128319999999997,,303.7958031533331,303.59451995333313
2026-01-04T23:29:48.108463,BUY,YBUSDT,33.3,,,15.171479999999999,0.6068591999999999,-0.6068591999999999,,303.59451995333313,302.98766075333316
2026-01-04T23:29:49.605394,BUY,YZYUSDT,41.7,,,15.14127,0.7570635,-0.7570635,,302.98766075333316,302.23059725333314
2026-01-04T23:29:51.187328,BUY,ZBTUSDT,105.0,,,15.1116,0.302232,-0.302232,,302.23059725333314,301.92836525333314
2026-01-04T23:29:52.819820,BUY,ZEREBROUSDT,549.0,,,15.10848,1.2086784,-1.2086784,,301.92836525333314,300.71968685333314
2026-01-04T23:29:54.368789,BUY,ZEUSUSDT,860.0,,,15.0414,3.00828,-3.00828,,300.71968685333314,297.71140685333313
2026-01-04T23:29:55.938701,BUY,ZKPUSDT,116.0,,,14.85264,0.5941056,-0.5941056,,297.71140685333313,297.11730125333315
2026-01-04T23:30:58.715537,BUY,1000LUNCUSDT,333.0,,,14.875110000000001,0.5950044000000001,-0.5950044000000001,,297.11730125333315,296.52229685333316
2026-01-04T23:31:00.552449,BUY,1000XUSDT,700.0,,,14.748999999999999,2.9497999999999998,-2.9497999999999998,,296.52229685333316,293.5724968533332
2026-01-04T23:31:02.179907,BUY,AAVEUSDT,0.09,,,14.797799999999999,0.19730399999999998,-0.19730399999999998,,293.5724968533332,293.3751928533332
2026-01-04T23:31:04.248778,BUY,ADAUSDT,37.0,,,14.7889,0.19718533333333332,-0.19718533333333332,,293.3751928533332,293.1780075199999
2026-01-04T23:31:06.465924,BUY,AINUSDT,270.0,,,14.644799999999998,2.9289599999999996,-2.9289599999999996,,293.1780075199999,290.24904751999986
2026-01-04T23:31:08.514677,BUY,APRUSDT,103.0,,,14.52197,0.5808788,-0.5808788,,290.24904751999986,289.66816871999987
2026-01-04T23:31:10.207441,BUY,ARIAUSDT,197.0,,,14.481470000000002,0.7240735,-0.7240735,,289.66816871999987,288.9440952199999
2026-01-04T23:31:12.034288,BUY,ASRUSDT,9.4,,,14.499500000000001,0.724975,-0.724975,,288.9440952199999,288.2191202199999
2026-01-04T23:31:14.125721,BUY,BANANAS31USDT,3300.0,,,14.2131,0.710655,-0.710655,,288.2191202199999,287.50846521999995
2026-01-04T23:31:16.118845,BUY,BANANAUSDT,1.82,,,14.38528,0.5754112,-0.5754112,,287.50846521999995,286.93305401999993
2026-01-04T23:31:17.785923,BUY,BEATUSDT,18.0,,,14.7492,0.73746,-0.73746,,286.93305401999993,286.19559401999993
2026-01-04T23:31:19.390045,BUY,BICOUSDT,307.4,,,14.30947,0.7154735,-0.7154735,,286.19559401999993,285.48012051999996
2026-01-04T23:31:20.790442,SELL,BNBUSDT,0.03,,896.4,26.892,0.53748,0.018000000000000682,6.439134983333333,285.48012051999996,286.03560051999995
2026-01-04T23:31:23.041432,BUY,BSUUSDT,97.0,,,14.236690000000001,2.847338,-2.847338,,286.03560051999995,283.18826251999997
2026-01-04T23:31:24.803750,BUY,CCUSDT,94.0,,,14.139479999999999,0.5655792,-0.5655792,,283.18826251999997,282.62268331999996
2026-01-04T23:31:26.957530,BUY,COWUSDT,60.0,,,14.196,0.56784,-0.56784,,282.62268331999996,282.05484332
2026-01-04T23:31:28.659530,BUY,CROSSUSDT,102.0,,,14.04948,0.702474,-0.702474,,282.05484332,281.35236932
2026-01-04T23:31:29.749119,SELL,CRVUSDT,54.7,,0.4199,22.96853,0.4598082,-0.021879999999999455,6.4392478833333335,281.35236932,281.79029751999997
2026-01-04T23:31:32.422480,BUY,CYSUSDT,34.0,,,13.9128,1.113024,-1.113024,,281.79029751999997,280.67727351999997
2026-01-04T23:31:33.944674,SELL,DOTUSDT,8.4,,2.1463,18.028920000000003,0.360696,-0.005879999999997665,3.2351563,280.67727351999997,281.03208952
2026-01-04T23:31:36.443179,BUY,ESPORTSUSDT,31.0,,,13.94721,0.6973605,-0.6973605,,281.03208952,280.33472902
2026-01-04T23:31:38.988285,BUY,EVAAUSDT,11.8,,,14.0243,0.701215,-0.701215,,280.33472902,279.63351402
2026-01-04T23:31:40.186842,SELL,FILUSDT,12.0,,1.4884,17.860799999999998,0.714864,-0.010800000000003251,3.25081375,279.63351402,280.33757802
2026-01-04T23:31:43.040963,BUY,FWOGUSDT,816.0,,,14.009088,2.8018176,-2.8018176,,280.33757802,277.53576042000003
2026-01-04T23:31:44.665403,BUY,GNOUSDT,0.1,,,13.929,2.7858,-2.7858,,277.53576042000003,274.74996042000004
2026-01-04T23:31:46.336713,BUY,GPSUSDT,2314.0,,,13.735904000000001,0.6867952,-0.6867952,,274.74996042000004,274.06316522000003
2026-01-04T23:31:47.875110,BUY,GRTUSDT,337.1,,,13.703115,0.5481246,-0.5481246,,274.06316522000003,273.51504062000004
2026-01-04T23:31:49.450977,BUY,GUNUSDT,957.0,,,13.676487,0.68382435,-0.68382435,,273.51504062000004,272.83121627
2026-01-04T23:31:51.200156,BUY,HIPPOUSDT,11160.0,,,13.638636,0.6819318,-0.6819318,,272.83121627,272.14928447000005
2026-01-04T23:31:53.160251,BUY,HOMEUSDT,590.0,,,13.5641,0.542564,-0.542564,,272.14928447000005,271.60672047
2026-01-04T23:31:54.952816,BUY,ICNTUSDT,29.0,,,13.586500000000001,0.6793250000000001,-0.6793250000000001,,271.60672047,270.92739547
2026-01-04T23:31:56.235971,SELL,ICPUSDT,5.3,,3.27,17.331,0.346726,-0.005299999999998306,3.263638766666667,270.92739547,271.26882147000003
2026-01-04T23:31:58.519653,BUY,IDEXUSDT,1440.0,,,13.60512,2.721024,-2.721024,,271.26882147000003,268.54779747000003
2026-01-04T23:32:00.437296,BUY,IPUSDT,6.2,,,13.33124,0.2666248,-0.2666248,,268.54779747000003,268.28117267000005
2026-01-04T23:32:01.910029,BUY,IRYSUSDT,360.0,,,13.28184,0.664092,-0.664092,,268.28117267000005,267.61708067000006
2026-01-04T23:32:04.165502,BUY,LIGHTUSDT,20.0,,,13.648,1.09184,-1.09184,,267.61708067000006,266.5252406700001
2026-01-04T23:32:05.975506,BUY,LYNUSDT,90.0,,,13.341600000000001,0.6670800000000001,-0.6670800000000001,,266.5252406700001,265.8581606700001
2026-01-04T23:32:08.317704,BUY,MUSDT,8.0,,,12.6872,0.63436,-0.63436,,265.8581606700001,265.22380067000006
2026-01-04T23:32:10.218828,BUY,NAORISUSDT,370.0,,,13.168299999999999,2.63366,-2.63366,,265.22380067000006,262.59014067000004
2026-01-04T23:32:11.838259,BUY,NEARUSDT,7.6,,,13.10924,0.2621848,-0.2621848,,262.59014067000004,262.32795587000004
2026-01-04T23:32:13.942432,BUY,OPUSDT,41.2,,,13.122200000000001,0.262444,-0.262444,,262.32795587000004,262.06551187
2026-01-04T23:32:16.319711,BUY,PIPPINUSDT,26.0,,,13.00338,0.650169,-0.650169,,262.06551187,261.41534287
2026-01-04T23:32:18.061281,BUY,POWERUSDT,44.0,,,12.95888,0.6479440000000001,-0.6479440000000001,,261.41534287,260.76739887
2026-01-04T23:32:19.914976,BUY,QUSDT,720.0,,,12.9528,0.64764,-0.64764,,260.76739887,260.11975887
2026-01-04T23:32:21.748406,BUY,RESOLVUSDT,153.0,,,12.96369,0.5185476,-0.5185476,,260.11975887,259.60121127
2026-01-04T23:32:23.268383,BUY,RIVERUSDT,1.0,,,12.461,0.49844,-0.49844,,259.60121127,259.10277127
2026-01-04T23:32:24.859195,BUY,RLSUSDT,1160.0,,,12.900360000000001,0.6450180000000001,-0.6450180000000001,,259.10277127,258.45775327
2026-01-04T23:32:26.768376,BUY,SAPIENUSDT,78.0,,,12.89184,0.644592,-0.644592,,258.45775327,257.81316127
2026-01-04T23:32:28.782779,BUY,SAROSUSDT,2782.0,,,12.891788,2.5783576,-2.5783576,,257.81316127,255.23480367000002
2026-01-04T23:32:30.636305,BUY,SDUSDT,53.0,,,12.7889,2.55778,-2.55778,,255.23480367000002,252.67702367
2026-01-04T23:32:32.040003,SELL,SNXUSDT,34.5,,0.4647,16.03215,0.641562,-0.00689999999999813,3.27473135,252.67702367,253.31168567
2026-01-04T23:32:34.949375,BUY,SWARMSUSDT,776.0,,,12.668199999999999,0.6334099999999999,-0.6334099999999999,,253.31168567,252.67827567
2026-01-04T23:32:36.943781,BUY,TONUSDT,6.8,,,12.643239999999999,0.2528648,-0.2528648,,252.67827567,252.42541087
2026-01-04T23:32:38.483981,BUY,TOWNSUSDT,1940.0,,,12.61,2.522,-2.522,,252.42541087,249.90341087000002
2026-01-04T23:32:40.262354,BUY,TSTBSCUSDT,646.0,,,12.49364,0.624682,-0.624682,,249.90341087000002,249.27872887
2026-01-04T23:32:42.157605,BUY,TURTLEUSDT,189.0,,,12.44376,0.622188,-0.622188,,249.27872887,248.65654087000001
2026-01-04T23:32:43.613532,BUY,TUSDT,1360.0,,,12.45216,0.4980864,-0.4980864,,248.65654087000001,248.15845447
2026-01-04T23:32:45.344886,BUY,UAIUSDT,79.0,,,12.35876,0.4943504,-0.4943504,,248.15845447,247.66410407
2026-01-04T23:32:46.851847,BUY,UBUSDT,350.0,,,12.44985,0.6224925,-0.6224925,,247.66410407,247.04161157000001
2026-01-04T23:32:48.525924,BUY,USUSDT,1900.0,,,12.3576,0.49430399999999997,-0.49430399999999997,,247.04161157000001,246.54730757000002
2026-01-04T23:32:50.330363,BUY,VELVETUSDT,80.0,,,13.0832,1.046656,-1.046656,,246.54730757000002,245.50065157
2026-01-04T23:32:51.441503,SELL,VETUSDT,1282.0,,0.012068,15.471176000000002,0.6202316,-0.0346139999999977,3.2572287166666665,245.50065157,246.08626917
2026-01-04T23:32:53.617438,BUY,VVVUSDT,6.4,,,12.30272,0.615136,-0.615136,,246.08626917,245.47113317
2026-01-04T23:32:55.311982,BUY,WETUSDT,66.0,,,12.35718,0.2471436,-0.2471436,,245.47113317,245.22398957000001
2026-01-04T23:32:57.201767,BUY,XCHUSDT,2.55,,,12.28335,2.45667,-2.45667,,245.22398957000001,242.76731957
2026-01-04T23:32:58.881005,BUY,XIONUSDT,57.8,,,12.142046,0.6071023,-0.6071023,,242.76731957,242.16021727
2026-01-04T23:33:00.442164,BUY,XPINUSDT,4900.0,,,12.18042,0.609021,-0.609021,,242.16021727,241.55119627
2026-01-04T23:33:01.960230,BUY,XRPUSDT,5.8,,,12.146359999999998,0.16195146666666663,-0.16195146666666663,,241.55119627,241.38924480333333
2026-01-04T23:33:03.666467,BUY,YBUSDT,26.5,,,12.057500000000001,0.48230000000000006,-0.48230000000000006,,241.38924480333333,240.90694480333332
2026-01-04T23:33:06.122276,BUY,YZYUSDT,33.2,,,12.054920000000001,0.602746,-0.602746,,240.90694480333332,240.30419880333332
2026-01-04T23:33:07.749420,BUY,ZBTUSDT,83.5,,,12.020660000000001,0.24041320000000002,-0.24041320000000002,,240.30419880333332,240.06378560333332
2026-01-04T23:33:09.254331,BUY,ZEREBROUSDT,436.0,,,11.99436,0.9595488,-0.9595488,,240.06378560333332,239.10423680333332
2026-01-04T23:33:11.755307,BUY,ZEUSUSDT,683.0,,,11.959330000000001,2.3918660000000003,-2.3918660000000003,,239.10423680333332,236.71237080333333
2026-01-04T23:33:13.388128,BUY,ZKPUSDT,93.0,,,11.879819999999999,0.47519279999999997,-0.47519279999999997,,236.71237080333333,236.23717800333333
2026-01-04T23:34:15.746961,BUY,1000LUNCUSDT,265.0,,,11.8137,0.472548,-0.472548,,236.23717800333333,235.76463000333334
2026-01-04T23:34:17.752558,BUY,1000XUSDT,560.0,,,11.8776,2.37552,-2.37552,,235.76463000333334,233.38911000333334
2026-01-04T23:34:19.330638,BUY,AAVEUSDT,0.07,,,11.4961,0.15328133333333332,-0.15328133333333332,,233.38911000333334,233.23582867000002
2026-01-04T23:34:20.996884,BUY,ADAUSDT,29.0,,,11.565199999999999,0.15420266666666665,-0.15420266666666665,,233.23582867000002,233.08162600333335
2026-01-04T23:34:22.645405,BUY,AINUSDT,210.0,,,11.3904,2.27808,-2.27808,,233.08162600333335,230.80354600333337
2026-01-04T23:34:24.345080,BUY,ALGOUSDT,85.3,,,11.539384,0.23078768,-0.23078768,,230.80354600333337,230.57275832333337
2026-01-04T23:34:26.322254,BUY,APRUSDT,82.0,,,11.55216,0.4620864,-0.4620864,,230.57275832333337,230.11067192333337
2026-01-04T23:34:27.828962,BUY,ARBUSDT,53.6,,,11.50792,0.2301584,-0.2301584,,230.11067192333337,229.88051352333338
2026-01-04T23:34:29.301586,BUY,ARIAUSDT,156.0,,,11.47068,0.573534,-0.573534,,229.88051352333338,229.30697952333338
2026-01-04T23:34:30.926011,BUY,ASRUSDT,7.5,,,11.54025,0.5770125,-0.5770125,,229.30697952333338,228.7299670233334
2026-01-04T23:34:33.043339,BUY,BANANAS31USDT,2700.0,,,11.6046,0.58023,-0.58023,,228.7299670233334,228.1497370233334
2026-01-04T23:34:34.766832,BUY,BANANAUSDT,1.44,,,11.368799999999998,0.45475199999999993,-0.45475199999999993,,228.1497370233334,227.69498502333337
2026-01-04T23:34:36.642457,BUY,BEATUSDT,14.0,,,11.4506,0.57253,-0.57253,,227.69498502333337,227.12245502333337
2026-01-04T23:34:38.140606,BUY,BICOUSDT,244.6,,,11.354332000000001,0.5677166,-0.5677166,,227.12245502333337,226.55473842333336
2026-01-04T23:34:39.915351,BUY,BNBUSDT,0.01,,,8.959,0.17918,-0.17918,,226.55473842333336,226.37555842333336
2026-01-04T23:34:41.769585,BUY,BSUUSDT,77.0,,,11.30668,2.261336,-2.261336,,226.37555842333336,224.11422242333336
2026-01-04T23:34:43.613571,BUY,CCUSDT,74.0,,,11.156979999999999,0.4462792,-0.4462792,,224.11422242333336,223.66794322333337
2026-01-04T23:34:45.587647,BUY,COMPUSDT,0.42,,,11.1426,0.445704,-0.445704,,223.66794322333337,223.22223922333336
2026-01-04T23:34:47.210447,BUY,COWUSDT,47.0,,,11.115499999999999,0.44461999999999996,-0.44461999999999996,,223.22223922333336,222.77761922333337
2026-01-04T23:34:48.797872,BUY,CROSSUSDT,81.0,,,11.1456,0.55728,-0.55728,,222.77761922333337,222.22033922333338
2026-01-04T23:34:50.732454,BUY,CYSUSDT,27.0,,,11.0079,0.880632,-0.880632,,222.22033922333338,221.3397072233334
2026-01-04T23:34:52.592980,BUY,DOTUSDT,5.2,,,11.13424,0.22268480000000002,-0.22268480000000002,,221.3397072233334,221.1170224233334
2026-01-04T23:34:54.566886,BUY,ESPORTSUSDT,25.0,,,11.2735,0.563675,-0.563675,,221.1170224233334,220.5533474233334
2026-01-04T23:34:56.253207,BUY,EVAAUSDT,9.3,,,11.05119,0.5525595,-0.5525595,,220.5533474233334,220.0007879233334
2026-01-04T23:34:57.852491,BUY,FILUSDT,7.4,,,11.00084,0.4400336,-0.4400336,,220.0007879233334,219.5607543233334
2026-01-04T23:34:59.697145,BUY,FWOGUSDT,643.0,,,10.981154,2.1962308,-2.1962308,,219.5607543233334,217.36452352333342
2026-01-04T23:35:01.511967,BUY,GNOUSDT,0.078,,,10.846680000000001,2.1693360000000004,-2.1693360000000004,,217.36452352333342,215.19518752333343
2026-01-04T23:35:03.163676,BUY,GPSUSDT,1824.0,,,10.759775999999999,0.5379887999999999,-0.5379887999999999,,215.19518752333343,214.65719872333344
2026-01-04T23:35:05.212246,BUY,GUNUSDT,752.0,,,10.735552,0.5367776,-0.5367776,,214.65719872333344,214.12042112333344
2026-01-04T23:35:06.927611,BUY,HIPPOUSDT,8770.0,,,10.707293,0.53536465,-0.53536465,,214.12042112333344,213.58505647333345
2026-01-04T23:35:08.548690,BUY,HOMEUSDT,460.0,,,10.5892,0.423568,-0.423568,,213.58505647333345,213.16148847333346
2026-01-04T23:35:10.251834,BUY,ICNTUSDT,23.0,,,10.780100000000001,0.5390050000000001,-0.5390050000000001,,213.16148847333346,212.62248347333346
2026-01-04T23:35:11.954020,BUY,IDEXUSDT,1130.0,,,10.671719999999999,2.1343439999999996,-2.1343439999999996,,212.62248347333346,210.48813947333346
2026-01-04T23:35:13.748203,BUY,IPUSDT,4.9,,,10.53892,0.21077839999999998,-0.21077839999999998,,210.48813947333346,210.27736107333345
2026-01-04T23:35:15.719495,BUY,IRYSUSDT,280.0,,,10.333680000000001,0.516684,-0.516684,,210.27736107333345,209.76067707333345
2026-01-04T23:35:18.184592,BUY,LIGHTUSDT,15.0,,,10.228499999999999,0.8182799999999999,-0.8182799999999999,,209.76067707333345,208.94239707333347
2026-01-04T23:35:20.017525,BUY,LYNUSDT,70.0,,,10.431400000000002,0.5215700000000001,-0.5215700000000001,,208.94239707333347,208.42082707333347
2026-01-04T23:35:22.542396,BUY,MUSDT,7.0,,,11.1076,0.55538,-0.55538,,208.42082707333347,207.86544707333346
2026-01-04T23:35:24.217399,BUY,NAORISUSDT,290.0,,,10.3356,2.06712,-2.06712,,207.86544707333346,205.79832707333347
2026-01-04T23:35:25.279307,SELL,NEARUSDT,7.6,,1.7231,13.0948,0.2621848,-0.014440000000000452,3.2240174666666666,205.79832707333347,206.04607187333346
2026-01-04T23:35:27.807959,SELL,OPUSDT,41.2,,0.3181,13.10572,0.262444,-0.016480000000001382,3.2310921166666664,206.04607187333346,206.29203587333345
2026-01-04T23:35:30.203266,BUY,PIPPINUSDT,21.0,,,10.48866,0.5244329999999999,-0.5244329999999999,,206.29203587333345,205.76760287333346
2026-01-04T23:35:31.900801,BUY,POWERUSDT,35.0,,,10.29,0.5145,-0.5145,,205.76760287333346,205.25310287333346
2026-01-04T23:35:33.713566,BUY,QUSDT,570.0,,,10.257150000000001,0.5128575000000001,-0.5128575000000001,,205.25310287333346,204.74024537333347
2026-01-04T23:35:35.914224,BUY,RESOLVUSDT,121.0,,,10.21361,0.4085444,-0.4085444,,204.74024537333347,204.33170097333345
2026-01-04T23:35:37.401140,BUY,RIVERUSDT,0.8,,,9.972000000000001,0.39888000000000007,-0.39888000000000007,,204.33170097333345,203.93282097333346
2026-01-04T23:35:38.927800,BUY,RLSUSDT,920.0,,,10.2258,0.51129,-0.51129,,203.93282097333346,203.42153097333346
2026-01-04T23:35:40.696719,BUY,SAPIENUSDT,62.0,,,10.24178,0.512089,-0.512089,,203.42153097333346,202.90944197333346
2026-01-04T23:35:42.436771,BUY,SAROSUSDT,2201.0,,,10.14661,2.029322,-2.029322,,202.90944197333346,200.88011997333345
2026-01-04T23:35:44.530667,BUY,SDUSDT,42.0,,,10.122,2.0244,-2.0244,,200.88011997333345,198.85571997333346
2026-01-04T23:35:46.843793,SELL,SUSHIUSDT,47.3,,0.3387,16.020509999999998,0.6415772,-0.01892000000000138,6.478156816666667,198.85571997333346,199.47837717333346
2026-01-04T23:35:48.912253,BUY,SWARMSUSDT,610.0,,,9.97533,0.4987665,-0.4987665,,199.47837717333346,198.97961067333347
2026-01-04T23:35:50.948888,BUY,TONUSDT,5.4,,,10.02402,0.2004804,-0.2004804,,198.97961067333347,198.77913027333346
2026-01-04T23:35:52.889293,BUY,TOWNSUSDT,1530.0,,,9.93276,1.986552,-1.986552,,198.77913027333346,196.79257827333348
2026-01-04T23:35:54.574350,BUY,TSTBSCUSDT,514.0,,,9.83282,0.491641,-0.491641,,196.79257827333348,196.3009372733335
2026-01-04T23:35:56.099221,BUY,TURTLEUSDT,149.0,,,9.81463,0.4907315,-0.4907315,,196.3009372733335,195.81020577333348
2026-01-04T23:35:57.735408,BUY,TUSDT,1070.0,,,9.78515,0.391406,-0.391406,,195.81020577333348,195.4187997733335
2026-01-04T23:36:00.037652,BUY,UAIUSDT,62.0,,,9.725940000000001,0.38903760000000004,-0.38903760000000004,,195.4187997733335,195.0297621733335
2026-01-04T23:36:02.238156,BUY,UBUSDT,270.0,,,9.60417,0.4802085,-0.4802085,,195.0297621733335,194.5495536733335
2026-01-04T23:36:04.051443,BUY,USUSDT,1510.0,,,9.74554,0.3898216,-0.3898216,,194.5495536733335,194.1597320733335
2026-01-04T23:36:05.806824,BUY,VELVETUSDT,60.0,,,9.7392,0.779136,-0.779136,,194.1597320733335,193.3805960733335
2026-01-04T23:36:07.342438,BUY,VETUSDT,801.0,,,9.666468,0.38665872,-0.38665872,,193.3805960733335,192.99393735333348
2026-01-04T23:36:09.364808,BUY,VVVUSDT,5.02,,,9.658981999999998,0.4829490999999999,-0.4829490999999999,,192.99393735333348,192.51098825333347
2026-01-04T23:36:11.017334,BUY,WETUSDT,51.0,,,9.56199,0.1912398,-0.1912398,,192.51098825333347,192.31974845333346
2026-01-04T23:36:12.768512,BUY,XCHUSDT,2.0,,,9.62,1.924,-1.924,,192.31974845333346,190.39574845333345
2026-01-04T23:36:14.358465,BUY,XIONUSDT,45.3,,,9.527949,0.47639745,-0.47639745,,190.39574845333345,189.91935100333345
2026-01-04T23:36:16.410465,BUY,XPINUSDT,3800.0,,,9.44414,0.47220700000000004,-0.47220700000000004,,189.91935100333345,189.44714400333345
2026-01-04T23:36:17.596284,SELL,XRPUSDT,5.8,,2.0954,12.15332,0.16195146666666663,0.006960000000002964,3.2606009,189.44714400333345,189.6160554700001
2026-01-04T23:36:19.697644,BUY,YBUSDT,20.8,,,9.464,0.37856,-0.37856,,189.6160554700001,189.2374954700001
2026-01-04T23:36:21.286183,BUY,YZYUSDT,26.1,,,9.47691,0.47384550000000003,-0.47384550000000003,,189.2374954700001,188.7636499700001
2026-01-04T23:36:22.898236,BUY,ZBTUSDT,65.4,,,9.435912,0.18871824,-0.18871824,,188.7636499700001,188.57493173000012
2026-01-04T23:36:24.402042,BUY,ZEREBROUSDT,342.0,,,9.4221,0.753768,-0.753768,,188.57493173000012,187.8211637300001
2026-01-04T23:36:25.986577,BUY,ZEUSUSDT,537.0,,,9.386759999999999,1.8773519999999997,-1.8773519999999997,,187.8211637300001,185.9438117300001
2026-01-04T23:36:27.501365,BUY,ZKPUSDT,73.0,,,9.30312,0.3721248,-0.3721248,,185.9438117300001,185.5716869300001
2026-01-04T23:37:29.843099,BUY,1000LUNCUSDT,208.0,,,9.28096,0.3712384,-0.3712384,,185.5716869300001,185.2004485300001
2026-01-04T23:37:31.834735,BUY,1000XUSDT,440.0,,,9.328,1.8656,-1.8656,,185.2004485300001,183.3348485300001
2026-01-04T23:37:33.125660,SELL,AAVEUSDT,0.07,,164.55,11.518500000000001,0.15328133333333332,0.022400000000001086,3.2298311166666664,183.3348485300001,183.51052986333343
2026-01-04T23:37:35.845261,BUY,AINUSDT,170.0,,,9.220799999999999,1.8441599999999998,-1.8441599999999998,,183.51052986333343,181.66636986333344
2026-01-04T23:37:37.573362,BUY,ALGOUSDT,67.1,,,9.089365999999998,0.18178731999999997,-0.18178731999999997,,181.66636986333344,181.48458254333343
2026-01-04T23:37:39.347674,BUY,APRUSDT,64.0,,,9.02464,0.3609856,-0.3609856,,181.48458254333343,181.12359694333344
2026-01-04T23:37:40.535673,SELL,ARBUSDT,53.6,,0.2148,11.51328,0.2301584,0.005359999999999587,3.2117177333333333,181.12359694333344,181.35911534333343
2026-01-04T23:37:42.652821,BUY,ARIAUSDT,123.0,,,9.04296,0.45214800000000005,-0.45214800000000005,,181.35911534333343,180.90696734333343
2026-01-04T23:37:44.334734,BUY,ASRUSDT,5.9,,,9.078330000000001,0.45391650000000006,-0.45391650000000006,,180.90696734333343,180.45305084333344
2026-01-04T23:37:45.905715,BUY,ATOMUSDT,3.9,,,9.0714,0.120952,-0.120952,,180.45305084333344,180.33209884333345
2026-01-04T23:37:47.812774,BUY,BANANAS31USDT,2100.0,,,9.021600000000001,0.45108000000000004,-0.45108000000000004,,180.33209884333345,179.88101884333346
2026-01-04T23:37:49.444729,BUY,BANANAUSDT,1.14,,,9.01968,0.3607872,-0.3607872,,179.88101884333346,179.52023164333346
2026-01-04T23:37:51.073736,BUY,BEATUSDT,11.0,,,9.025500000000001,0.45127500000000004,-0.45127500000000004,,179.52023164333346,179.06895664333345
2026-01-04T23:37:52.597552,BUY,BICOUSDT,192.9,,,8.954418,0.44772090000000003,-0.44772090000000003,,179.06895664333345,178.62123574333344
2026-01-04T23:37:54.356579,BUY,BNBUSDT,0.01,,,8.968,0.17936,-0.17936,,178.62123574333344,178.44187574333344
2026-01-04T23:37:56.207866,BUY,BSUUSDT,61.0,,,8.958459999999999,1.7916919999999998,-1.7916919999999998,,178.44187574333344,176.65018374333343
2026-01-04T23:37:57.943773,BUY,CCUSDT,59.0,,,8.88717,0.3554868,-0.3554868,,176.65018374333343,176.29469694333343
2026-01-04T23:37:59.930410,BUY,COWUSDT,37.0,,,8.780100000000001,0.351204,-0.351204,,176.29469694333343,175.94349294333344
2026-01-04T23:38:01.444596,BUY,CROSSUSDT,64.0,,,8.80128,0.440064,-0.440064,,175.94349294333344,175.50342894333343
2026-01-04T23:38:03.168276,BUY,CRVUSDT,20.9,,,8.77591,0.17551819999999999,-0.17551819999999999,,175.50342894333343,175.32791074333343
2026-01-04T23:38:04.912766,BUY,CYSUSDT,21.0,,,8.5722,0.685776,-0.685776,,175.32791074333343,174.64213474333343
2026-01-04T23:38:07.207873,BUY,ESPORTSUSDT,19.0,,,8.54753,0.4273765,-0.4273765,,174.64213474333343,174.21475824333342
2026-01-04T23:38:08.869881,BUY,EVAAUSDT,7.3,,,8.684809999999999,0.4342404999999999,-0.4342404999999999,,174.21475824333342,173.78051774333343
2026-01-04T23:38:10.096659,SELL,FILUSDT,7.4,,1.4864,10.99936,0.4400336,-0.001480000000000814,3.204011616666667,173.78051774333343,174.21907134333344
2026-01-04T23:38:12.647303,BUY,FWOGUSDT,512.0,,,8.707584,1.7415168,-1.7415168,,174.21907134333344,172.47755454333344
2026-01-04T23:38:15.039749,BUY,GNOUSDT,0.062,,,8.62172,1.7243439999999999,-1.7243439999999999,,172.47755454333344,170.75321054333344
2026-01-04T23:38:16.548485,BUY,GPSUSDT,1445.0,,,8.53706,0.42685300000000004,-0.42685300000000004,,170.75321054333344,170.32635754333344
2026-01-04T23:38:17.777226,SELL,GRTUSDT,337.1,,0.04061,13.689631,0.5481246,-0.013484000000000052,6.4983686,170.32635754333344,170.86099814333343
2026-01-04T23:38:19.867018,BUY,GUNUSDT,597.0,,,8.541279,0.42706394999999997,-0.42706394999999997,,170.86099814333343,170.43393419333344
2026-01-04T23:38:21.665109,BUY,HIPPOUSDT,6970.0,,,8.518733999999998,0.42593669999999995,-0.42593669999999995,,170.43393419333344,170.00799749333345
2026-01-04T23:38:23.199445,BUY,HOMEUSDT,370.0,,,8.4989,0.33995600000000004,-0.33995600000000004,,170.00799749333345,169.66804149333345
2026-01-04T23:38:24.881905,BUY,ICNTUSDT,18.0,,,8.434800000000001,0.42174000000000006,-0.42174000000000006,,169.66804149333345,169.24630149333345
2026-01-04T23:38:26.570020,BUY,IDEXUSDT,900.0,,,8.5068,1.70136,-1.70136,,169.24630149333345,167.54494149333345
2026-01-04T23:38:28.593113,BUY,IPUSDT,3.9,,,8.37876,0.1675752,-0.1675752,,167.54494149333345,167.37736629333347
2026-01-04T23:38:30.547624,BUY,IRYSUSDT,230.0,,,8.49942,0.42497100000000004,-0.42497100000000004,,167.37736629333347,166.95239529333347
2026-01-04T23:38:33.173948,BUY,LIGHTUSDT,12.0,,,8.178,0.65424,-0.65424,,166.95239529333347,166.29815529333348
2026-01-04T23:38:35.028225,BUY,LYNUSDT,56.0,,,8.293600000000001,0.41468000000000005,-0.41468000000000005,,166.29815529333348,165.88347529333348
2026-01-04T23:38:37.362561,BUY,MUSDT,5.0,,,7.9305,0.396525,-0.396525,,165.88347529333348,165.48695029333348
2026-01-04T23:38:38.873874,BUY,NAORISUSDT,230.0,,,8.2041,1.6408200000000002,-1.6408200000000002,,165.48695029333348,163.8461302933335
2026-01-04T23:38:40.395281,BUY,NEARUSDT,4.8,,,8.25984,0.1651968,-0.1651968,,163.8461302933335,163.6809334933335
2026-01-04T23:38:43.368505,BUY,PIPPINUSDT,16.0,,,8.00448,0.40022399999999997,-0.40022399999999997,,163.6809334933335,163.2807094933335
2026-01-04T23:38:45.063429,BUY,POWERUSDT,28.0,,,8.228639999999999,0.4114319999999999,-0.4114319999999999,,163.2807094933335,162.8692774933335
2026-01-04T23:38:47.019174,BUY,QUSDT,450.0,,,8.1,0.40499999999999997,-0.40499999999999997,,162.8692774933335,162.4642774933335
2026-01-04T23:38:48.784295,BUY,RESOLVUSDT,96.0,,,8.11008,0.3244032,-0.3244032,,162.4642774933335,162.1398742933335
2026-01-04T23:38:50.380134,BUY,RIVERUSDT,0.7,,,8.7108,0.348432,-0.348432,,162.1398742933335,161.7914422933335
2026-01-04T23:38:51.845730,BUY,RLSUSDT,730.0,,,8.12928,0.406464,-0.406464,,161.7914422933335,161.3849782933335
2026-01-04T23:38:53.651523,BUY,SAPIENUSDT,49.0,,,8.08108,0.404054,-0.404054,,161.3849782933335,160.9809242933335
2026-01-04T23:38:55.085596,BUY,SAROSUSDT,1754.0,,,8.049106,1.6098212,-1.6098212,,160.9809242933335,159.3711030933335
2026-01-04T23:38:57.089312,BUY,SDUSDT,33.0,,,7.952999999999999,1.5905999999999998,-1.5905999999999998,,159.3711030933335,157.7805030933335
2026-01-04T23:38:59.708929,BUY,SUSHIUSDT,23.3,,,7.877730000000001,0.31510920000000003,-0.31510920000000003,,157.7805030933335,157.4653938933335
2026-01-04T23:39:01.286288,BUY,SWARMSUSDT,482.0,,,7.879254,0.3939627,-0.3939627,,157.4653938933335,157.0714311933335
2026-01-04T23:39:03.259428,BUY,TONUSDT,4.2,,,7.7952,0.15590400000000001,-0.15590400000000001,,157.0714311933335,156.9155271933335
2026-01-04T23:39:04.845708,BUY,TOWNSUSDT,1210.0,,,7.84927,1.5698539999999999,-1.5698539999999999,,156.9155271933335,155.3456731933335
2026-01-04T23:39:06.505994,BUY,TSTBSCUSDT,408.0,,,7.760159999999999,0.38800799999999996,-0.38800799999999996,,155.3456731933335,154.9576651933335
2026-01-04T23:39:08.151385,BUY,TURTLEUSDT,118.0,,,7.770300000000001,0.38851500000000005,-0.38851500000000005,,154.9576651933335,154.56915019333348
2026-01-04T23:39:09.651519,BUY,TUSDT,840.0,,,7.6902,0.307608,-0.307608,,154.56915019333348,154.2615421933335
2026-01-04T23:39:11.199210,BUY,UAIUSDT,49.0,,,7.682710000000001,0.30730840000000004,-0.30730840000000004,,154.2615421933335,153.9542337933335
2026-01-04T23:39:13.173181,BUY,UBUSDT,220.0,,,7.81198,0.39059900000000003,-0.39059900000000003,,153.9542337933335,153.56363479333348
2026-01-04T23:39:14.928900,BUY,USUSDT,1190.0,,,7.66955,0.306782,-0.306782,,153.56363479333348,153.25685279333348
2026-01-04T23:39:16.499120,BUY,VELVETUSDT,50.0,,,8.121,0.64968,-0.64968,,153.25685279333348,152.6071727933335
2026-01-04T23:39:18.709034,BUY,VETUSDT,634.0,,,7.634628,0.30538512,-0.30538512,,152.6071727933335,152.30178767333348
2026-01-04T23:39:20.580798,BUY,VVVUSDT,3.96,,,7.60716,0.38035800000000003,-0.38035800000000003,,152.30178767333348,151.92142967333348
2026-01-04T23:39:22.254554,BUY,WETUSDT,40.0,,,7.5076,0.150152,-0.150152,,151.92142967333348,151.7712776733335
2026-01-04T23:39:24.000230,BUY,XCHUSDT,1.58,,,7.607700000000001,1.5215400000000003,-1.5215400000000003,,151.7712776733335,150.2497376733335
2026-01-04T23:39:26.026553,BUY,XIONUSDT,35.7,,,7.509495000000001,0.3754747500000001,-0.3754747500000001,,150.2497376733335,149.8742629233335
2026-01-04T23:39:27.542370,BUY,XPINUSDT,3000.0,,,7.455900000000001,0.37279500000000004,-0.37279500000000004,,149.8742629233335,149.5014679233335
2026-01-04T23:39:29.603426,BUY,XRPUSDT,3.6,,,7.5329999999999995,0.10043999999999999,-0.10043999999999999,,149.5014679233335,149.40102792333352
2026-01-04T23:39:31.318638,BUY,YBUSDT,16.6,,,7.483280000000001,0.2993312,-0.2993312,,149.40102792333352,149.1016967233335
2026-01-04T23:39:32.904656,BUY,YZYUSDT,20.6,,,7.471620000000001,0.37358100000000005,-0.37358100000000005,,149.1016967233335,148.7281157233335
2026-01-04T23:39:34.429066,BUY,ZBTUSDT,51.7,,,7.4401470000000005,0.14880294000000002,-0.14880294000000002,,148.7281157233335,148.5793127833335
2026-01-04T23:39:36.025815,BUY,ZEREBROUSDT,270.0,,,7.425,0.594,-0.594,,148.5793127833335,147.9853127833335
2026-01-04T23:39:37.937876,BUY,ZEUSUSDT,423.0,,,7.3940399999999995,1.478808,-1.478808,,147.9853127833335,146.50650478333353
2026-01-04T23:39:39.457122,BUY,ZKPUSDT,58.0,,,7.379340000000001,0.29517360000000004,-0.29517360000000004,,146.50650478333353,146.21133118333353
2026-01-04T23:40:42.844185,BUY,1000LUNCUSDT,164.0,,,7.3062,0.292248,-0.292248,,146.21133118333353,145.91908318333353
2026-01-04T23:40:44.607935,BUY,1000XUSDT,350.0,,,7.399,1.4798,-1.4798,,145.91908318333353,144.43928318333352
2026-01-04T23:40:46.293562,BUY,AAVEUSDT,0.04,,,6.5488,0.08731733333333333,-0.08731733333333333,,144.43928318333352,144.35196585000017
2026-01-04T23:40:47.984849,BUY,ADAUSDT,18.0,,,7.1514,0.09535199999999999,-0.09535199999999999,,144.35196585000017,144.25661385000018
2026-01-04T23:40:49.606936,BUY,AINUSDT,130.0,,,7.0317,1.40634,-1.40634,,144.25661385000018,142.85027385000018
2026-01-04T23:40:51.297029,BUY,ALGOUSDT,53.0,,,7.14864,0.1429728,-0.1429728,,142.85027385000018,142.70730105000018
2026-01-04T23:40:53.213744,BUY,APRUSDT,51.0,,,7.1726399999999995,0.2869056,-0.2869056,,142.70730105000018,142.42039545000017
2026-01-04T23:40:54.809578,BUY,ARBUSDT,33.4,,,7.1309,0.142618,-0.142618,,142.42039545000017,142.27777745000017
2026-01-04T23:40:56.358139,BUY,ARIAUSDT,97.0,,,7.115919999999999,0.35579599999999995,-0.35579599999999995,,142.27777745000017,141.92198145000017
2026-01-04T23:40:58.017785,BUY,ASRUSDT,4.6,,,7.0780199999999995,0.35390099999999997,-0.35390099999999997,,141.92198145000017,141.56808045000017
2026-01-04T23:40:59.603255,BUY,ATOMUSDT,3.1,,,7.1827000000000005,0.09576933333333335,-0.09576933333333335,,141.56808045000017,141.47231111666684
2026-01-04T23:41:02.157841,BUY,BANANAS31USDT,1700.0,,,7.2879,0.36439499999999997,-0.36439499999999997,,141.47231111666684,141.10791611666684
2026-01-04T23:41:04.320016,BUY,BANANAUSDT,0.9,,,7.0488,0.281952,-0.281952,,141.10791611666684,140.82596411666685
2026-01-04T23:41:06.467358,BUY,BEATUSDT,9.0,,,7.4466,0.37233,-0.37233,,140.82596411666685,140.45363411666685
2026-01-04T23:41:08.523827,BUY,BICOUSDT,151.7,,,7.0237099999999995,0.3511855,-0.3511855,,140.45363411666685,140.10244861666683
2026-01-04T23:41:10.366326,BUY,BNBUSDT,0.01,,,8.952,0.17904,-0.17904,,140.10244861666683,139.92340861666685
2026-01-04T23:41:12.167825,BUY,BSUUSDT,48.0,,,7.03824,1.407648,-1.407648,,139.92340861666685,138.51576061666685
2026-01-04T23:41:13.890216,BUY,CCUSDT,46.0,,,6.898619999999999,0.2759448,-0.2759448,,138.51576061666685,138.23981581666686
2026-01-04T23:41:16.234586,BUY,COMPUSDT,0.26,,,6.8744000000000005,0.274976,-0.274976,,138.23981581666686,137.96483981666685
2026-01-04T23:41:17.941816,BUY,COWUSDT,29.0,,,6.8672,0.27468800000000004,-0.27468800000000004,,137.96483981666685,137.69015181666686
2026-01-04T23:41:19.548356,BUY,CROSSUSDT,50.0,,,6.88,0.344,-0.344,,137.69015181666686,137.34615181666686
2026-01-04T23:41:21.112424,BUY,CRVUSDT,16.4,,,6.86504,0.1373008,-0.1373008,,137.34615181666686,137.20885101666687
2026-01-04T23:41:22.850445,BUY,CYSUSDT,17.0,,,6.8952,0.551616,-0.551616,,137.20885101666687,136.65723501666687
2026-01-04T23:41:24.732548,BUY,DOTUSDT,3.2,,,6.82944,0.1365888,-0.1365888,,136.65723501666687,136.52064621666688
2026-01-04T23:41:26.686300,BUY,ESPORTSUSDT,15.0,,,6.72165,0.3360825,-0.3360825,,136.52064621666688,136.18456371666687
2026-01-04T23:41:28.337898,BUY,EVAAUSDT,5.8,,,6.82834,0.34141699999999997,-0.34141699999999997,,136.18456371666687,135.84314671666687
2026-01-04T23:41:30.260014,BUY,FILUSDT,4.6,,,6.8098399999999994,0.27239359999999996,-0.27239359999999996,,135.84314671666687,135.57075311666688
2026-01-04T23:41:32.066143,BUY,FWOGUSDT,399.0,,,6.785394,1.3570788,-1.3570788,,135.57075311666688,134.21367431666687
2026-01-04T23:41:34.256025,BUY,GNOUSDT,0.048,,,6.668640000000001,1.3337280000000002,-1.3337280000000002,,134.21367431666687,132.87994631666686
2026-01-04T23:41:35.737242,BUY,GPSUSDT,1135.0,,,6.643154999999999,0.33215775,-0.33215775,,132.87994631666686,132.54778856666687
2026-01-04T23:41:37.337530,BUY,GRTUSDT,164.0,,,6.6272400000000005,0.26508960000000004,-0.26508960000000004,,132.54778856666687,132.28269896666686
2026-01-04T23:41:38.791145,BUY,GUNUSDT,466.0,,,6.620928,0.3310464,-0.3310464,,132.28269896666686,131.95165256666687
2026-01-04T23:41:40.495537,BUY,HIPPOUSDT,5450.0,,,6.59341,0.32967050000000003,-0.32967050000000003,,131.95165256666687,131.62198206666687
2026-01-04T23:41:42.242373,BUY,HOMEUSDT,290.0,,,6.655500000000001,0.26622,-0.26622,,131.62198206666687,131.35576206666687
2026-01-04T23:41:44.023113,BUY,ICNTUSDT,14.0,,,6.5618,0.32809,-0.32809,,131.35576206666687,131.02767206666687
2026-01-04T23:41:45.980070,BUY,ICPUSDT,2.0,,,6.482,0.12964,-0.12964,,131.02767206666687,130.89803206666687
2026-01-04T23:41:47.606376,BUY,IDEXUSDT,690.0,,,6.52188,1.304376,-1.304376,,130.89803206666687,129.59365606666688
2026-01-04T23:41:49.370735,BUY,IPUSDT,3.0,,,6.4277999999999995,0.128556,-0.128556,,129.59365606666688,129.46510006666688
2026-01-04T23:41:50.837048,BUY,IRYSUSDT,170.0,,,6.30462,0.315231,-0.315231,,129.46510006666688,129.14986906666687
2026-01-04T23:41:53.264080,BUY,LIGHTUSDT,9.0,,,6.1299,0.490392,-0.490392,,129.14986906666687,128.65947706666685
2026-01-04T23:41:55.064952,BUY,LYNUSDT,44.0,,,6.50496,0.325248,-0.325248,,128.65947706666685,128.33422906666686
2026-01-04T23:41:57.412113,BUY,MUSDT,4.0,,,6.3532,0.31766,-0.31766,,128.33422906666686,128.01656906666688
2026-01-04T23:41:58.877492,BUY,NAORISUSDT,180.0,,,6.4044,1.28088,-1.28088,,128.01656906666688,126.73568906666688
2026-01-04T23:42:00.283697,BUY,NEARUSDT,3.7,,,6.33366,0.1266732,-0.1266732,,126.73568906666688,126.60901586666688
2026-01-04T23:42:02.726888,BUY,OPUSDT,20.0,,,6.328,0.12656,-0.12656,,126.60901586666688,126.48245586666688
2026-01-04T23:42:04.599766,BUY,PIPPINUSDT,13.0,,,6.5247,0.326235,-0.326235,,126.48245586666688,126.15622086666689
2026-01-04T23:42:06.318874,BUY,POWERUSDT,21.0,,,6.183870000000001,0.3091935,-0.3091935,,126.15622086666689,125.84702736666688
2026-01-04T23:42:08.218265,BUY,QUSDT,350.0,,,6.29335,0.3146675,-0.3146675,,125.84702736666688,125.53235986666688
2026-01-04T23:42:10.022787,BUY,RESOLVUSDT,75.0,,,6.306,0.25224,-0.25224,,125.53235986666688,125.28011986666688
2026-01-05T00:17:46.974903,BUY,0GUSDT,51.1,,,49.9758,0.999516,-0.999516,,1000.0,999.000484
2026-01-05T00:17:48.400630,BUY,1000000CHEEMSUSDT,47.0,,,50.242999999999995,4.0194399999999995,-4.0194399999999995,,999.000484,994.981044
2026-01-05T00:17:49.748941,BUY,1000000MOGUSDT,151.0,,,49.8451,0.9969020000000001,-0.9969020000000001,,994.981044,993.984142
2026-01-05T00:17:51.247734,BUY,1000BONKUSDT,4200.0,,,49.9758,0.999516,-0.999516,,993.984142,992.984626
2026-01-05T00:17:53.075686,BUY,1000PEPEUSDT,7000.0,,,49.511,0.9902200000000001,-0.9902200000000001,,992.984626,991.994406
2026-01-05T00:17:54.439561,BUY,1000TOSHIUSDT,133.0,,,49.702099999999994,0.9940419999999999,-0.9940419999999999,,991.994406,991.000364
2026-01-05T00:17:55.862016,BUY,1000XECUSDT,4240.0,,,49.544399999999996,3.9635519999999995,-3.9635519999999995,,991.000364,987.0368119999999
2026-01-05T00:17:57.228233,BUY,1000XUSDT,2350.0,,,49.4205,9.8841,-9.8841,,987.0368119999999,977.152712
2026-01-05T00:17:58.540958,BUY,1INCHUSDT,310.1,,,48.862457,1.95449828,-1.95449828,,977.152712,975.1982137199999
2026-01-05T00:17:59.951922,BUY,A2ZUSDT,30000.0,,,48.825,9.765,-9.765,,975.1982137199999,965.4332137199999
2026-01-05T00:18:01.267485,BUY,AAVEUSDT,0.29,,,47.597699999999996,0.634636,-0.634636,,965.4332137199999,964.7985777199999
2026-01-05T00:18:02.569997,BUY,ACEUSDT,167.0,,,48.2296,1.929184,-1.929184,,964.7985777199999,962.86939372
2026-01-05T00:18:03.887418,BUY,ACHUSDT,5460.0,,,48.16812,1.9267248000000001,-1.9267248000000001,,962.86939372,960.94266892
2026-01-05T00:18:05.234936,BUY,ACXUSDT,890.0,,,48.06,2.403,-2.403,,960.94266892,958.5396689199999
2026-01-05T00:18:06.729092,BUY,AGLDUSDT,166.3,,,47.92766,2.396383,-2.396383,,958.5396689199999,956.1432859199999
2026-01-05T00:18:08.160538,BUY,AIOUSDT,400.0,,,47.636,9.5272,-9.5272,,956.1432859199999,946.6160859199999
2026-01-05T00:18:09.608541,BUY,AIOZUSDT,433.0,,,47.33556,2.366778,-2.366778,,946.6160859199999,944.24930792
2026-01-05T00:18:10.964129,BUY,ALCHUSDT,407.0,,,47.20793,2.3603965,-2.3603965,,944.24930792,941.88891142
2026-01-05T00:18:12.405794,BUY,ALGOUSDT,347.8,,,47.095598,0.9419119600000001,-0.9419119600000001,,941.88891142,940.94699946
2026-01-05T00:18:13.950657,BUY,ALICEUSDT,258.4,,,47.05464,2.352732,-2.352732,,940.94699946,938.5942674600001
2026-01-05T00:18:15.557884,BUY,ALPINEUSDT,75.5,,,46.9006,2.34503,-2.34503,,938.5942674600001,936.2492374600001
2026-01-05T00:18:17.114498,BUY,ANIMEUSDT,6353.0,,,46.808904000000005,1.8723561600000003,-1.8723561600000003,,936.2492374600001,934.3768813000002
2026-01-05T00:18:19.103676,BUY,ANKRUSDT,6777.0,,,46.720638,1.8688255200000001,-1.8688255200000001,,934.3768813000002,932.5080557800002
2026-01-05T00:18:20.862132,BUY,APEUSDT,211.5,,,46.63575,0.9327150000000001,-0.9327150000000001,,932.5080557800002,931.5753407800001
2026-01-05T00:18:22.220866,BUY,APEXUSDT,85.2,,,46.5618,1.862472,-1.862472,,931.5753407800001,929.7128687800001
2026-01-05T00:18:23.580634,BUY,API3USDT,98.4,,,46.474320000000006,1.8589728000000003,-1.8589728000000003,,929.7128687800001,927.8538959800002
2026-01-05T00:18:24.899693,BUY,APRUSDT,331.0,,,46.369789999999995,1.8547915999999998,-1.8547915999999998,,927.8538959800002,925.9991043800002
2026-01-05T00:18:26.215288,BUY,APTUSDT,23.9,,,46.2943,0.925886,-0.925886,,925.9991043800002,925.0732183800002
2026-01-05T00:18:27.708739,BUY,ARCUSDT,1295.0,,,46.257400000000004,3.7005920000000003,-3.7005920000000003,,925.0732183800002,921.3726263800002
2026-01-05T00:18:29.319980,BUY,ARPAUSDT,3470.0,,,46.13018,9.226036,-9.226036,,921.3726263800002,912.1465903800001
2026-01-05T00:18:30.647401,BUY,ARUSDT,11.5,,,45.5515,1.8220599999999998,-1.8220599999999998,,912.1465903800001,910.3245303800002
2026-01-05T00:18:32.456771,BUY,ASPUSDT,1011.0,,,45.535439999999994,2.276772,-2.276772,,910.3245303800002,908.0477583800001
2026-01-05T00:18:33.824929,BUY,ASTERUSDT,58.0,,,45.2342,0.6031226666666667,-0.6031226666666667,,908.0477583800001,907.4446357133335
2026-01-05T00:18:35.614664,BUY,ATHUSDT,4390.0,,,45.379430000000006,1.8151772000000002,-1.8151772000000002,,907.4446357133335,905.6294585133335
2026-01-05T00:18:36.904036,BUY,ATUSDT,265.0,,,45.2779,2.263895,-2.263895,,905.6294585133335,903.3655635133334
2026-01-05T00:18:38.268573,BUY,AUCTIONUSDT,8.5,,,45.2115,1.80846,-1.80846,,903.3655635133334,901.5571035133335
2026-01-05T00:18:39.553024,BUY,AUSDT,254.0,,,45.069759999999995,0.9013952,-0.9013952,,901.5571035133335,900.6557083133334
2026-01-05T00:18:40.991456,BUY,AVLUSDT,543.0,,,45.04185,9.00837,-9.00837,,900.6557083133334,891.6473383133334
2026-01-05T00:18:42.446933,BUY,AVNTUSDT,127.0,,,44.4246,0.888492,-0.888492,,891.6473383133334,890.7588463133334
2026-01-05T00:18:43.859864,BUY,AWEUSDT,780.0,,,44.623799999999996,3.5699039999999997,-3.5699039999999997,,890.7588463133334,887.1889423133334
2026-01-05T00:18:45.189687,BUY,AXLUSDT,572.0,,,44.35288,1.7741152,-1.7741152,,887.1889423133334,885.4148271133334
2026-01-05T00:18:46.861413,BUY,AXSUSDT,46.0,,,44.298,0.8859600000000001,-0.8859600000000001,,885.4148271133334,884.5288671133335
2026-01-05T00:18:48.337121,BUY,B2USDT,62.0,,,44.4974,3.559792,-3.559792,,884.5288671133335,880.9690751133335
2026-01-05T00:18:49.755642,BUY,B3USDT,45300.0,,,44.045190000000005,2.2022595000000003,-2.2022595000000003,,880.9690751133335,878.7668156133335
2026-01-05T00:18:51.080337,BUY,BABYUSDT,2470.0,,,43.8919,1.755676,-1.755676,,878.7668156133335,877.0111396133335
2026-01-05T00:18:52.396393,BUY,BANANAS31USDT,10200.0,,,43.7376,2.18688,-2.18688,,877.0111396133335,874.8242596133335
2026-01-05T00:18:53.759234,BUY,BANANAUSDT,5.6,,,43.758399999999995,1.750336,-1.750336,,874.8242596133335,873.0739236133336
2026-01-05T00:18:55.226334,BUY,BANDUSDT,125.8,,,43.64002,1.7456008,-1.7456008,,873.0739236133336,871.3283228133336
2026-01-05T00:18:56.521264,BUY,BANUSDT,564.0,,,43.55208,3.4841664,-3.4841664,,871.3283228133336,867.8441564133335
2026-01-05T00:18:57.835370,BUY,BARDUSDT,53.0,,,43.354,0.86708,-0.86708,,867.8441564133335,866.9770764133335
2026-01-05T00:18:59.187674,BUY,BATUSDT,198.8,,,43.35828,1.7343312,-1.7343312,,866.9770764133335,865.2427452133335
2026-01-05T00:19:00.937119,BUY,BBUSDT,633.0,,,43.25922,1.7303688,-1.7303688,,865.2427452133335,863.5123764133335
2026-01-05T00:19:02.270920,BUY,BEAMUSDT,14000.0,,,43.106,2.1553,-2.1553,,863.5123764133335,861.3570764133335
2026-01-05T00:19:03.656653,BUY,BIOUSDT,853.0,,,43.085029999999996,0.8617005999999999,-0.8617005999999999,,861.3570764133335,860.4953758133336
2026-01-05T00:19:05.151693,BUY,BLUAIUSDT,7930.0,,,43.00439,2.1502195,-2.1502195,,860.4953758133336,858.3451563133335
2026-01-05T00:19:06.511978,BUY,BMTUSDT,1710.0,,,42.921,2.14605,-2.14605,,858.3451563133335,856.1991063133336
2026-01-05T00:19:07.843069,BUY,BOBBOBUSDT,3550.0,,,42.8485,2.1424250000000002,-2.1424250000000002,,856.1991063133336,854.0566813133336
2026-01-05T00:19:09.263703,BUY,BOMEUSDT,52400.0,,,42.721720000000005,0.8544344000000001,-0.8544344000000001,,854.0566813133336,853.2022469133336
2026-01-05T00:19:10.593422,BUY,BROCCOLIUSDT,1439.0,,,42.669228000000004,8.533845600000001,-8.533845600000001,,853.2022469133336,844.6684013133337
2026-01-05T00:19:12.256035,BUY,BRUSDT,689.0,,,42.2357,3.3788560000000003,-3.3788560000000003,,844.6684013133337,841.2895453133336
2026-01-05T00:19:13.533845,BUY,BTCUSDT,0.001,,,91.177,0.9117700000000001,-0.9117700000000001,,841.2895453133336,840.3777753133336
2026-01-05T00:19:15.055903,BUY,BTRUSDT,1284.0,,,42.01248,8.402496,-8.402496,,840.3777753133336,831.9752793133335
2026-01-05T00:19:16.340743,BUY,C98USDT,1700.0,,,41.599,1.6639599999999999,-1.6639599999999999,,831.9752793133335,830.3113193133336
2026-01-05T00:19:17.710772,BUY,CAMPUSDT,5574.0,,,41.515152,2.0757576,-2.0757576,,830.3113193133336,828.2355617133336
2026-01-05T00:19:19.104869,BUY,CARVUSDT,325.0,,,41.34975,1.65399,-1.65399,,828.2355617133336,826.5815717133336
2026-01-05T00:19:20.833688,BUY,CCUSDT,278.0,,,41.27188,1.6508752000000002,-1.6508752000000002,,826.5815717133336,824.9306965133336
2026-01-05T00:19:22.254056,BUY,CELOUSDT,317.9,,,41.24434599999999,1.6497738399999997,-1.6497738399999997,,824.9306965133336,823.2809226733336
2026-01-05T00:19:23.608398,BUY,CHRUSDT,902.7,,,41.163120000000006,2.0581560000000003,-2.0581560000000003,,823.2809226733336,821.2227666733336
2026-01-05T00:19:24.966831,BUY,CLANKERUSDT,1.18,,,41.0758,2.0537900000000002,-2.0537900000000002,,821.2227666733336,819.1689766733335
2026-01-05T00:19:26.240495,BUY,COAIUSDT,92.0,,,40.756,3.26048,-3.26048,,819.1689766733335,815.9084966733335
2026-01-05T00:19:27.514090,BUY,COMMONUSDT,11985.0,,,40.79694,2.039847,-2.039847,,815.9084966733335,813.8686496733335
2026-01-05T00:19:28.865037,BUY,COOKIEUSDT,867.0,,,40.67097,1.6268387999999998,-1.6268387999999998,,813.8686496733335,812.2418108733335
2026-01-05T00:19:30.217146,BUY,COTIUSDT,1803.0,,,40.603559999999995,1.6241423999999998,-1.6241423999999998,,812.2418108733335,810.6176684733335
2026-01-05T00:19:31.586275,BUY,CROSSUSDT,293.0,,,40.5219,2.026095,-2.026095,,810.6176684733335,808.5915734733335
2026-01-05T00:19:33.075600,BUY,CROUSDT,381.0,,,40.385999999999996,1.6154399999999998,-1.6154399999999998,,808.5915734733335,806.9761334733334
2026-01-05T00:19:34.494246,BUY,CTSIUSDT,1139.0,,,40.33199,8.066398,-8.066398,,806.9761334733334,798.9097354733334
2026-01-05T00:19:36.025896,BUY,CUDISUSDT,1350.0,,,39.9735,1.998675,-1.998675,,798.9097354733334,796.9110604733334
2026-01-05T00:19:37.465466,BUY,CUSDT,408.0,,,39.820800000000006,3.1856640000000005,-3.1856640000000005,,796.9110604733334,793.7253964733334
2026-01-05T00:19:38.739599,BUY,CVCUSDT,888.0,,,39.70248,1.985124,-1.985124,,793.7253964733334,791.7402724733333
2026-01-05T00:19:40.165122,BUY,CYBERUSDT,50.4,,,39.56904,1.5827616,-1.5827616,,791.7402724733333,790.1575108733333
2026-01-05T00:19:41.459435,BUY,DASHUSDT,0.92,,,39.6704,1.586816,-1.586816,,790.1575108733333,788.5706948733333
2026-01-05T00:19:43.435251,BUY,DEGENUSDT,26830.0,,,39.432051,1.57728204,-1.57728204,,788.5706948733333,786.9934128333333
2026-01-05T00:19:44.745080,BUY,DEXEUSDT,11.7,,,39.3354,1.96677,-1.96677,,786.9934128333333,785.0266428333333
2026-01-05T00:19:46.153616,BUY,DIAUSDT,131.0,,,39.2869,1.9643450000000002,-1.9643450000000002,,785.0266428333333,783.0622978333333
2026-01-05T00:19:47.503748,BUY,DOGEUSDT,263.0,,,39.13703,0.5218270666666667,-0.5218270666666667,,783.0622978333333,782.5404707666667
2026-01-05T00:19:49.223848,BUY,DOODUSDT,6140.0,,,39.13022,3.1304176,-3.1304176,,782.5404707666667,779.4100531666667
2026-01-05T00:19:50.479171,BUY,DRIFTUSDT,220.0,,,38.896,1.5558400000000001,-1.5558400000000001,,779.4100531666667,777.8542131666667
2026-01-05T00:19:52.181630,BUY,DUSKUSDT,786.0,,,38.89128,3.1113024,-3.1113024,,777.8542131666667,774.7429107666667
2026-01-05T00:19:53.499844,BUY,DYMUSDT,503.9,,,38.734792999999996,1.5493917199999998,-1.5493917199999998,,774.7429107666667,773.1935190466667
2026-01-05T00:19:54.861262,BUY,EDUUSDT,238.1,,,38.653154,1.9326577,-1.9326577,,773.1935190466667,771.2608613466666
2026-01-05T00:19:56.179313,BUY,EIGENUSDT,92.0,,,38.6676,0.773352,-0.773352,,771.2608613466666,770.4875093466666
2026-01-05T00:19:57.619164,BUY,ENAUSDT,155.0,,,38.471000000000004,0.7694200000000001,-0.7694200000000001,,770.4875093466666,769.7180893466666
2026-01-05T00:19:59.094496,BUY,ENJUSDT,1236.3,,,38.486019,1.92430095,-1.92430095,,769.7180893466666,767.7937883966666
2026-01-05T00:20:00.381151,BUY,ENSOUSDT,54.5,,,38.40615,0.7681229999999999,-0.7681229999999999,,767.7937883966666,767.0256653966667
2026-01-05T00:20:01.820541,BUY,EPTUSDT,18300.0,,,38.35680000000001,7.671360000000002,-7.671360000000002,,767.0256653966667,759.3543053966666
2026-01-05T00:20:03.212158,BUY,ESPORTSUSDT,85.0,,,38.012,1.9006,-1.9006,,759.3543053966666,757.4537053966666
2026-01-05T00:20:04.617230,BUY,ETCUSDT,3.0,,,38.409000000000006,0.7681800000000001,-0.7681800000000001,,757.4537053966666,756.6855253966665
2026-01-05T00:20:05.979018,BUY,ETHBTCUSDT,1100.0,,,37.911500000000004,1.5164600000000001,-1.5164600000000001,,756.6855253966665,755.1690653966665
2026-01-05T00:20:07.337622,BUY,EULUSDT,12.6,,,37.7874,1.511496,-1.511496,,755.1690653966665,753.6575693966665
2026-01-05T00:20:08.782704,BUY,EVAAUSDT,32.2,,,37.719080000000005,1.8859540000000004,-1.8859540000000004,,753.6575693966665,751.7716153966666
2026-01-05T00:20:10.087828,BUY,FARTCOINUSDT,102.0,,,37.6278,0.501704,-0.501704,,751.7716153966666,751.2699113966665
2026-01-05T00:20:11.591223,BUY,FIDAUSDT,993.0,,,37.55526,1.8777629999999998,-1.8777629999999998,,751.2699113966665,749.3921483966666
2026-01-05T00:20:12.916111,BUY,FIOUSDT,3120.0,,,37.46808,2.9974464,-2.9974464,,749.3921483966666,746.3947019966666
2026-01-05T00:20:14.231701,BUY,FLOCKUSDT,402.0,,,37.29354,1.4917416000000001,-1.4917416000000001,,746.3947019966666,744.9029603966667
2026-01-05T00:20:15.571390,BUY,FLRUSDT,3220.0,,,37.2876,1.86438,-1.86438,,744.9029603966667,743.0385803966667
2026-01-05T00:20:16.892003,BUY,FLUXUSDT,339.0,,,37.19508,1.859754,-1.859754,,743.0385803966667,741.1788263966668
2026-01-05T00:20:18.276551,BUY,FOLKSUSDT,9.2,,,37.057599999999994,1.8528799999999996,-1.8528799999999996,,741.1788263966668,739.3259463966667
2026-01-05T00:20:19.505729,BUY,FORMUSDT,97.0,,,37.0443,1.852215,-1.852215,,739.3259463966667,737.4737313966667
2026-01-05T00:20:20.833347,BUY,FUSDT,5121.0,,,36.8712,1.4748480000000002,-1.4748480000000002,,737.4737313966667,735.9988833966668
2026-01-05T00:20:22.228168,BUY,GALAUSDT,4977.0,,,36.799938000000004,0.4906658400000001,-0.4906658400000001,,735.9988833966668,735.5082175566668
2026-01-05T00:20:23.552542,BUY,GIGAUSDT,7190.0,,,36.79842,1.4719368,-1.4719368,,735.5082175566668,734.0362807566668
2026-01-05T00:20:24.932977,BUY,GMXUSDT,4.51,,,36.670809999999996,1.8335404999999998,-1.8335404999999998,,734.0362807566668,732.2027402566667
2026-01-05T00:20:26.374858,BUY,GNOUSDT,0.263,,,36.58856,7.317712,-7.317712,,732.2027402566667,724.8850282566667
2026-01-05T00:20:27.830733,BUY,GOATUSDT,838.0,,,36.26026,0.7252052,-0.7252052,,724.8850282566667,724.1598230566667
2026-01-05T00:20:29.197356,BUY,GPSUSDT,6221.0,,,36.206219999999995,1.8103109999999998,-1.8103109999999998,,724.1598230566667,722.3495120566668
2026-01-05T00:20:30.490347,BUY,GRTUSDT,887.0,,,36.11864,1.4447456,-1.4447456,,722.3495120566668,720.9047664566667
2026-01-05T00:20:31.837377,BUY,HEMIUSDT,1950.0,,,36.053549999999994,1.4421419999999998,-1.4421419999999998,,720.9047664566667,719.4626244566667
2026-01-05T00:20:33.264638,BUY,HIPPOUSDT,29650.0,,,35.968415,1.79842075,-1.79842075,,719.4626244566667,717.6642037066667
2026-01-05T00:20:34.648988,BUY,HNTUSDT,22.9,,,35.884299999999996,2.8707439999999997,-2.8707439999999997,,717.6642037066667,714.7934597066668
2026-01-05T00:20:36.063923,BUY,HOMEUSDT,1550.0,,,35.774,1.43096,-1.43096,,714.7934597066668,713.3624997066668
2026-01-05T00:20:37.344448,BUY,HPOS10IUSDT,717.0,,,35.68509,2.8548072,-2.8548072,,713.3624997066668,710.5076925066668
2026-01-05T00:20:38.679028,BUY,HUSDT,210.0,,,35.5992,1.7799600000000002,-1.7799600000000002,,710.5076925066668,708.7277325066668
2026-01-05T00:20:40.109672,BUY,IDEXUSDT,3750.0,,,35.471250000000005,7.094250000000001,-7.094250000000001,,708.7277325066668,701.6334825066668
2026-01-05T00:20:41.510005,BUY,IMXUSDT,127.6,,,35.09,0.7018000000000001,-0.7018000000000001,,701.6334825066668,700.9316825066668
2026-01-05T00:20:42.868410,BUY,IOSTUSDT,19057.0,,,35.045823,2.80366584,-2.80366584,,700.9316825066668,698.1280166666668
2026-01-05T00:20:44.273038,BUY,IOTAUSDT,343.3,,,34.910177000000004,1.3964070800000001,-1.3964070800000001,,698.1280166666668,696.7316095866668
2026-01-05T00:20:45.553556,BUY,IOUSDT,198.0,,,34.83612,1.3934448000000001,-1.3934448000000001,,696.7316095866668,695.3381647866668
2026-01-05T00:20:46.875509,BUY,IPUSDT,16.4,,,34.856559999999995,0.6971311999999998,-0.6971311999999998,,695.3381647866668,694.6410335866668
2026-01-05T00:20:48.165684,BUY,IRYSUSDT,950.0,,,34.70825,1.7354125,-1.7354125,,694.6410335866668,692.9056210866668
2026-01-05T00:20:49.522178,BUY,JCTUSDT,16500.0,,,34.5675,1.7283750000000002,-1.7283750000000002,,692.9056210866668,691.1772460866667
2026-01-05T00:20:50.836000,BUY,JELLYJELLYUSDT,536.0,,,34.543592000000004,1.7271796000000001,-1.7271796000000001,,691.1772460866667,689.4500664866667
2026-01-05T00:20:52.223491,BUY,JSTUSDT,840.0,,,34.389599999999994,1.3755839999999997,-1.3755839999999997,,689.4500664866667,688.0744824866667
2026-01-05T00:20:53.537250,BUY,KAIAUSDT,552.0,,,34.4172,0.6883440000000001,-0.6883440000000001,,688.0744824866667,687.3861384866667
2026-01-05T00:20:55.239378,BUY,KAITOUSDT,63.0,,,34.1838,0.45578399999999997,-0.45578399999999997,,687.3861384866667,686.9303544866667
2026-01-05T00:20:56.625478,BUY,KASUSDT,700.0,,,34.517,0.6903400000000001,-0.6903400000000001,,686.9303544866667,686.2400144866667
2026-01-05T00:20:57.975511,BUY,KAVAUSDT,405.1,,,34.31197,1.3724788,-1.3724788,,686.2400144866667,684.8675356866668
2026-01-05T00:20:59.408800,BUY,KERNELUSDT,468.0,,,34.22952,1.3691808,-1.3691808,,684.8675356866668,683.4983548866668
2026-01-05T00:21:00.732378,BUY,KGENUSDT,168.0,,,34.2384,1.7119199999999999,-1.7119199999999999,,683.4983548866668,681.7864348866668
2026-01-05T00:21:02.118236,BUY,KITEUSDT,362.0,,,34.10402,0.6820803999999999,-0.6820803999999999,,681.7864348866668,681.1043544866668
2026-01-05T00:21:03.483034,BUY,KMNOUSDT,570.0,,,34.1886,1.367544,-1.367544,,681.1043544866668,679.7368104866669
2026-01-05T00:21:04.858765,BUY,KNCUSDT,138.9,,,33.98883,1.3595532,-1.3595532,,679.7368104866669,678.3772572866668
2026-01-05T00:21:06.253860,BUY,LAUSDT,103.2,,,33.92184,1.3568736000000001,-1.3568736000000001,,678.3772572866668,677.0203836866668
2026-01-05T00:21:07.750793,BUY,LDOUSDT,53.6,,,33.82696,0.6765392,-0.6765392,,677.0203836866668,676.3438444866669
2026-01-05T00:21:09.074780,BUY,LINEAUSDT,4650.0,,,33.81015,0.450802,-0.450802,,676.3438444866669,675.8930424866669
2026-01-05T00:21:10.344396,BUY,LISTAUSDT,189.0,,,33.7365,1.3494599999999999,-1.3494599999999999,,675.8930424866669,674.5435824866669
2026-01-05T00:21:11.725089,BUY,LTCUSDT,0.4,,,32.792,0.65584,-0.65584,,674.5435824866669,673.8877424866669
2026-01-05T00:21:13.049634,BUY,LUNA2USDT,349.6,,,33.694448,1.34777792,-1.34777792,,673.8877424866669,672.5399645666669
2026-01-05T00:21:14.536269,BUY,MANAUSDT,240.7,,,33.625789999999995,1.3450315999999998,-1.3450315999999998,,672.5399645666669,671.1949329666669
2026-01-05T00:21:15.873406,BUY,MANTAUSDT,402.5,,,33.560449999999996,1.342418,-1.342418,,671.1949329666669,669.852514966667
2026-01-05T00:21:17.272158,BUY,MASKUSDT,50.8,,,33.502599999999994,1.3401039999999997,-1.3401039999999997,,669.852514966667,668.512410966667
2026-01-05T00:21:18.551849,BUY,MAVIAUSDT,476.6,,,33.423958,1.6711979,-1.6711979,,668.512410966667,666.8412130666669
2026-01-05T00:21:20.020565,BUY,MBOXUSDT,1005.0,,,33.3459,1.667295,-1.667295,,666.8412130666669,665.1739180666669
2026-01-05T00:21:21.523301,BUY,MERLUSDT,131.1,,,33.269247,1.33076988,-1.33076988,,665.1739180666669,663.8431481866669
2026-01-05T00:21:23.127718,BUY,MEUSDT,146.0,,,33.0836,1.3233439999999999,-1.3233439999999999,,663.8431481866669,662.5198041866669
2026-01-05T00:21:24.383703,BUY,MINAUSDT,393.7,,,33.121981,1.32487924,-1.32487924,,662.5198041866669,661.1949249466669
2026-01-05T00:21:25.754637,BUY,MITOUSDT,477.0,,,33.06564,1.6532820000000001,-1.6532820000000001,,661.1949249466669,659.5416429466669
2026-01-05T00:21:27.169217,BUY,MNTUSDT,31.8,,,32.99250000000001,1.3197000000000003,-1.3197000000000003,,659.5416429466669,658.2219429466669
2026-01-05T00:21:28.547964,BUY,MOCAUSDT,1513.0,,,32.90775,1.31631,-1.31631,,658.2219429466669,656.9056329466669
2026-01-05T00:21:30.013380,BUY,MONUSDT,1131.0,,,32.84424,0.6568847999999999,-0.6568847999999999,,656.9056329466669,656.2487481466669
2026-01-05T00:21:31.365590,BUY,MOVRUSDT,12.1,,,32.7063,1.6353149999999999,-1.6353149999999999,,656.2487481466669,654.6134331466669
2026-01-05T00:21:32.648103,BUY,MUSDT,21.0,,,33.1611,1.6580549999999998,-1.6580549999999998,,654.6134331466669,652.9553781466669
2026-01-05T00:21:34.372574,BUY,NEWTUSDT,312.0,,,32.6976,1.307904,-1.307904,,652.9553781466669,651.6474741466669
2026-01-05T00:21:35.768754,BUY,NFPUSDT,1221.7,,,32.582739000000004,1.6291369500000001,-1.6291369500000001,,651.6474741466669,650.018337196667
2026-01-05T00:21:37.103845,BUY,NILUSDT,420.0,,,32.5122,1.62561,-1.62561,,650.018337196667,648.3927271966669
2026-01-05T00:21:38.823556,BUY,NKNUSDT,2493.0,,,32.421465,6.484292999999999,-6.484292999999999,,648.3927271966669,641.9084341966669
2026-01-05T00:21:40.229483,BUY,NMRUSDT,3.2,,,32.3168,1.292672,-1.292672,,641.9084341966669,640.6157621966669
2026-01-05T00:21:41.664894,BUY,NOMUSDT,3850.0,,,31.98965,1.2795860000000001,-1.2795860000000001,,640.6157621966669,639.3361761966669
2026-01-05T00:21:42.975099,BUY,NTRNUSDT,1102.0,,,31.96902,6.393804,-6.393804,,639.3361761966669,632.9423721966668
2026-01-05T00:21:44.526265,BUY,NXPCUSDT,80.7,,,31.666680000000003,1.2666672,-1.2666672,,632.9423721966668,631.6757049966668
2026-01-05T00:21:45.963961,BUY,OKBUSDT,0.28,,,31.805200000000003,1.272208,-1.272208,,631.6757049966668,630.4034969966668
2026-01-05T00:21:47.279374,BUY,OMUSDT,399.0,,,31.50903,0.6301806,-0.6301806,,630.4034969966668,629.7733163966668
2026-01-05T00:21:48.640969,BUY,ONEUSDT,7508.0,,,31.488552,2.51908416,-2.51908416,,629.7733163966668,627.2542322366668
2026-01-05T00:21:50.052870,BUY,ONGUSDT,355.0,,,31.33585,1.5667925,-1.5667925,,627.2542322366668,625.6874397366668
2026-01-05T00:21:51.513765,BUY,OPENUSDT,180.0,,,31.212,1.24848,-1.24848,,625.6874397366668,624.4389597366668
2026-01-05T00:21:52.887865,BUY,ORCAUSDT,27.0,,,31.1688,1.246752,-1.246752,,624.4389597366668,623.1922077366668
2026-01-05T00:21:54.662147,BUY,ORDERUSDT,298.0,,,31.17974,1.8704103179364124,-1.8704103179364124,,623.1922077366668,621.3217974187304
2026-01-05T00:21:55.948687,BUY,OXTUSDT,1220.0,,,31.012400000000003,2.480992,-2.480992,,621.3217974187304,618.8408054187304
2026-01-05T00:21:57.329011,BUY,PARTIUSDT,286.0,,,30.933760000000003,1.546688,-1.546688,,618.8408054187304,617.2941174187304
2026-01-05T00:21:58.654280,BUY,PIEVERSEUSDT,43.0,,,30.9944,1.239776,-1.239776,,617.2941174187304,616.0543414187304
2026-01-05T00:21:59.990532,BUY,PIXELUSDT,3196.0,,,30.806244,1.23224976,-1.23224976,,616.0543414187304,614.8220916587304
2026-01-05T00:22:01.281817,BUY,PLUMEUSDT,1716.0,,,30.733559999999997,0.6146712,-0.6146712,,614.8220916587304,614.2074204587304
2026-01-05T00:22:02.718827,BUY,POLYXUSDT,514.0,,,30.72178,2.4577424,-2.4577424,,614.2074204587304,611.7496780587304
2026-01-05T00:22:04.079297,BUY,POPCATUSDT,278.0,,,30.54942,0.6109884,-0.6109884,,611.7496780587304,611.1386896587304
2026-01-05T00:22:05.528455,BUY,POWRUSDT,343.0,,,30.540719999999997,2.4432576,-2.4432576,,611.1386896587304,608.6954320587304
2026-01-05T00:22:06.978909,BUY,PROMUSDT,3.7,,,30.6064,1.5303200000000001,-1.5303200000000001,,608.6954320587304,607.1651120587304
2026-01-05T00:22:08.752338,BUY,PUFFERUSDT,508.0,,,30.34284,1.517142,-1.517142,,607.1651120587304,605.6479700587304
2026-01-05T00:22:10.078917,BUY,PUMPBTCUSDT,1010.0,,,30.138399999999997,2.411072,-2.411072,,605.6479700587304,603.2368980587304
2026-01-05T00:22:11.413550,BUY,PUMPFUNUSDT,12900.0,,,30.121499999999997,0.40162,-0.40162,,603.2368980587304,602.8352780587304
2026-01-05T00:22:12.805928,BUY,PYTHUSDT,445.0,,,30.113149999999997,0.602263,-0.602263,,602.8352780587304,602.2330150587304
2026-01-05T00:22:14.202834,BUY,QNTUSDT,0.39,,,30.3069,1.8180503899220153,-1.8180503899220153,,602.2330150587304,600.4149646688084
2026-01-05T00:22:15.475606,BUY,QTUMUSDT,21.6,,,30.036960000000004,1.2014784,-1.2014784,,600.4149646688084,599.2134862688083
2026-01-05T00:22:17.188387,BUY,QUSDT,1660.0,,,29.8883,1.494415,-1.494415,,599.2134862688083,597.7190712688083
2026-01-05T00:22:18.527517,BUY,RAREUSDT,1325.0,,,29.892,1.19568,-1.19568,,597.7190712688083,596.5233912688083
2026-01-05T00:22:20.113002,BUY,RDNTUSDT,2856.0,,,29.828064,1.4914032000000002,-1.4914032000000002,,596.5233912688083,595.0319880688082
2026-01-05T00:22:21.508903,BUY,RLCUSDT,43.1,,,29.738999999999997,2.37912,-2.37912,,595.0319880688082,592.6528680688083
2026-01-05T00:22:23.067575,BUY,ROAMUSDT,499.0,,,29.6406,5.92812,-5.92812,,592.6528680688083,586.7247480688083
2026-01-05T00:22:24.821271,BUY,ROSEUSDT,2338.0,,,29.33021,1.1732084,-1.1732084,,586.7247480688083,585.5515396688082
2026-01-05T00:22:26.127667,BUY,RUNEUSDT,49.5,,,29.269350000000003,1.1707740000000002,-1.1707740000000002,,585.5515396688082,584.3807656688082
2026-01-05T00:22:27.521305,BUY,RVNUSDT,3747.0,,,29.215359,1.16861436,-1.16861436,,584.3807656688082,583.2121513088082
2026-01-05T00:22:28.895415,BUY,SAROSUSDT,6580.0,,,29.162560000000003,5.832512,-5.832512,,583.2121513088082,577.3796393088082
2026-01-05T00:22:30.251976,BUY,SCRUSDT,362.5,,,28.865875000000003,1.44329375,-1.44329375,,577.3796393088082,575.9363455588083
2026-01-05T00:22:31.643475,BUY,SCUSDT,17480.0,,,28.78956,1.439478,-1.439478,,575.9363455588083,574.4968675588083
2026-01-05T00:22:33.238815,BUY,SFPUSDT,79.6,,,28.735599999999998,2.298848,-2.298848,,574.4968675588083,572.1980195588083
2026-01-05T00:22:34.584511,BUY,SIRENUSDT,379.0,,,28.606920000000002,5.7213840000000005,-5.7213840000000005,,572.1980195588083,566.4766355588083
2026-01-05T00:22:36.028789,BUY,SKLUSDT,2579.0,,,28.327736,1.1331094400000001,-1.1331094400000001,,566.4766355588083,565.3435261188083
2026-01-05T00:22:37.350684,BUY,SLPUSDT,32400.0,,,28.269000000000002,1.41345,-1.41345,,565.3435261188083,563.9300761188083
2026-01-05T00:22:38.744473,BUY,SOLAYERUSDT,156.0,,,28.142400000000002,1.125696,-1.125696,,563.9300761188083,562.8043801188084
2026-01-05T00:22:40.061290,BUY,SOLVUSDT,2066.0,,,28.136854,1.12547416,-1.12547416,,562.8043801188084,561.6789059588084
2026-01-05T00:22:41.328265,BUY,SOMIUSDT,107.8,,,28.0819,0.561638,-0.561638,,561.6789059588084,561.1172679588084
2026-01-05T00:22:42.718814,BUY,SSVUSDT,6.14,,,28.04138,1.1216552,-1.1216552,,561.1172679588084,559.9956127588084
2026-01-05T00:22:44.206476,BUY,STGUSDT,231.4,,,27.9994,1.119976,-1.119976,,559.9956127588084,558.8756367588085
2026-01-05T00:22:45.582795,BUY,STOUSDT,356.0,,,27.93532,1.396766,-1.396766,,558.8756367588085,557.4788707588085
2026-01-05T00:22:46.899045,BUY,SUPERUSDT,123.0,,,27.945600000000002,1.1178240000000002,-1.1178240000000002,,557.4788707588085,556.3610467588085
2026-01-05T00:22:48.238539,BUY,SWARMSUSDT,1700.0,,,27.8239,1.391195,-1.391195,,556.3610467588085,554.9698517588084
2026-01-05T00:22:49.770184,BUY,SYRUPUSDT,74.0,,,27.767760000000003,1.1107104,-1.1107104,,554.9698517588084,553.8591413588084
2026-01-05T00:22:51.188082,BUY,TACUSDT,5910.0,,,27.68835,2.215068,-2.215068,,553.8591413588084,551.6440733588084
2026-01-05T00:22:53.016812,BUY,TAOUSDT,0.104,,,27.529839999999997,0.5505967999999999,-0.5505967999999999,,551.6440733588084,551.0934765588084
2026-01-05T00:22:54.375575,BUY,TAUSDT,994.0,,,27.55368,5.510736,-5.510736,,551.0934765588084,545.5827405588085
2026-01-05T00:22:55.812382,BUY,THETAUSDT,91.1,,,27.27534,1.0910136,-1.0910136,,545.5827405588085,544.4917269588085
2026-01-05T00:22:57.237249,BUY,TLMUSDT,10231.0,,,27.224691,2.17797528,-2.17797528,,544.4917269588085,542.3137516788084
2026-01-05T00:22:58.557147,BUY,TOWNSUSDT,4180.0,,,27.086399999999998,5.41728,-5.41728,,542.3137516788084,536.8964716788084
2026-01-05T00:22:59.881174,BUY,TRUMPUSDT,5.0,,,26.974999999999998,0.5395,-0.5395,,536.8964716788084,536.3569716788085
2026-01-05T00:23:01.354761,BUY,TUTUSDT,1404.0,,,26.822015999999998,1.3411008,-1.3411008,,536.3569716788085,535.0158708788084
2026-01-05T00:23:02.715962,BUY,UAIUSDT,172.0,,,26.756320000000002,1.0702528,-1.0702528,,535.0158708788084,533.9456180788084
2026-01-05T00:23:04.209545,BUY,UNIUSDT,4.6,,,26.7352,0.534704,-0.534704,,533.9456180788084,533.4109140788083
2026-01-05T00:23:05.974515,BUY,USUALUSDT,957.0,,,26.67159,1.0668636,-1.0668636,,533.4109140788083,532.3440504788083
2026-01-05T00:23:07.388097,BUY,USUSDT,4110.0,,,26.64513,1.0658052,-1.0658052,,532.3440504788083,531.2782452788083
2026-01-05T00:23:08.701831,BUY,VANRYUSDT,3117.0,,,26.563074,1.3281537,-1.3281537,,531.2782452788083,529.9500915788083
2026-01-05T00:23:10.249014,BUY,VFYUSDT,912.0,,,26.51184,1.3255919999999999,-1.3255919999999999,,529.9500915788083,528.6244995788082
2026-01-05T00:23:11.669692,BUY,VIRTUALUSDT,29.0,,,26.2073,0.524146,-0.524146,,528.6244995788082,528.1003535788083
2026-01-05T00:23:13.525222,BUY,VVVUSDT,13.73,,,26.402790000000003,1.3201395000000002,-1.3201395000000002,,528.1003535788083,526.7802140788083
2026-01-05T00:23:14.862154,BUY,WALUSDT,190.0,,,26.296,1.0518399999999999,-1.0518399999999999,,526.7802140788083,525.7283740788083
2026-01-05T00:23:16.177301,BUY,WETUSDT,141.0,,,26.3388,0.526776,-0.526776,,525.7283740788083,525.2015980788083
2026-01-05T00:23:17.513363,BUY,WLFIUSDT,154.0,,,26.23082,0.3497442666666667,-0.3497442666666667,,525.2015980788083,524.8518538121416
2026-01-05T00:23:19.059923,BUY,XCNUSDT,4840.0,,,26.261840000000003,5.252368000000001,-5.252368000000001,,524.8518538121416,519.5994858121416
2026-01-05T00:23:20.563931,BUY,XMRUSDT,0.06,,,25.226999999999997,1.00908,-1.00908,,519.5994858121416,518.5904058121415
2026-01-05T00:23:21.828765,BUY,XNYUSDT,6850.0,,,25.92725,5.18545,-5.18545,,518.5904058121415,513.4049558121416
2026-01-05T00:23:23.361928,BUY,XPINUSDT,10300.0,,,25.609920000000002,1.280496,-1.280496,,513.4049558121416,512.1244598121416
2026-01-05T00:23:24.693423,BUY,XPLUSDT,132.0,,,25.67928,0.3423904,-0.3423904,,512.1244598121416,511.7820694121416
2026-01-05T00:23:26.067990,BUY,XTZUSDT,46.9,,,25.574569999999998,1.0229827999999999,-1.0229827999999999,,511.7820694121416,510.7590866121416
2026-01-05T00:23:27.590334,BUY,XVSUSDT,5.6,,,25.625599999999995,2.0500479999999994,-2.0500479999999994,,510.7590866121416,508.70903861214157
2026-01-05T00:23:28.877730,BUY,YBUSDT,56.8,,,25.457759999999997,1.0183103999999998,-1.0183103999999998,,508.70903861214157,507.69072821214155
2026-01-05T00:23:30.216471,BUY,YGGUSDT,347.8,,,25.382444000000003,1.0152977600000002,-1.0152977600000002,,507.69072821214155,506.67543045214154
2026-01-05T00:23:31.609484,BUY,ZENUSDT,2.8,,,25.608800000000002,1.0243520000000002,-1.0243520000000002,,506.67543045214154,505.6510784521415
2026-01-05T00:23:32.900597,BUY,ZEREBROUSDT,914.0,,,25.272100000000002,2.0217680000000002,-2.0217680000000002,,505.6510784521415,503.6293104521415
2026-01-05T00:23:34.257636,BUY,ZEUSUSDT,1429.0,,,25.17898,5.0357959999999995,-5.0357959999999995,,503.6293104521415,498.5935144521415
2026-01-05T00:23:35.574561,BUY,ZILUSDT,4810.0,,,24.93504,0.9974016,-0.9974016,,498.5935144521415,497.5961128521415
2026-01-05T00:23:36.973595,BUY,ZORAUSDT,580.0,,,24.95392,0.9981568,-0.9981568,,497.5961128521415,496.5979560521415
2026-01-05T00:24:39.466071,BUY,0GUSDT,25.3,,,24.819300000000002,0.49638600000000005,-0.49638600000000005,,496.5979560521415,496.10157005214154
2026-01-05T00:24:41.349773,BUY,1000000CHEEMSUSDT,23.0,,,24.6146,1.969168,-1.969168,,496.10157005214154,494.1324020521415
2026-01-05T00:24:42.639022,BUY,1000000MOGUSDT,74.0,,,24.6938,0.493876,-0.493876,,494.1324020521415,493.6385260521415
2026-01-05T00:24:44.360622,BUY,1000BONKUSDT,2100.0,,,25.134900000000002,0.5026980000000001,-0.5026980000000001,,493.6385260521415,493.1358280521415
2026-01-05T00:24:46.039249,BUY,1000PEPEUSDT,3500.0,,,25.0005,0.50001,-0.50001,,493.1358280521415,492.63581805214153
2026-01-05T00:24:47.881356,BUY,1000TOSHIUSDT,66.0,,,24.7896,0.495792,-0.495792,,492.63581805214153,492.14002605214154
2026-01-05T00:24:49.174123,BUY,1000XECUSDT,2110.0,,,24.65535,1.9724279999999998,-1.9724279999999998,,492.14002605214154,490.16759805214156
2026-01-05T00:24:50.514533,BUY,1000XUSDT,1170.0,,,24.6051,4.92102,-4.92102,,490.16759805214156,485.24657805214156
2026-01-05T00:24:51.943790,BUY,1INCHUSDT,153.7,,,24.26923,0.9707692,-0.9707692,,485.24657805214156,484.27580885214155
2026-01-05T00:24:53.305546,BUY,A2ZUSDT,14900.0,,,24.20505,4.84101,-4.84101,,484.27580885214155,479.43479885214157
2026-01-05T00:24:54.601378,BUY,AAVEUSDT,0.15,,,24.615,0.3282,-0.3282,,479.43479885214157,479.1065988521416
2026-01-05T00:24:56.027292,BUY,ACEUSDT,82.8,,,23.96232,0.9584927999999999,-0.9584927999999999,,479.1065988521416,478.1481060521416
2026-01-05T00:24:57.503876,BUY,ACHUSDT,2710.0,,,23.92117,0.9568468,-0.9568468,,478.1481060521416,477.1912592521416
2026-01-05T00:24:59.093947,BUY,ACXUSDT,441.0,,,23.84046,1.192023,-1.192023,,477.1912592521416,475.9992362521416
2026-01-05T00:25:00.865134,BUY,AGLDUSDT,82.4,,,23.797120000000003,1.1898560000000002,-1.1898560000000002,,475.9992362521416,474.8093802521416
2026-01-05T00:25:02.243765,BUY,AIOUSDT,200.0,,,23.788,4.7576,-4.7576,,474.8093802521416,470.05178025214155
2026-01-05T00:25:03.540111,BUY,AIOZUSDT,216.0,,,23.5548,1.17774,-1.17774,,470.05178025214155,468.8740402521415
2026-01-05T00:25:04.853006,BUY,ALCHUSDT,201.0,,,23.39037,1.1695185000000001,-1.1695185000000001,,468.8740402521415,467.70452175214155
2026-01-05T00:25:06.171109,BUY,ALGOUSDT,172.0,,,23.38512,0.4677024,-0.4677024,,467.70452175214155,467.23681935214154
2026-01-05T00:25:07.518405,BUY,ALICEUSDT,128.1,,,23.36544,1.168272,-1.168272,,467.23681935214154,466.06854735214154
2026-01-05T00:25:09.153608,BUY,ALPINEUSDT,37.6,,,23.312,1.1656,-1.1656,,466.06854735214154,464.90294735214155
2026-01-05T00:25:10.469389,BUY,ANIMEUSDT,3148.0,,,23.244832,0.9297932799999999,-0.9297932799999999,,464.90294735214155,463.97315407214154
2026-01-05T00:25:11.895008,BUY,ANKRUSDT,3354.0,,,23.199618,0.92798472,-0.92798472,,463.97315407214154,463.04516935214156
2026-01-05T00:25:13.255903,BUY,APEUSDT,104.9,,,23.161920000000002,0.46323840000000005,-0.46323840000000005,,463.04516935214156,462.58193095214153
2026-01-05T00:25:14.803812,BUY,APEXUSDT,42.3,,,23.1381,0.925524,-0.925524,,462.58193095214153,461.65640695214154
2026-01-05T00:25:16.085433,BUY,API3USDT,48.8,,,23.10192,0.9240768,-0.9240768,,461.65640695214154,460.7323301521415
2026-01-05T00:25:17.417609,BUY,APRUSDT,164.0,,,23.017400000000002,0.9206960000000001,-0.9206960000000001,,460.7323301521415,459.8116341521415
2026-01-05T00:25:18.931866,BUY,APTUSDT,11.87,,,22.99219,0.4598438,-0.4598438,,459.8116341521415,459.3517903521415
2026-01-05T00:25:20.215791,BUY,ARCUSDT,641.0,,,22.95421,1.8363368,-1.8363368,,459.3517903521415,457.5154535521415
2026-01-05T00:25:21.530656,BUY,ARPAUSDT,1720.0,,,22.87428,4.574856,-4.574856,,457.5154535521415,452.94059755214147
2026-01-05T00:25:23.005671,BUY,ARUSDT,5.7,,,22.6176,0.904704,-0.904704,,452.94059755214147,452.0358935521415
2026-01-05T00:25:24.491051,BUY,ASPUSDT,501.0,,,22.59009,1.1295045,-1.1295045,,452.0358935521415,450.9063890521415
2026-01-05T00:25:25.934490,BUY,ASTERUSDT,29.0,,,22.5823,0.30109733333333333,-0.30109733333333333,,450.9063890521415,450.60529171880813
2026-01-05T00:25:27.301579,BUY,ATHUSDT,2180.0,,,22.539019999999997,0.9015607999999999,-0.9015607999999999,,450.60529171880813,449.7037309188081
2026-01-05T00:25:28.680440,BUY,ATUSDT,132.0,,,22.553520000000002,1.1276760000000001,-1.1276760000000001,,449.7037309188081,448.5760549188081
2026-01-05T00:25:30.026598,BUY,AUCTIONUSDT,4.2,,,22.356600000000004,0.8942640000000002,-0.8942640000000002,,448.5760549188081,447.6817909188081
2026-01-05T00:25:31.488965,BUY,AUSDT,126.0,,,22.3902,0.447804,-0.447804,,447.6817909188081,447.23398691880806
2026-01-05T00:25:32.806815,BUY,AVLUSDT,270.0,,,22.3965,4.4793,-4.4793,,447.23398691880806,442.75468691880803
2026-01-05T00:25:34.074497,BUY,AVNTUSDT,63.0,,,22.0563,0.441126,-0.441126,,442.75468691880803,442.31356091880804
2026-01-05T00:25:35.406661,BUY,AWEUSDT,390.0,,,22.311899999999998,1.7849519999999999,-1.7849519999999999,,442.31356091880804,440.52860891880806
2026-01-05T00:25:36.806152,BUY,AXLUSDT,284.0,,,22.03556,0.8814224,-0.8814224,,440.52860891880806,439.64718651880804
2026-01-05T00:25:38.101909,BUY,AXSUSDT,22.8,,,21.98832,0.43976640000000006,-0.43976640000000006,,439.64718651880804,439.20742011880805
2026-01-05T00:25:39.852314,BUY,B2USDT,31.0,,,22.279700000000002,1.7823760000000002,-1.7823760000000002,,439.20742011880805,437.42504411880805
2026-01-05T00:25:41.170944,BUY,B3USDT,22600.0,,,21.88358,1.094179,-1.094179,,437.42504411880805,436.33086511880805
2026-01-05T00:25:42.534393,BUY,BABYUSDT,1230.0,,,21.8817,0.8752679999999999,-0.8752679999999999,,436.33086511880805,435.45559711880804
2026-01-05T00:25:43.951134,BUY,BANANAS31USDT,5100.0,,,21.848399999999998,1.09242,-1.09242,,435.45559711880804,434.36317711880804
2026-01-05T00:25:45.208433,BUY,BANANAUSDT,2.78,,,21.7396,0.869584,-0.869584,,434.36317711880804,433.49359311880806
2026-01-05T01:40:55.485085,BUY,BANDUSDT,62.5,,,21.68125,0.86725,-0.86725,,433.49359311880806,432.62634311880805
2026-01-05T01:40:57.349776,BUY,BANUSDT,280.0,,,21.646800000000002,1.7317440000000002,-1.7317440000000002,,432.62634311880805,430.89459911880806
2026-01-05T01:40:59.222231,BUY,BARDUSDT,26.4,,,21.57408,0.43148159999999997,-0.43148159999999997,,430.89459911880806,430.4631175188081
2026-01-05T01:41:00.698476,BUY,BATUSDT,98.7,,,21.52647,0.8610588,-0.8610588,,430.4631175188081,429.60205871880805
2026-01-05T01:41:02.119342,BUY,BBUSDT,323.0,,,21.453660000000003,0.8581464000000001,-0.8581464000000001,,429.60205871880805,428.74391231880804
2026-01-05T01:41:03.417330,BUY,BEAMUSDT,7000.0,,,21.581,1.07905,-1.07905,,428.74391231880804,427.66486231880805
2026-01-05T01:41:04.951799,BUY,BIOUSDT,424.0,,,21.37808,0.4275616,-0.4275616,,427.66486231880805,427.23730071880806
2026-01-05T01:41:06.328169,BUY,BLUAIUSDT,3910.0,,,21.36033,1.0680165000000001,-1.0680165000000001,,427.23730071880806,426.16928421880806
2026-01-05T01:41:07.785196,BUY,BMTUSDT,850.0,,,21.3095,1.065475,-1.065475,,426.16928421880806,425.10380921880807
2026-01-05T01:41:09.543794,BUY,BOBBOBUSDT,1780.0,,,21.21582,1.060791,-1.060791,,425.10380921880807,424.0430182188081
2026-01-05T01:41:10.959892,BUY,BOMEUSDT,24900.0,,,21.207330000000002,0.42414660000000004,-0.42414660000000004,,424.0430182188081,423.6188716188081
2026-01-05T01:41:12.386857,BUY,BROCCOLIUSDT,734.0,,,21.188378,4.2376756,-4.2376756,,423.6188716188081,419.3811960188081
2026-01-05T01:41:13.727656,BUY,BRUSDT,342.0,,,20.95434,1.6763472,-1.6763472,,419.3811960188081,417.7048488188081
2026-01-05T01:41:15.045800,BUY,BTCUSDT,0.001,,,91.28760000000001,0.9128760000000001,-0.9128760000000001,,417.7048488188081,416.7919728188081
2026-01-05T01:45:48.126306,BUY,0GUSDT,50.6,,,49.95232,0.9990464,-0.9990464,,1000.0,999.0009536
2026-01-05T01:45:49.463727,BUY,1000000CHEEMSUSDT,48.0,,,50.3904,4.031232,-4.031232,,999.0009536,994.9697216
2026-01-05T01:45:51.019932,BUY,10000QUBICUSDT,7220.0,,,49.75302000000001,9.950604000000002,-9.950604000000002,,994.9697216,985.0191176
2026-01-05T01:45:52.478863,BUY,1000PEPEUSDT,6900.0,,,49.348800000000004,0.9869760000000001,-0.9869760000000001,,985.0191176,984.0321415999999
2026-01-05T01:45:53.969889,BUY,1000RATSUSDT,1130.0,,,49.279300000000006,2.4639650000000004,-2.4639650000000004,,984.0321415999999,981.5681765999999
2026-01-05T01:45:55.357192,BUY,1000XECUSDT,4220.0,,,49.0786,3.926288,-3.926288,,981.5681765999999,977.6418885999999
2026-01-05T01:45:56.740845,BUY,1000XUSDT,2350.0,,,48.950500000000005,9.7901,-9.7901,,977.6418885999999,967.8517885999998
2026-01-05T01:45:58.305299,BUY,1INCHUSDT,306.9,,,48.388923,1.93555692,-1.93555692,,967.8517885999998,965.9162316799999
2026-01-05T01:45:59.904705,BUY,2ZUSDT,378.0,,,48.259260000000005,0.9651852000000001,-0.9651852000000001,,965.9162316799999,964.95104648
2026-01-05T01:46:02.049097,BUY,ACXUSDT,894.0,,,48.249179999999996,2.4124589999999997,-2.4124589999999997,,964.95104648,962.5385874799999
2026-01-05T01:46:03.578062,BUY,ADAUSDT,121.0,,,48.2306,0.6430746666666667,-0.6430746666666667,,962.5385874799999,961.8955128133333
2026-01-05T01:46:05.124751,BUY,AEROUSDT,85.0,,,48.0505,1.92202,-1.92202,,961.8955128133333,959.9734928133333
2026-01-05T01:46:06.700402,BUY,AIOUSDT,430.0,,,47.7257,9.54514,-9.54514,,959.9734928133333,950.4283528133334
2026-01-05T01:46:08.155603,BUY,AIXBTUSDT,1170.0,,,47.6775,1.9071,-1.9071,,950.4283528133334,948.5212528133334
2026-01-05T01:46:09.522910,BUY,ALCHUSDT,412.0,,,47.39236,2.369618,-2.369618,,948.5212528133334,946.1516348133334
2026-01-05T01:46:10.985065,BUY,ALGOUSDT,349.1,,,47.303050000000006,0.9460610000000002,-0.9460610000000002,,946.1516348133334,945.2055738133334
2026-01-05T01:46:12.512702,BUY,ALICEUSDT,259.7,,,47.2654,2.36327,-2.36327,,945.2055738133334,942.8423038133335
2026-01-05T01:46:13.908382,BUY,ALPINEUSDT,76.6,,,47.15496,2.357748,-2.357748,,942.8423038133335,940.4845558133335
2026-01-05T01:46:15.298457,BUY,ANIMEUSDT,6396.0,,,47.023392,1.88093568,-1.88093568,,940.4845558133335,938.6036201333335
2026-01-05T01:46:16.737710,BUY,APEXUSDT,85.5,,,46.91385,1.8765539999999998,-1.8765539999999998,,938.6036201333335,936.7270661333334
2026-01-05T01:46:18.215119,BUY,APTUSDT,24.22,,,46.84148,0.9368295999999999,-0.9368295999999999,,936.7270661333334,935.7902365333334
2026-01-05T01:46:19.512812,BUY,ARCUSDT,1303.0,,,46.803760000000004,3.7443008000000004,-3.7443008000000004,,935.7902365333334,932.0459357333334
2026-01-05T01:46:21.051192,BUY,ARIAUSDT,627.0,,,46.59237,2.3296185,-2.3296185,,932.0459357333334,929.7163172333334
2026-01-05T01:46:22.482120,BUY,ARKMUSDT,213.0,,,46.5405,0.93081,-0.93081,,929.7163172333334,928.7855072333334
2026-01-05T01:46:23.800950,BUY,ARKUSDT,167.0,,,46.5095,1.8603800000000001,-1.8603800000000001,,928.7855072333334,926.9251272333335
2026-01-05T01:46:25.207607,BUY,ASTRUSDT,4197.0,,,46.351668,1.8540667199999998,-1.8540667199999998,,926.9251272333335,925.0710605133335
2026-01-05T01:46:26.556739,BUY,ATHUSDT,4470.0,,,46.25109,1.8500436,-1.8500436,,925.0710605133335,923.2210169133334
2026-01-05T01:46:28.323143,BUY,ATOMUSDT,19.8,,,46.1736,0.615648,-0.615648,,923.2210169133334,922.6053689133335
2026-01-05T01:46:29.768233,BUY,ATUSDT,271.0,,,46.2055,2.310275,-2.310275,,922.6053689133335,920.2950939133334
2026-01-05T01:46:31.205831,BUY,AVAXUSDT,3.2,,,45.5616,0.9112319999999999,-0.9112319999999999,,920.2950939133334,919.3838619133334
2026-01-05T01:46:32.597270,BUY,AXSUSDT,47.8,,,45.95014,0.9190027999999999,-0.9190027999999999,,919.3838619133334,918.4648591133333
2026-01-05T01:46:34.067872,BUY,BANUSDT,595.0,,,45.9578,3.676624,-3.676624,,918.4648591133333,914.7882351133334
2026-01-05T01:46:35.414048,BUY,BARDUSDT,56.0,,,45.757600000000004,0.9151520000000001,-0.9151520000000001,,914.7882351133334,913.8730831133333
2026-01-05T01:46:36.984323,BUY,BCHUSDT,0.07,,,44.66700000000001,0.8933400000000001,-0.8933400000000001,,913.8730831133333,912.9797431133334
2026-01-05T01:46:38.487196,BUY,BICOUSDT,987.2,,,45.64812800000001,2.2824064,-2.2824064,,912.9797431133334,910.6973367133334
2026-01-05T01:46:39.924777,BUY,BLASTUSDT,59010.0,,,45.538016999999996,2.2769008499999996,-2.2769008499999996,,910.6973367133334,908.4204358633334
2026-01-05T01:46:41.420895,BUY,BLESSUSDT,3490.0,,,45.43282,3.6346256,-3.6346256,,908.4204358633334,904.7858102633334
2026-01-05T01:46:42.915018,BUY,BLUAIUSDT,8320.0,,,45.23584,2.2617920000000002,-2.2617920000000002,,904.7858102633334,902.5240182633333
2026-01-05T01:46:44.387996,BUY,BLURUSDT,1448.0,,,45.11968,0.9023936,-0.9023936,,902.5240182633333,901.6216246633334
2026-01-05T01:46:45.920103,BUY,BNTUSDT,105.0,,,45.003,2.25015,-2.25015,,901.6216246633334,899.3714746633334
2026-01-05T01:46:47.566387,BUY,BOBBOBUSDT,3770.0,,,44.91578,2.245789,-2.245789,,899.3714746633334,897.1256856633335
2026-01-05T01:46:49.565945,BUY,BRUSDT,734.0,,,44.86942,3.5895536,-3.5895536,,897.1256856633335,893.5361320633334
2026-01-05T01:46:51.317335,BUY,BTCUSDT,0.001,,,91.25460000000001,0.9125460000000001,-0.9125460000000001,,893.5361320633334,892.6235860633334
2026-01-05T01:46:53.433999,BUY,BUSDT,214.0,,,44.67036,3.5736288000000003,-3.5736288000000003,,892.6235860633334,889.0499572633333
2026-01-05T01:46:55.226613,BUY,CATIUSDT,735.0,,,44.4381,2.221905,-2.221905,,889.0499572633333,886.8280522633333
2026-01-05T01:46:56.663349,BUY,CCUSDT,298.0,,,44.37816,1.7751264,-1.7751264,,886.8280522633333,885.0529258633334
2026-01-05T01:46:58.278987,BUY,CETUSUSDT,1626.0,,,44.243460000000006,1.7697384000000003,-1.7697384000000003,,885.0529258633334,883.2831874633333
2026-01-05T01:47:00.176829,BUY,CGPTUSDT,1310.0,,,44.1732,1.766928,-1.766928,,883.2831874633333,881.5162594633333
2026-01-05T01:47:01.606093,BUY,CHILLGUYUSDT,2035.0,,,44.065889999999996,2.2032944999999997,-2.2032944999999997,,881.5162594633333,879.3129649633333
2026-01-05T01:47:03.211674,BUY,CLANKERUSDT,1.27,,,43.929300000000005,2.1964650000000003,-2.1964650000000003,,879.3129649633333,877.1164999633334
2026-01-05T01:47:04.768669,BUY,COAIUSDT,101.0,,,43.9552,3.516416,-3.516416,,877.1164999633334,873.6000839633333
2026-01-05T01:47:06.275490,BUY,COMPUSDT,1.64,,,43.59119999999999,1.7436479999999996,-1.7436479999999996,,873.6000839633333,871.8564359633333
2026-01-05T01:47:07.863330,BUY,COOKUSDT,11290.0,,,43.590689999999995,8.718138,-8.718138,,871.8564359633333,863.1382979633333
2026-01-05T01:47:09.439421,BUY,CROSSUSDT,311.0,,,43.09527,2.1547635,-2.1547635,,863.1382979633333,860.9835344633334
2026-01-05T01:47:10.929628,BUY,CROUSDT,400.0,,,43.044,1.72176,-1.72176,,860.9835344633334,859.2617744633334
2026-01-05T01:47:12.510472,BUY,CRVUSDT,101.2,,,42.97964,0.8595928,-0.8595928,,859.2617744633334,858.4021816633334
2026-01-05T01:47:14.350325,BUY,CVCUSDT,963.0,,,42.911280000000005,2.1455640000000002,-2.1455640000000002,,858.4021816633334,856.2566176633334
2026-01-05T01:47:16.065403,BUY,CYSUSDT,105.0,,,42.7245,3.41796,-3.41796,,856.2566176633334,852.8386576633334
2026-01-05T01:47:17.578959,BUY,DEEPUSDT,1070.0,,,42.5111,1.700444,-1.700444,,852.8386576633334,851.1382136633334
2026-01-05T01:47:19.400957,BUY,DOLOUSDT,895.0,,,42.566199999999995,3.4052959999999994,-3.4052959999999994,,851.1382136633334,847.7329176633334
2026-01-05T01:47:20.915812,BUY,DOTUSDT,19.8,,,42.32844,0.8465688,-0.8465688,,847.7329176633334,846.8863488633334
2026-01-05T01:47:22.518949,BUY,DYDXUSDT,214.5,,,42.3423,0.846846,-0.846846,,846.8863488633334,846.0395028633334
2026-01-05T01:47:24.259344,BUY,DYMUSDT,551.8,,,42.300988,1.6920395199999998,-1.6920395199999998,,846.0395028633334,844.3474633433334
2026-01-05T01:47:25.794069,BUY,EDENUSDT,610.0,,,42.211999999999996,2.1106,-2.1106,,844.3474633433334,842.2368633433334
2026-01-05T01:47:27.315324,BUY,EGLDUSDT,6.79,,,42.098,1.6839199999999999,-1.6839199999999999,,842.2368633433334,840.5529433433335
2026-01-05T01:47:29.167752,BUY,EIGENUSDT,100.0,,,42.11,0.8422,-0.8422,,840.5529433433335,839.7107433433334
2026-01-05T01:47:30.754439,BUY,ENAUSDT,168.0,,,41.949600000000004,0.8389920000000001,-0.8389920000000001,,839.7107433433334,838.8717513433335
2026-01-05T01:47:32.245245,BUY,ENJUSDT,1352.6,,,41.944126,2.0972063,-2.0972063,,838.8717513433335,836.7745450433334
2026-01-05T01:47:33.863465,BUY,ENSUSDT,4.0,,,41.444,0.8288800000000001,-0.8288800000000001,,836.7745450433334,835.9456650433334
2026-01-05T01:47:36.013151,BUY,EPTUSDT,19790.0,,,41.79648,8.359296,-8.359296,,835.9456650433334,827.5863690433334
2026-01-05T01:47:38.016415,BUY,ESPORTSUSDT,94.0,,,41.5715,2.078575,-2.078575,,827.5863690433334,825.5077940433334
2026-01-05T01:47:39.672854,BUY,ESUSDT,374.0,,,41.22976,2.0614879999999998,-2.0614879999999998,,825.5077940433334,823.4463060433334
2026-01-05T01:47:41.128749,BUY,ETHFIUSDT,53.3,,,41.16892,1.6467568,-1.6467568,,823.4463060433334,821.7995492433333
2026-01-05T01:47:42.571858,BUY,ETHUSDT,0.01,,,31.359,0.31359000000000004,-0.31359000000000004,,821.7995492433333,821.4859592433334
2026-01-05T01:47:43.999534,BUY,EULUSDT,13.7,,,41.127399999999994,1.6450959999999997,-1.6450959999999997,,821.4859592433334,819.8408632433334
2026-01-05T01:47:45.437533,BUY,FFUSDT,431.0,,,41.02258,0.8204516,-0.8204516,,819.8408632433334,819.0204116433334
2026-01-05T01:47:47.211498,BUY,FILUSDT,27.5,,,40.91175,1.6364699999999999,-1.6364699999999999,,819.0204116433334,817.3839416433334
2026-01-05T01:47:48.644987,BUY,FLOCKUSDT,445.0,,,40.87325,1.63493,-1.63493,,817.3839416433334,815.7490116433333
2026-01-05T01:47:50.160939,BUY,FLRUSDT,3490.0,,,40.78763,2.0393815,-2.0393815,,815.7490116433333,813.7096301433334
2026-01-05T01:47:51.552425,BUY,FLUXUSDT,369.0,,,40.63797,2.0318985,-2.0318985,,813.7096301433334,811.6777316433333
2026-01-05T01:47:53.028384,BUY,FOLKSUSDT,10.05,,,40.59195,2.0295975,-2.0295975,,811.6777316433333,809.6481341433333
2026-01-05T01:47:54.552703,BUY,FUSDT,5610.0,,,40.48176,1.6192704,-1.6192704,,809.6481341433333,808.0288637433333
2026-01-05T01:47:55.943594,BUY,FWOGUSDT,2416.0,,,40.393104,8.0786208,-8.0786208,,808.0288637433333,799.9502429433334
2026-01-05T01:47:57.281296,BUY,GIGAUSDT,7940.0,,,39.99378,1.5997512,-1.5997512,,799.9502429433334,798.3504917433334
2026-01-05T01:47:59.110910,BUY,GMXUSDT,4.92,,,39.91104,1.995552,-1.995552,,798.3504917433334,796.3549397433334
2026-01-05T01:48:00.489386,BUY,GOATUSDT,928.0,,,39.839040000000004,0.7967808000000001,-0.7967808000000001,,796.3549397433334,795.5581589433334
2026-01-05T01:48:01.949271,BUY,GPSUSDT,6863.0,,,39.777948,1.9888974000000001,-1.9888974000000001,,795.5581589433334,793.5692615433334
2026-01-05T01:48:03.744948,BUY,GRASSUSDT,126.0,,,39.715199999999996,1.5886079999999998,-1.5886079999999998,,793.5692615433334,791.9806535433333
2026-01-05T01:48:05.138643,BUY,GRTUSDT,974.4,,,39.599616000000005,1.5839846400000002,-1.5839846400000002,,791.9806535433333,790.3966689033333
2026-01-05T01:48:06.946967,BUY,GUNUSDT,2773.0,,,39.51525,1.9757625,-1.9757625,,790.3966689033333,788.4209064033333
2026-01-05T01:48:08.430746,BUY,HANAUSDT,3320.0,,,39.3918,1.9695900000000002,-1.9695900000000002,,788.4209064033333,786.4513164033333
2026-01-05T01:48:09.859760,BUY,HBARUSDT,315.0,,,39.302550000000004,0.524034,-0.524034,,786.4513164033333,785.9272824033333
2026-01-05T01:48:11.295383,BUY,HEMIUSDT,2104.0,,,39.2922,1.571688,-1.571688,,785.9272824033333,784.3555944033333
2026-01-05T01:48:12.976861,BUY,HFTUSDT,1313.0,,,39.23244,2.3534757048590276,-2.3534757048590276,,784.3555944033333,782.0021186984742
2026-01-05T01:48:14.572087,BUY,HIPPOUSDT,32510.0,,,39.099776999999996,1.95498885,-1.95498885,,782.0021186984742,780.0471298484742
2026-01-05T01:48:15.953478,BUY,HMSTRUSDT,156450.0,,,39.002984999999995,1.5601193999999998,-1.5601193999999998,,780.0471298484742,778.4870104484743
2026-01-05T01:48:17.288223,BUY,HNTUSDT,24.82,,,38.925206,3.11401648,-3.11401648,,778.4870104484743,775.3729939684742
2026-01-05T01:48:18.750049,BUY,HOMEUSDT,1680.0,,,38.791199999999996,1.551648,-1.551648,,775.3729939684742,773.8213459684742
2026-01-05T01:48:20.103394,BUY,HPOS10IUSDT,784.0,,,38.68256,3.0946048000000004,-3.0946048000000004,,773.8213459684742,770.7267411684743
2026-01-05T01:48:21.467477,BUY,HUMAUSDT,1270.0,,,38.5445,1.54178,-1.54178,,770.7267411684743,769.1849611684743
2026-01-05T01:48:22.885554,BUY,HYPERUSDT,297.0,,,38.51793,1.5407172,-1.5407172,,769.1849611684743,767.6442439684743
2026-01-05T01:48:24.232467,BUY,ICNTUSDT,86.0,,,38.3474,1.91737,-1.91737,,767.6442439684743,765.7268739684743
2026-01-05T01:48:25.631936,BUY,IDEXUSDT,3810.0,,,38.33241,7.666482,-7.666482,,765.7268739684743,758.0603919684743
2026-01-05T01:48:27.055572,BUY,IMXUSDT,138.9,,,37.905809999999995,0.7581161999999999,-0.7581161999999999,,758.0603919684743,757.3022757684743
2026-01-05T01:48:28.478365,BUY,IOTAUSDT,372.9,,,37.860536999999994,1.5144214799999998,-1.5144214799999998,,757.3022757684743,755.7878542884743
2026-01-05T01:48:29.911848,BUY,IPUSDT,17.8,,,37.81076,0.7562152000000001,-0.7562152000000001,,755.7878542884743,755.0316390884742
2026-01-05T01:48:31.270049,BUY,IRYSUSDT,1050.0,,,37.7748,1.8887399999999999,-1.8887399999999999,,755.0316390884742,753.1428990884742
2026-01-05T01:48:32.787099,BUY,JSTUSDT,920.0,,,37.4624,1.498496,-1.498496,,753.1428990884742,751.6444030884742
2026-01-05T01:48:34.155405,BUY,JTOUSDT,77.4,,,37.593180000000004,0.7518636000000001,-0.7518636000000001,,751.6444030884742,750.8925394884742
2026-01-05T01:48:35.529287,BUY,KAITOUSDT,70.0,,,37.793000000000006,0.5039066666666667,-0.5039066666666667,,750.8925394884742,750.3886328218075
2026-01-05T01:48:36.923375,BUY,KASUSDT,760.0,,,37.422399999999996,0.7484479999999999,-0.7484479999999999,,750.3886328218075,749.6401848218075
2026-01-05T01:48:38.260654,BUY,KGENUSDT,186.0,,,37.386,1.8693000000000002,-1.8693000000000002,,749.6401848218075,747.7708848218075
2026-01-05T01:48:39.736573,BUY,KITEUSDT,401.0,,,37.38523,0.7477046,-0.7477046,,747.7708848218075,747.0231802218075
2026-01-05T01:48:41.293620,BUY,LABUSDT,275.0,,,37.323,1.49292,-1.49292,,747.0231802218075,745.5302602218075
2026-01-05T01:48:42.786575,BUY,LDOUSDT,59.2,,,37.296,0.74592,-0.74592,,745.5302602218075,744.7843402218075
2026-01-05T01:48:44.225549,BUY,LINKUSDT,2.8,,,37.4332,0.748664,-0.748664,,744.7843402218075,744.0356762218075
2026-01-05T01:48:45.828232,BUY,LTCUSDT,0.5,,,40.97,0.8194,-0.8194,,744.0356762218075,743.2162762218076
2026-01-05T01:48:47.185151,BUY,LUMIAUSDT,295.3,,,37.166458,1.8583228999999999,-1.8583228999999999,,743.2162762218076,741.3579533218076
2026-01-05T01:48:48.472131,BUY,LYNUSDT,260.0,,,37.0136,1.8506799999999999,-1.8506799999999999,,741.3579533218076,739.5072733218076
2026-01-05T01:48:49.908856,BUY,MAGICUSDT,372.0,,,37.01028,1.4804112,-1.4804112,,739.5072733218076,738.0268621218075
2026-01-05T01:48:51.359783,BUY,MANAUSDT,265.2,,,36.907883999999996,1.4763153599999999,-1.4763153599999999,,738.0268621218075,736.5505467618076
2026-01-05T01:48:52.856334,BUY,MANTAUSDT,441.9,,,36.827946,1.4731178399999998,-1.4731178399999998,,736.5505467618076,735.0774289218076
2026-01-05T01:48:54.222391,BUY,MASKUSDT,56.0,,,36.7248,1.468992,-1.468992,,735.0774289218076,733.6084369218077
2026-01-05T01:48:55.567675,BUY,MAVIAUSDT,533.6,,,36.679664,1.8339832,-1.8339832,,733.6084369218077,731.7744537218076
2026-01-05T01:48:57.046331,BUY,MEMEUSDT,29420.0,,,36.592596,0.73185192,-0.73185192,,731.7744537218076,731.0426018018076
2026-01-05T01:48:58.437570,BUY,MERLUSDT,144.7,,,36.551219999999994,1.4620487999999998,-1.4620487999999998,,731.0426018018076,729.5805530018075
2026-01-05T01:48:59.896244,BUY,METISUSDT,6.94,,,36.490520000000004,1.824526,-1.824526,,729.5805530018075,727.7560270018075
2026-01-05T01:49:01.341983,BUY,METUSDT,131.1,,,36.39336,0.7278672,-0.7278672,,727.7560270018075,727.0281598018075
2026-01-05T01:49:03.125031,BUY,MEWUSDT,32700.0,,,36.310080000000006,0.7262016000000001,-0.7262016000000001,,727.0281598018075,726.3019582018076
2026-01-05T01:49:04.488681,BUY,MIRAUSDT,240.6,,,36.311352,0.7262270399999999,-0.7262270399999999,,726.3019582018076,725.5757311618075
2026-01-05T01:49:06.032488,BUY,MOODENGUSDT,402.0,,,36.29658,0.7259316,-0.7259316,,725.5757311618075,724.8497995618076
2026-01-05T01:49:07.418737,BUY,MOVRUSDT,13.4,,,36.3006,1.8150300000000001,-1.8150300000000001,,724.8497995618076,723.0347695618076
2026-01-05T01:49:08.831119,BUY,MTLUSDT,95.5,,,36.16585,1.8082924999999999,-1.8082924999999999,,723.0347695618076,721.2264770618076
2026-01-05T01:49:10.208770,BUY,MUBARAKUSDT,1775.0,,,36.068000000000005,1.8034000000000003,-1.8034000000000003,,721.2264770618076,719.4230770618076
2026-01-05T01:49:11.636757,BUY,MYXUSDT,6.0,,,35.2386,1.409544,-1.409544,,719.4230770618076,718.0135330618076
2026-01-05T01:49:13.015672,BUY,NEARUSDT,20.9,,,35.98562,0.7197123999999999,-0.7197123999999999,,718.0135330618076,717.2938206618076
2026-01-05T01:49:14.647776,BUY,NEWTUSDT,345.0,,,35.86965,1.434786,-1.434786,,717.2938206618076,715.8590346618075
2026-01-05T01:49:16.119536,BUY,NILUSDT,470.0,,,35.828100000000006,1.7914050000000004,-1.7914050000000004,,715.8590346618075,714.0676296618075
2026-01-05T01:49:17.503174,BUY,NMRUSDT,3.5,,,35.791000000000004,1.4316400000000002,-1.4316400000000002,,714.0676296618075,712.6359896618075
2026-01-05T01:49:19.004161,BUY,NTRNUSDT,1228.0,,,35.62428,7.124855999999999,-7.124855999999999,,712.6359896618075,705.5111336618074
2026-01-05T01:49:20.405595,BUY,OGUSDT,6.2,,,35.166399999999996,2.813312,-2.813312,,705.5111336618074,702.6978216618074
2026-01-05T01:49:21.911646,BUY,ONEUSDT,8436.0,,,35.135940000000005,2.8108752000000004,-2.8108752000000004,,702.6978216618074,699.8869464618074
2026-01-05T01:49:23.370490,BUY,OPUSDT,110.0,,,35.001999999999995,0.7000399999999999,-0.7000399999999999,,699.8869464618074,699.1869064618074
2026-01-05T01:49:24.726617,BUY,ORCAUSDT,30.3,,,35.01468,1.4005872,-1.4005872,,699.1869064618074,697.7863192618074
2026-01-05T01:49:26.168048,BUY,ORDERUSDT,334.0,,,34.87294,2.0919580083983202,-2.0919580083983202,,697.7863192618074,695.694361253409
2026-01-05T01:49:27.630701,BUY,PENDLEUSDT,16.0,,,35.1232,1.404928,-1.404928,,695.694361253409,694.289433253409
2026-01-05T01:49:29.042600,BUY,PEOPLEUSDT,3028.0,,,34.712992,1.38851968,-1.38851968,,694.289433253409,692.9009135734091
2026-01-05T01:49:30.603533,BUY,PIEVERSEUSDT,48.0,,,34.569599999999994,1.3827839999999998,-1.3827839999999998,,692.9009135734091,691.518129573409
2026-01-05T01:49:31.974845,BUY,PNUTUSDT,359.0,,,34.56093,0.6912186,-0.6912186,,691.518129573409,690.8269109734091
2026-01-05T01:49:33.936030,BUY,POLUSDT,285.0,,,34.53345,0.460446,-0.460446,,690.8269109734091,690.366464973409
2026-01-05T01:49:35.362026,BUY,POLYXUSDT,576.0,,,34.51392,2.7611136,-2.7611136,,690.366464973409,687.605351373409
2026-01-05T01:49:36.730805,BUY,PONKEUSDT,556.0,,,34.38304,6.876608,-6.876608,,687.605351373409,680.728743373409
2026-01-05T01:49:38.207850,BUY,POPCATUSDT,312.0,,,34.02048,0.6804096,-0.6804096,,680.728743373409,680.048333773409
2026-01-05T01:49:39.679865,BUY,PORTALUSDT,1579.3,,,34.002329,1.7001164500000001,-1.7001164500000001,,680.048333773409,678.348217323409
2026-01-05T01:49:41.480098,BUY,PUMPFUNUSDT,14500.0,,,34.0025,0.45336666666666664,-0.45336666666666664,,678.348217323409,677.8948506567424
2026-01-05T01:49:42.934830,BUY,PYTHUSDT,502.0,,,33.9101,0.678202,-0.678202,,677.8948506567424,677.2166486567423
2026-01-05T01:49:44.359839,BUY,QNTUSDT,0.43,,,33.514199999999995,2.010449910017996,-2.010449910017996,,677.2166486567423,675.2061987467243
2026-01-05T01:49:45.838482,BUY,QUSDT,1890.0,,,33.747840000000004,1.6873920000000002,-1.6873920000000002,,675.2061987467243,673.5188067467243
2026-01-05T01:49:47.267558,BUY,RAVEUSDT,82.0,,,33.873380000000004,1.3549352000000001,-1.3549352000000001,,673.5188067467243,672.1638715467243
2026-01-05T01:49:48.797226,BUY,RAYDIUMUSDT,29.9,,,33.56873,1.3427492,-1.3427492,,672.1638715467243,670.8211223467243
2026-01-05T01:49:50.288297,BUY,REDUSDT,144.0,,,33.6096,0.672192,-0.672192,,670.8211223467243,670.1489303467243
2026-01-05T01:49:51.650329,BUY,RENDERUSDT,16.9,,,33.5465,0.67093,-0.67093,,670.1489303467243,669.4780003467243
2026-01-05T01:49:53.391868,BUY,REQUSDT,310.0,,,33.4614,2.6769119999999997,-2.6769119999999997,,669.4780003467243,666.8010883467243
2026-01-05T01:49:55.272473,BUY,RONINUSDT,231.4,,,33.33317,1.3333268,-1.3333268,,666.8010883467243,665.4677615467243
2026-01-05T01:49:56.765044,BUY,ROSEUSDT,2662.0,,,33.275,1.331,-1.331,,665.4677615467243,664.1367615467243
2026-01-05T01:49:58.483865,BUY,RSRUSDT,11660.0,,,33.207679999999996,1.3283071999999998,-1.3283071999999998,,664.1367615467243,662.8084543467243
2026-01-05T01:50:00.015249,BUY,RVNUSDT,4274.0,,,33.140595999999995,1.3256238399999998,-1.3256238399999998,,662.8084543467243,661.4828305067242
2026-01-05T01:50:01.679649,BUY,SANDUSDT,270.0,,,33.0291,0.660582,-0.660582,,661.4828305067242,660.8222485067242
2026-01-05T01:50:03.110053,BUY,SAPIENUSDT,204.0,,,33.1092,1.6554600000000002,-1.6554600000000002,,660.8222485067242,659.1667885067243
2026-01-05T01:50:04.546944,BUY,SCRTUSDT,300.4,,,32.956883999999995,1.6478441999999998,-1.6478441999999998,,659.1667885067243,657.5189443067243
2026-01-05T01:50:05.990301,BUY,SCRUSDT,415.7,,,32.873556,1.6436778,-1.6436778,,657.5189443067243,655.8752665067243
2026-01-05T01:50:07.391910,BUY,SCUSDT,19920.0,,,32.79828,1.6399139999999999,-1.6399139999999999,,655.8752665067243,654.2353525067243
2026-01-05T01:50:08.803927,BUY,SDUSDT,136.0,,,32.7216,6.544320000000001,-6.544320000000001,,654.2353525067243,647.6910325067244
2026-01-05T01:50:10.290285,BUY,SHELLUSDT,613.0,,,32.372530000000005,1.6186265000000002,-1.6186265000000002,,647.6910325067244,646.0724060067243
2026-01-05T01:50:11.728020,BUY,SHIB1000USDT,3580.0,,,32.2916,0.6458320000000001,-0.6458320000000001,,646.0724060067243,645.4265740067243
2026-01-05T01:50:13.095267,BUY,SIRENUSDT,428.0,,,32.2926,6.45852,-6.45852,,645.4265740067243,638.9680540067243
2026-01-05T01:50:15.139519,BUY,SLPUSDT,36860.0,,,31.950248000000002,1.5975124,-1.5975124,,638.9680540067243,637.3705416067243
2026-01-05T01:50:16.685356,BUY,SOLUSDT,0.2,,,26.756,0.26756,-0.26756,,637.3705416067243,637.1029816067243
2026-01-05T01:50:18.153613,BUY,SOMIUSDT,123.2,,,31.8472,0.6369440000000001,-0.6369440000000001,,637.1029816067243,636.4660376067243
2026-01-05T01:50:19.636499,BUY,SONICUSDT,395.0,,,31.78565,1.271426,-1.271426,,636.4660376067243,635.1946116067243
2026-01-05T01:50:21.209129,BUY,SOSOUSDT,58.0,,,32.0102,1.6005099999999999,-1.6005099999999999,,635.1946116067243,633.5941016067243
2026-01-05T01:50:22.794667,BUY,STBLUSDT,477.0,,,31.67757,1.2671028,-1.2671028,,633.5941016067243,632.3269988067243
2026-01-05T01:50:24.389519,BUY,STRKUSDT,351.0,,,31.61808,0.6323616,-0.6323616,,632.3269988067243,631.6946372067243
2026-01-05T01:50:25.802895,BUY,STXUSDT,88.8,,,31.59504,0.6319008,-0.6319008,,631.6946372067243,631.0627364067243
2026-01-05T01:50:27.237302,BUY,SUPERUSDT,139.0,,,31.539099999999998,1.261564,-1.261564,,631.0627364067243,629.8011724067243
2026-01-05T01:50:28.510726,BUY,SUSDT,345.0,,,31.498500000000003,0.62997,-0.62997,,629.8011724067243,629.1712024067243
2026-01-05T01:50:30.020642,BUY,SXPUSDT,484.6,,,31.455386,1.5727693,-1.5727693,,629.1712024067243,627.5984331067243
2026-01-05T01:50:31.504273,BUY,SXTUSDT,1158.0,,,31.37022,2.5096176,-2.5096176,,627.5984331067243,625.0888155067244
2026-01-05T01:50:33.065126,BUY,SYSUSDT,1569.0,,,31.25448,1.562724,-1.562724,,625.0888155067244,623.5260915067244
2026-01-05T01:50:34.439024,BUY,TAOUSDT,0.117,,,31.13136,0.6226272,-0.6226272,,623.5260915067244,622.9034643067243
2026-01-05T01:50:35.886748,BUY,THETAUSDT,104.1,,,31.15713,1.2462852,-1.2462852,,622.9034643067243,621.6571791067244
2026-01-05T01:50:37.284203,BUY,TLMUSDT,11823.0,,,31.082666999999997,2.4866133599999998,-2.4866133599999998,,621.6571791067244,619.1705657467244
2026-01-05T01:50:38.736615,BUY,TREEUSDT,275.3,,,30.962991000000002,1.23851964,-1.23851964,,619.1705657467244,617.9320461067243
2026-01-05T01:50:40.026294,BUY,TRUMPUSDT,5.7,,,30.700200000000002,0.614004,-0.614004,,617.9320461067243,617.3180421067243
2026-01-05T01:50:41.479970,BUY,TRXUSDT,105.0,,,30.849,0.41132,-0.41132,,617.3180421067243,616.9067221067243
2026-01-05T01:50:43.093457,BUY,TUTUSDT,1668.0,,,30.839651999999997,1.5419825999999999,-1.5419825999999999,,616.9067221067243,615.3647395067243
2026-01-05T01:50:44.635867,BUY,TWTUSDT,33.5,,,30.7329,1.229316,-1.229316,,615.3647395067243,614.1354235067242
2026-01-05T01:50:46.005583,BUY,UAIUSDT,200.0,,,30.774,1.23096,-1.23096,,614.1354235067242,612.9044635067243
2026-01-05T01:50:47.499390,BUY,UNIUSDT,5.3,,,30.8884,0.617768,-0.617768,,612.9044635067243,612.2866955067243
2026-01-05T01:50:49.443650,BUY,USUALUSDT,1098.0,,,30.623220000000003,1.2249288,-1.2249288,,612.2866955067243,611.0617667067243
2026-01-05T01:50:50.801160,BUY,USUSDT,4700.0,,,30.5688,1.222752,-1.222752,,611.0617667067243,609.8390147067242
2026-01-05T01:50:52.443453,BUY,VIRTUALUSDT,34.0,,,30.6952,0.613904,-0.613904,,609.8390147067242,609.2251107067242
2026-01-05T01:50:53.857523,BUY,VVVUSDT,15.98,,,30.461076,1.5230538,-1.5230538,,609.2251107067242,607.7020569067242
2026-01-05T01:50:55.452230,BUY,WALUSDT,220.0,,,30.329200000000004,1.2131680000000002,-1.2131680000000002,,607.7020569067242,606.4888889067242
2026-01-05T01:50:56.963926,BUY,WETUSDT,162.0,,,30.26808,0.6053616,-0.6053616,,606.4888889067242,605.8835273067242
2026-01-05T01:50:58.482445,BUY,WOOUSDT,1056.7,,,30.295589000000003,1.5147794500000002,-1.5147794500000002,,605.8835273067242,604.3687478567242
2026-01-05T01:50:59.931182,BUY,XAIUSDT,1691.0,,,30.21817,1.2087268,-1.2087268,,604.3687478567242,603.1600210567242
2026-01-05T01:51:01.394272,BUY,XANUSDT,1730.0,,,30.1539,1.206156,-1.206156,,603.1600210567242,601.9538650567242
2026-01-05T01:51:03.283347,BUY,XCHUSDT,6.27,,,30.11481,6.022962,-6.022962,,601.9538650567242,595.9309030567242
2026-01-05T01:51:04.784760,BUY,XLMUSDT,128.0,,,29.75872,0.5951744,-0.5951744,,595.9309030567242,595.3357286567242
2026-01-05T01:51:06.220315,BUY,XMRUSDT,0.07,,,29.389500000000005,1.1755800000000003,-1.1755800000000003,,595.3357286567242,594.1601486567242
2026-01-05T01:51:07.657617,BUY,XPLUSDT,155.0,,,29.698,0.39597333333333334,-0.39597333333333334,,594.1601486567242,593.7641753233909
2026-01-05T01:51:09.108785,BUY,YBUSDT,66.8,,,29.68592,1.1874368,-1.1874368,,593.7641753233909,592.5767385233909
2026-01-05T01:51:10.596535,BUY,YGGUSDT,407.5,,,29.62525,1.1850100000000001,-1.1850100000000001,,592.5767385233909,591.3917285233908
2026-01-05T01:51:11.936165,BUY,ZECUSDT,0.06,,,30.1296,1.205184,-1.205184,,591.3917285233908,590.1865445233908
2026-01-05T01:51:13.595467,BUY,ZENUSDT,3.2,,,29.270400000000002,1.170816,-1.170816,,590.1865445233908,589.0157285233909
2026-01-05T01:51:15.038858,BUY,ZEREBROUSDT,1054.0,,,29.44876,2.3559008,-2.3559008,,589.0157285233909,586.6598277233909
2026-01-05T01:51:16.530607,BUY,ZETAUSDT,381.0,,,29.306520000000003,1.1722608,-1.1722608,,586.6598277233909,585.4875669233909
2026-01-05T01:51:17.919157,BUY,ZKUSDT,895.8,,,29.274744,1.1709897599999999,-1.1709897599999999,,585.4875669233909,584.3165771633909
2026-01-05T01:51:19.352520,BUY,ZORAUSDT,680.0,,,29.404560000000004,1.1761824,-1.1761824,,584.3165771633909,583.1403947633909
2026-01-05T01:51:20.729030,BUY,ZROUSDT,20.8,,,29.090880000000002,1.1636352,-1.1636352,,583.1403947633909,581.9767595633908
2026-01-05T01:51:22.070806,BUY,ZRXUSDT,200.0,,,29.098000000000003,1.4549,-1.4549,,581.9767595633908,580.5218595633909
2026-01-05T01:52:24.331602,BUY,0GUSDT,29.4,,,29.02956,0.5805912,-0.5805912,,580.5218595633909,579.9412683633909
2026-01-05T01:52:26.740876,BUY,1000000CHEEMSUSDT,28.0,,,29.380399999999998,2.3504319999999996,-2.3504319999999996,,579.9412683633909,577.590836363391
2026-01-05T01:52:28.400472,BUY,10000QUBICUSDT,4210.0,,,28.89744,5.779488,-5.779488,,577.590836363391,571.811348363391
2026-01-05T01:52:30.158119,BUY,1000PEPEUSDT,4000.0,,,28.628,0.57256,-0.57256,,571.811348363391,571.238788363391
2026-01-05T01:52:31.629202,BUY,1000RATSUSDT,650.0,,,28.3855,1.419275,-1.419275,,571.238788363391,569.819513363391
2026-01-05T01:52:33.331962,BUY,1000XECUSDT,2450.0,,,28.46655,2.277324,-2.277324,,569.819513363391,567.542189363391
2026-01-05T01:52:35.254482,BUY,1000XUSDT,1360.0,,,28.3288,5.665760000000001,-5.665760000000001,,567.542189363391,561.876429363391
2026-01-05T01:52:36.796854,BUY,1INCHUSDT,178.2,,,28.091448,1.12365792,-1.12365792,,561.876429363391,560.752771443391
2026-01-05T01:52:38.271900,BUY,2ZUSDT,219.0,,,28.0101,0.560202,-0.560202,,560.752771443391,560.192569443391
2026-01-05T01:52:39.902942,BUY,ACXUSDT,520.0,,,28.028000000000002,1.4014000000000002,-1.4014000000000002,,560.192569443391,558.791169443391
2026-01-05T01:52:41.447425,BUY,ADAUSDT,70.0,,,27.951,0.37268,-0.37268,,558.791169443391,558.4184894433911
2026-01-05T01:52:43.038221,BUY,AEROUSDT,49.0,,,27.6556,1.106224,-1.106224,,558.4184894433911,557.3122654433911
2026-01-05T01:52:44.672347,BUY,AIOUSDT,250.0,,,27.752499999999998,5.5504999999999995,-5.5504999999999995,,557.3122654433911,551.7617654433911
2026-01-05T01:52:46.289832,BUY,AIXBTUSDT,680.0,,,27.7712,1.110848,-1.110848,,551.7617654433911,550.6509174433911
2026-01-05T01:52:47.880968,BUY,ALCHUSDT,239.0,,,27.492169999999998,1.3746085,-1.3746085,,550.6509174433911,549.2763089433911
2026-01-05T01:52:49.439473,BUY,ALGOUSDT,202.4,,,27.46568,0.5493136,-0.5493136,,549.2763089433911,548.7269953433911
2026-01-05T01:52:50.987604,BUY,ALICEUSDT,150.7,,,27.44247,1.3721235,-1.3721235,,548.7269953433911,547.354871843391
2026-01-05T01:52:52.951498,BUY,ALPINEUSDT,44.4,,,27.390359999999998,1.3695179999999998,-1.3695179999999998,,547.354871843391,545.9853538433911
2026-01-05T01:52:54.534090,BUY,ANIMEUSDT,3700.0,,,27.2986,1.091944,-1.091944,,545.9853538433911,544.893409843391
2026-01-05T01:52:56.107984,BUY,APEXUSDT,49.6,,,27.230400000000003,1.0892160000000002,-1.0892160000000002,,544.893409843391,543.8041938433911
2026-01-05T01:52:57.721328,BUY,APTUSDT,14.04,,,27.19548,0.5439096,-0.5439096,,543.8041938433911,543.2602842433911
2026-01-05T01:52:59.478113,BUY,ARCUSDT,755.0,,,27.1649,2.173192,-2.173192,,543.2602842433911,541.0870922433911
2026-01-05T01:53:00.986934,BUY,ARIAUSDT,364.0,,,27.056119999999996,1.3528059999999997,-1.3528059999999997,,541.0870922433911,539.7342862433911
2026-01-05T01:53:02.442494,BUY,ARKMUSDT,123.0,,,26.8878,0.537756,-0.537756,,539.7342862433911,539.1965302433912
2026-01-05T01:53:04.312268,BUY,ARKUSDT,97.0,,,27.0727,1.082908,-1.082908,,539.1965302433912,538.1136222433912
2026-01-05T01:53:05.879517,BUY,ASTRUSDT,2438.0,,,26.908206,1.07632824,-1.07632824,,538.1136222433912,537.0372940033913
2026-01-05T01:53:07.525455,BUY,ATHUSDT,2590.0,,,26.845349999999996,1.0738139999999998,-1.0738139999999998,,537.0372940033913,535.9634800033913
2026-01-05T01:53:09.065417,BUY,ATUSDT,157.0,,,26.803040000000003,1.3401520000000002,-1.3401520000000002,,535.9634800033913,534.6233280033913
2026-01-05T01:53:10.727940,BUY,AVAXUSDT,1.9,,,27.037,0.54074,-0.54074,,534.6233280033913,534.0825880033913
2026-01-05T01:53:12.721879,BUY,AXSUSDT,27.8,,,26.724140000000002,0.5344828,-0.5344828,,534.0825880033913,533.5481052033913
2026-01-05T01:53:14.358581,BUY,BANUSDT,346.0,,,26.7112,2.136896,-2.136896,,533.5481052033913,531.4112092033913
2026-01-05T01:53:15.862573,BUY,BARDUSDT,32.5,,,26.559,0.53118,-0.53118,,531.4112092033913,530.8800292033914
2026-01-05T01:53:17.467292,BUY,BCHUSDT,0.04,,,25.560000000000002,0.5112000000000001,-0.5112000000000001,,530.8800292033914,530.3688292033913
2026-01-05T01:53:19.061037,BUY,BICOUSDT,573.1,,,26.517337,1.3258668500000002,-1.3258668500000002,,530.3688292033913,529.0429623533913
2026-01-05T01:53:20.564803,BUY,BLASTUSDT,34270.0,,,26.453013,1.32265065,-1.32265065,,529.0429623533913,527.7203117033913
2026-01-05T01:53:22.046228,BUY,BLESSUSDT,2030.0,,,26.410300000000003,2.1128240000000003,-2.1128240000000003,,527.7203117033913,525.6074877033913
2026-01-05T01:53:24.428170,BUY,BLUAIUSDT,4860.0,,,26.28774,1.314387,-1.314387,,525.6074877033913,524.2931007033912
2026-01-05T01:53:25.913863,BUY,BLURUSDT,840.0,,,26.1996,0.523992,-0.523992,,524.2931007033912,523.7691087033912
2026-01-05T01:53:27.497787,BUY,BNTUSDT,61.0,,,26.169,1.3084500000000001,-1.3084500000000001,,523.7691087033912,522.4606587033912
2026-01-05T01:53:29.002354,BUY,BOBBOBUSDT,2190.0,,,26.111369999999997,1.3055685,-1.3055685,,522.4606587033912,521.1550902033912
2026-01-05T01:53:30.470705,BUY,BRUSDT,426.0,,,26.05842,2.0846736000000003,-2.0846736000000003,,521.1550902033912,519.0704166033912
2026-01-05T01:53:32.006892,BUY,BTCUSDT,0.001,,,91.39210000000001,0.9139210000000001,-0.9139210000000001,,519.0704166033912,518.1564956033912
2026-01-05T01:53:33.511198,BUY,BUSDT,125.0,,,26.0075,2.0806,-2.0806,,518.1564956033912,516.0758956033912
2026-01-05T01:53:35.233492,BUY,CATIUSDT,427.0,,,25.78226,1.289113,-1.289113,,516.0758956033912,514.7867826033912
2026-01-05T01:53:36.667040,BUY,CCUSDT,172.0,,,25.679599999999997,1.0271839999999999,-1.0271839999999999,,514.7867826033912,513.7595986033912
2026-01-05T01:53:38.211969,BUY,CETUSUSDT,944.0,,,25.6768,1.027072,-1.027072,,513.7595986033912,512.7325266033912
2026-01-05T01:53:39.705031,BUY,CGPTUSDT,758.0,,,25.64314,1.0257256,-1.0257256,,512.7325266033912,511.7068010033912
2026-01-05T01:53:41.163933,BUY,CHILLGUYUSDT,1179.0,,,25.578405,1.27892025,-1.27892025,,511.7068010033912,510.4278807533912
2026-01-05T01:53:42.835628,BUY,CLANKERUSDT,0.74,,,25.604,1.2802,-1.2802,,510.4278807533912,509.1476807533912
2026-01-05T01:53:44.449745,BUY,COAIUSDT,59.0,,,25.6296,2.050368,-2.050368,,509.1476807533912,507.09731275339124
2026-01-05T01:53:45.682392,SELL,COMPUSDT,1.64,,26.6,43.624,1.7436479999999996,0.03280000000000882,6.65676385,507.09731275339124,508.87376075339125
2026-01-05T01:53:48.436864,BUY,COOKUSDT,6650.0,,,25.4562,5.09124,-5.09124,,508.87376075339125,503.7825207533912
2026-01-05T01:53:50.094344,BUY,CROSSUSDT,182.0,,,25.21792,1.260896,-1.260896,,503.7825207533912,502.5216247533912
2026-01-05T01:53:51.524463,BUY,CROUSDT,233.0,,,25.1407,1.005628,-1.005628,,502.5216247533912,501.5159967533912
2026-01-05T01:53:52.648851,SELL,CRVUSDT,101.2,,0.4254,43.05048,0.8595928,0.0708399999999969,6.668972983333333,501.5159967533912,502.4464295533912
2026-01-05T01:53:54.688499,BUY,CVCUSDT,563.0,,,25.1098,1.25549,-1.25549,,502.4464295533912,501.1909395533912
2026-01-05T01:53:56.289595,BUY,CYSUSDT,62.0,,,25.233999999999998,2.01872,-2.01872,,501.1909395533912,499.17221955339124
2026-01-05T01:53:58.076038,BUY,DEEPUSDT,630.0,,,25.0992,1.003968,-1.003968,,499.17221955339124,498.16825155339126
2026-01-05T01:54:00.207335,BUY,DOLOUSDT,522.0,,,24.90984,1.9927872,-1.9927872,,498.16825155339126,496.17546435339125
2026-01-05T01:54:01.778596,BUY,DOTUSDT,11.6,,,24.81472,0.4962944,-0.4962944,,496.17546435339125,495.67916995339124
2026-01-05T01:54:03.460969,BUY,DYDXUSDT,125.5,,,24.786250000000003,0.495725,-0.495725,,495.67916995339124,495.18344495339124
2026-01-05T01:54:05.017565,BUY,DYMUSDT,322.8,,,24.758760000000002,0.9903504000000001,-0.9903504000000001,,495.18344495339124,494.19309455339123
2026-01-05T01:54:06.552332,BUY,EDENUSDT,356.0,,,24.677920000000004,1.233896,-1.233896,,494.19309455339123,492.9591985533912
2026-01-05T01:54:08.145301,BUY,EGLDUSDT,3.97,,,24.62988,0.9851952,-0.9851952,,492.9591985533912,491.9740033533912
2026-01-05T01:54:09.990824,BUY,EIGENUSDT,58.0,,,24.4296,0.488592,-0.488592,,491.9740033533912,491.4854113533912
2026-01-05T01:54:11.965972,BUY,ENAUSDT,98.0,,,24.5098,0.49019599999999997,-0.49019599999999997,,491.4854113533912,490.9952153533912
2026-01-05T01:54:13.584738,BUY,ENJUSDT,790.4,,,24.549824,1.2274912,-1.2274912,,490.9952153533912,489.7677241533912
2026-01-05T01:54:15.118172,BUY,ENSUSDT,2.4,,,24.919199999999996,0.49838399999999994,-0.49838399999999994,,489.7677241533912,489.2693401533912
2026-01-05T01:54:16.789040,BUY,EPTUSDT,11550.0,,,24.4629,4.892580000000001,-4.892580000000001,,489.2693401533912,484.3767601533912
2026-01-05T01:54:18.285096,BUY,ESPORTSUSDT,55.0,,,24.3705,1.218525,-1.218525,,484.3767601533912,483.1582351533912
2026-01-05T01:54:19.881667,BUY,ESUSDT,219.0,,,24.17322,1.208661,-1.208661,,483.1582351533912,481.9495741533912
2026-01-05T01:54:21.425225,BUY,ETHFIUSDT,31.2,,,24.13008,0.9652031999999999,-0.9652031999999999,,481.9495741533912,480.9843709533912
2026-01-05T01:54:23.180240,BUY,ETHUSDT,0.01,,,31.403000000000002,0.31403000000000003,-0.31403000000000003,,480.9843709533912,480.6703409533912
2026-01-05T01:54:24.679387,BUY,EULUSDT,8.0,,,24.096,0.96384,-0.96384,,480.6703409533912,479.7065009533912
2026-01-05T01:54:26.232141,BUY,FFUSDT,252.0,,,23.98536,0.4797072,-0.4797072,,479.7065009533912,479.2267937533912
2026-01-05T01:54:27.336419,SELL,FILUSDT,27.5,,1.4907,40.99425,1.6364699999999999,0.08250000000000313,6.668732,479.2267937533912,480.9457637533912
2026-01-05T01:54:29.176130,BUY,FLOCKUSDT,261.0,,,24.0642,0.962568,-0.962568,,480.9457637533912,479.9831957533912
2026-01-05T01:54:30.681448,BUY,FLRUSDT,2050.0,,,24.0219,1.201095,-1.201095,,479.9831957533912,478.7821007533912
2026-01-05T01:54:32.766272,BUY,FLUXUSDT,217.0,,,23.889529999999997,1.1944765,-1.1944765,,478.7821007533912,477.5876242533912
2026-01-05T01:54:34.255285,BUY,FOLKSUSDT,5.91,,,23.89413,1.1947065000000001,-1.1947065000000001,,477.5876242533912,476.3929177533912
2026-01-05T01:54:35.704564,BUY,FUSDT,3296.0,,,23.816896,0.9526758399999999,-0.9526758399999999,,476.3929177533912,475.4402419133912
2026-01-05T01:54:37.249969,BUY,FWOGUSDT,1428.0,,,23.76906,4.753812,-4.753812,,475.4402419133912,470.68642991339124
2026-01-05T01:54:38.672803,BUY,GIGAUSDT,4670.0,,,23.55081,0.9420324,-0.9420324,,470.68642991339124,469.7443975133912
